Unity Editor version:    6000.2.14f1 (589824c1fc31)
Branch:                  6000.2/staging
Build type:              Release
Batch mode:              YES
macOS version:           Version 26.2 (Build 25C56)
Darwin version:          25.2.0
Architecture:            arm64
Running under Rosetta:   NO
Available memory:        24576 MB
Date:                    2026-01-29T14:22:04Z
[Licensing::Module] Trying to connect to existing licensing client channel...
[Licensing::IpcConnector] Successfully connected to: "LicenseClient-justuskopke" at "2026-01-29T14:22:04.961593Z"

COMMAND LINE ARGUMENTS:
/Applications/Unity/Hub/Editor/6000.2.14f1/Unity.app/Contents/MacOS/Unity
-adb2
-batchMode
-noUpm
-name
AssetImportWorker3
-projectPath
/Users/justuskopke/Documents/car-game
-logFile
Logs/AssetImportWorker3.log
-srvPort
56587
-licensingIpc
LicenseClient-justuskopke
-job-worker-count
5
-background-job-worker-count
8
-gc-helper-count
1
-name AssetImport
Successfully changed project path to: /Users/justuskopke/Documents/car-game
/Users/justuskopke/Documents/car-game
[UnityMemory] Configuration Parameters - Can be set up in boot.config
    "memorysetup-allocator-temp-initial-block-size-main=262144"
    "memorysetup-allocator-temp-initial-block-size-worker=262144"
    "memorysetup-bucket-allocator-granularity=16"
    "memorysetup-bucket-allocator-bucket-count=8"
    "memorysetup-bucket-allocator-block-size=33554432"
    "memorysetup-bucket-allocator-block-count=8"
    "memorysetup-main-allocator-block-size=16777216"
    "memorysetup-thread-allocator-block-size=16777216"
    "memorysetup-gfx-main-allocator-block-size=16777216"
    "memorysetup-gfx-thread-allocator-block-size=16777216"
    "memorysetup-cache-allocator-block-size=4194304"
    "memorysetup-typetree-allocator-block-size=2097152"
    "memorysetup-profiler-bucket-allocator-granularity=16"
    "memorysetup-profiler-bucket-allocator-bucket-count=8"
    "memorysetup-profiler-bucket-allocator-block-size=33554432"
    "memorysetup-profiler-bucket-allocator-block-count=8"
    "memorysetup-profiler-allocator-block-size=16777216"
    "memorysetup-profiler-editor-allocator-block-size=1048576"
    "memorysetup-temp-allocator-size-main=16777216"
    "memorysetup-job-temp-allocator-block-size=2097152"
    "memorysetup-job-temp-allocator-block-size-background=1048576"
    "memorysetup-job-temp-allocator-reduction-small-platforms=262144"
    "memorysetup-temp-allocator-size-background-worker=32768"
    "memorysetup-temp-allocator-size-job-worker=262144"
    "memorysetup-temp-allocator-size-preload-manager=33554432"
    "memorysetup-temp-allocator-size-nav-mesh-worker=65536"
    "memorysetup-temp-allocator-size-audio-worker=65536"
    "memorysetup-temp-allocator-size-cloud-worker=32768"
    "memorysetup-temp-allocator-size-gi-baking-worker=262144"
    "memorysetup-temp-allocator-size-gi-baking-worker=262144"
    "memorysetup-temp-allocator-size-gi-baking-worker=262144"
    "memorysetup-temp-allocator-size-gi-baking-worker=262144"
    "memorysetup-temp-allocator-size-gi-baking-worker=262144"
    "memorysetup-temp-allocator-size-gfx=262144"
Player connection [8587996224]  Target information:

Player connection [8587996224]  * "[IP] 127.51.68.120 [Port] 0 [Flags] 2 [Guid] 3481834822 [EditorId] 3481834822 [Version] 1048832 [Id] OSXEditor(0,MacBook-Pro-von-Justus.local) [Debug] 1 [PackageName] OSXEditor [ProjectName] Editor" 

Player connection [8587996224]  * "[IP] 192.0.0.2 [Port] 0 [Flags] 2 [Guid] 3481834822 [EditorId] 3481834822 [Version] 1048832 [Id] OSXEditor(0,MacBook-Pro-von-Justus.local) [Debug] 1 [PackageName] OSXEditor [ProjectName] Editor" 

Player connection [8587996224] Host joined multi-casting on [225.0.0.222:54997]...
Player connection [8587996224] Host joined alternative multi-casting on [225.0.0.222:34997]...
JobSystem: Creating JobQueue using job-worker-count value 5
Input System module state changed to: Initialized.
[Physics::Module] Initialized fallback backend.
[Physics::Module] Id: 0xdecafbad
Library Redirect Path: Library/
[Physics::Module] Selected backend.
[Physics::Module] Name: PhysX
[Physics::Module] Id: 0xf2b8ea05
[Physics::Module] SDK Version: 4.1.2
[Physics::Module] Integration Version: 1.0.0
[Physics::Module] Threading Mode: Multi-Threaded
Refreshing native plugins compatible for Editor in 2.00 ms, found 1 plugins.
Preloading 0 native plugins for Editor in 0.00 ms.
Initialize engine version: 6000.2.14f1 (589824c1fc31)
[Subsystems] Discovering subsystems at path /Applications/Unity/Hub/Editor/6000.2.14f1/Unity.app/Contents/Resources/UnitySubsystems
[Subsystems] Discovering subsystems at path /Users/justuskopke/Documents/car-game/Assets
GfxDevice: creating device client; kGfxThreadingModeNonThreaded
 preferred device: Apple M4 Pro (high power)
Metal devices available: 1
0: Apple M4 Pro (high power)
Using device Apple M4 Pro (high power)
Initializing Metal device caps: Apple M4 Pro
Mac GPU Family: 2
Apple GPU Family: 9
MSL Version: 3.0
Has Float MSAA: 1
Has Float Filtering: 1
ReadWrite Texture Tier: 2
Initialize mono
Mono path[0] = '/Applications/Unity/Hub/Editor/6000.2.14f1/Unity.app/Contents/Managed'
Mono path[1] = '/Applications/Unity/Hub/Editor/6000.2.14f1/Unity.app/Contents/MonoBleedingEdge/lib/mono/unityjit-macos'
Mono config path = '/Applications/Unity/Hub/Editor/6000.2.14f1/Unity.app/Contents/MonoBleedingEdge/etc'
Using monoOptions --debugger-agent=transport=dt_socket,embedding=1,server=y,suspend=n,address=127.0.0.1:56477
Begin MonoManager ReloadAssembly
Registering precompiled unity dll's ...
Register platform support module: /Applications/Unity/Hub/Editor/6000.2.14f1/Unity.app/Contents/PlaybackEngines/MacStandaloneSupport/UnityEditor.OSXStandalone.Extensions.dll
Registered in 0.000346 seconds.
- Loaded All Assemblies, in  0.212 seconds
Native extension for OSXStandalone target not found
Mono: successfully reloaded assembly
- Finished resetting the current domain, in  0.208 seconds
Domain Reload Profiling: 419ms
	BeginReloadAssembly (83ms)
		ExecutionOrderSort (0ms)
		DisableScriptedObjects (0ms)
		BackupInstance (0ms)
		ReleaseScriptingObjects (0ms)
		CreateAndSetChildDomain (0ms)
	RebuildCommonClasses (19ms)
	RebuildNativeTypeToScriptingClass (7ms)
	initialDomainReloadingComplete (21ms)
	LoadAllAssembliesAndSetupDomain (82ms)
		LoadAssemblies (83ms)
		RebuildTransferFunctionScriptingTraits (0ms)
		AnalyzeDomain (81ms)
			TypeCache.Refresh (79ms)
				TypeCache.ScanAssembly (71ms)
			BuildScriptInfoCaches (0ms)
			ResolveRequiredComponents (1ms)
	FinalizeReload (208ms)
		ReleaseScriptCaches (0ms)
		RebuildScriptCaches (0ms)
		SetupLoadedEditorAssemblies (187ms)
			LogAssemblyErrors (0ms)
			InitializePlatformSupportModulesInManaged (19ms)
			SetLoadedEditorAssemblies (3ms)
			BeforeProcessingInitializeOnLoad (58ms)
			ProcessInitializeOnLoadAttributes (80ms)
			ProcessInitializeOnLoadMethodAttributes (27ms)
			AfterProcessingInitializeOnLoad (0ms)
			EditorAssembliesLoaded (0ms)
		ExecutionOrderSort2 (0ms)
		AwakeInstancesAfterBackupRestoration (0ms)
[Licensing::Client] Handshaking with LicensingClient:
  Version:                 1.17.4+4293ba1
  Session Id:              e077b8a14f5b46649427ed213ba35622
  Correlation Id:          b87f0c23600e0cde5e817db6b87b2916
  External correlation Id: 5640252515772489394
  Machine Id:              WTxEPUq/gL/zQjS16cSUnyjyOXk=
[Licensing::Module] Successfully connected to LicensingClient on channel: "LicenseClient-justuskopke" (connect: 0.00s, validation: 0.00s, handshake: 0.82s)
[Licensing::IpcConnector] Successfully connected to: "LicenseClient-justuskopke-notifications" at "2026-01-29T14:22:05.781999Z"
[Licensing::Module] Licensing Background thread has ended after 0.82s
[CoreBusinessMetrics] Unexpected thread when updating session info.
========================================================================
Worker process is ready to serve import requests
Import Worker Mode flag is 0x00
Begin MonoManager ReloadAssembly
[Licensing::Client] Successfully resolved entitlement details
[Licensing::Module] License group:
  Id: 5773601527044-UnityPersXXXX
  Product: Unity Personal
  Type: Assigned
  Expiration: Unlimited
- Loaded All Assemblies, in  0.309 seconds
Refreshing native plugins compatible for Editor in 0.24 ms, found 1 plugins.
Native extension for OSXStandalone target not found
Package Manager log level set to [2]
[Package Manager] Failed to launch server process. Reason: Unity was launched with the -noUpm command-line argument
[Package Manager] Unable to send message (not connected to server process).
[Package Manager] Cannot connect to Unity Package Manager local server
Mono: successfully reloaded assembly
- Finished resetting the current domain, in  0.313 seconds
Domain Reload Profiling: 622ms
	BeginReloadAssembly (64ms)
		ExecutionOrderSort (0ms)
		DisableScriptedObjects (3ms)
		BackupInstance (0ms)
		ReleaseScriptingObjects (0ms)
		CreateAndSetChildDomain (12ms)
	RebuildCommonClasses (18ms)
	RebuildNativeTypeToScriptingClass (6ms)
	initialDomainReloadingComplete (15ms)
	LoadAllAssembliesAndSetupDomain (207ms)
		LoadAssemblies (152ms)
		RebuildTransferFunctionScriptingTraits (0ms)
		AnalyzeDomain (84ms)
			TypeCache.Refresh (70ms)
				TypeCache.ScanAssembly (61ms)
			BuildScriptInfoCaches (10ms)
			ResolveRequiredComponents (2ms)
	FinalizeReload (313ms)
		ReleaseScriptCaches (0ms)
		RebuildScriptCaches (0ms)
		SetupLoadedEditorAssemblies (262ms)
			LogAssemblyErrors (0ms)
			InitializePlatformSupportModulesInManaged (1ms)
			SetLoadedEditorAssemblies (2ms)
			BeforeProcessingInitializeOnLoad (67ms)
			ProcessInitializeOnLoadAttributes (181ms)
			ProcessInitializeOnLoadMethodAttributes (10ms)
			AfterProcessingInitializeOnLoad (1ms)
			EditorAssembliesLoaded (0ms)
		ExecutionOrderSort2 (0ms)
		AwakeInstancesAfterBackupRestoration (1ms)
Launching external process: /Applications/Unity/Hub/Editor/6000.2.14f1/Unity.app/Contents/Tools/UnityShaderCompiler
Launched and connected shader compiler UnityShaderCompiler after 0.02 seconds
Refreshing native plugins compatible for Editor in 0.22 ms, found 1 plugins.
Preloading 0 native plugins for Editor in 0.00 ms.
Unloading 0 Unused Serialized files (Serialized files now loaded: 0)
Unloading 3446 unused Assets / (0.6 MB). Loaded Objects now: 3938.
Memory consumption went from 82.0 MB to 81.4 MB.
Total: 3.121083 ms (FindLiveObjects: 0.267167 ms CreateObjectMapping: 0.065333 ms MarkObjects: 2.405459 ms  DeleteObjects: 0.382791 ms)

========================================================================
Received Import Request.
  Time since last request: 65195.268981 seconds.
  path: Assets/policelight.cs
  artifactKey: Guid(b5304f303095e4baab0cf460770af1dd) Importer(2089858483,192608db42251d675da83286b1cce702)
Start importing Assets/policelight.cs using Guid(b5304f303095e4baab0cf460770af1dd) Importer(2089858483,192608db42251d675da83286b1cce702) (ScriptedImporter) -> (artifact id: '672029dd7311d2a29b44f9fdedd5501e') in 0.033015333 seconds
Number of updated asset objects reloaded before import = 0Number of asset objects unloaded after import = 0

========================================================================
Received Import Request.
  Time since last request: 0.000037 seconds.
  path: Assets/SimplePoly City - Low Poly Assets/Materials/Building_Auto Service.mat
  artifactKey: Guid(38ce9279a60381844a3f6a85bac88a3e) Importer(2089858483,192608db42251d675da83286b1cce702)
Start importing Assets/SimplePoly City - Low Poly Assets/Materials/Building_Auto Service.mat using Guid(38ce9279a60381844a3f6a85bac88a3e) Importer(2089858483,192608db42251d675da83286b1cce702) (ScriptedImporter) -> (artifact id: '8634fe87416b4cfbe4f7e13c8154dff0') in 0.0101625 seconds
Number of updated asset objects reloaded before import = 0Number of asset objects unloaded after import = 2

========================================================================
Received Import Request.
  Time since last request: 0.000064 seconds.
  path: Assets/SimplePoly City - Low Poly Assets/Materials/Building_Music Store.mat
  artifactKey: Guid(82af60631a0969d44b0bf6becad3dc6e) Importer(2089858483,192608db42251d675da83286b1cce702)
Start importing Assets/SimplePoly City - Low Poly Assets/Materials/Building_Music Store.mat using Guid(82af60631a0969d44b0bf6becad3dc6e) Importer(2089858483,192608db42251d675da83286b1cce702) (ScriptedImporter) -> (artifact id: '506c522c68548c8f0484445d0804a162') in 0.005964709 seconds
Number of updated asset objects reloaded before import = 0Number of asset objects unloaded after import = 2

========================================================================
Received Import Request.
  Time since last request: 0.000022 seconds.
  path: Assets/sun.cs
  artifactKey: Guid(531c0f1b79aca470a9142c9e0959ebdc) Importer(2089858483,192608db42251d675da83286b1cce702)
Start importing Assets/sun.cs using Guid(531c0f1b79aca470a9142c9e0959ebdc) Importer(2089858483,192608db42251d675da83286b1cce702) (ScriptedImporter) -> (artifact id: '3cd90d5f01354711463da7e667a6431d') in 0.002333917 seconds
Number of updated asset objects reloaded before import = 0Number of asset objects unloaded after import = 0

========================================================================
Received Import Request.
  Time since last request: 0.000110 seconds.
  path: Assets/SimplePoly City - Low Poly Assets/Materials/Natures.mat
  artifactKey: Guid(39f651e340882304fa6f21b321d3bea5) Importer(2089858483,192608db42251d675da83286b1cce702)
Start importing Assets/SimplePoly City - Low Poly Assets/Materials/Natures.mat using Guid(39f651e340882304fa6f21b321d3bea5) Importer(2089858483,192608db42251d675da83286b1cce702) (ScriptedImporter) -> (artifact id: '99acd30cb9c71b0b0f506685f795c874') in 0.005426459 seconds
Number of updated asset objects reloaded before import = 0Number of asset objects unloaded after import = 2

========================================================================
Received Import Request.
  Time since last request: 0.000127 seconds.
  path: Assets/SimplePoly City - Low Poly Assets/Models/Building_Clothing.fbx
  artifactKey: Guid(6f6936b8f5098f34ab9d2dbe641716f2) Importer(2089858483,192608db42251d675da83286b1cce702)
Start importing Assets/SimplePoly City - Low Poly Assets/Models/Building_Clothing.fbx using Guid(6f6936b8f5098f34ab9d2dbe641716f2) Importer(2089858483,192608db42251d675da83286b1cce702) (ScriptedImporter) -> (artifact id: '83bc0ef95f1dec1d42ed430a1936d242') in 0.029521375 seconds
Number of updated asset objects reloaded before import = 0Number of asset objects unloaded after import = 9

========================================================================
Received Import Request.
  Time since last request: 0.000027 seconds.
  path: Assets/SimplePoly City - Low Poly Assets/Materials/Vehicle_SUV_color02.mat
  artifactKey: Guid(6635f2e276b1e904bb60b1e67d0853da) Importer(2089858483,192608db42251d675da83286b1cce702)
Start importing Assets/SimplePoly City - Low Poly Assets/Materials/Vehicle_SUV_color02.mat using Guid(6635f2e276b1e904bb60b1e67d0853da) Importer(2089858483,192608db42251d675da83286b1cce702) (ScriptedImporter) -> (artifact id: '188e8adef06add869776a289b883c180') in 0.003325875 seconds
Number of updated asset objects reloaded before import = 0Number of asset objects unloaded after import = 2

========================================================================
Received Import Request.
  Time since last request: 0.000021 seconds.
  path: Assets/SimplePoly City - Low Poly Assets/Materials/Building_Super Market.mat
  artifactKey: Guid(50a5ebe9a8d86a04d8e3b59966418b04) Importer(2089858483,192608db42251d675da83286b1cce702)
Start importing Assets/SimplePoly City - Low Poly Assets/Materials/Building_Super Market.mat using Guid(50a5ebe9a8d86a04d8e3b59966418b04) Importer(2089858483,192608db42251d675da83286b1cce702) (ScriptedImporter) -> (artifact id: '4b2a413818446e8964cf1f956b5c6ad5') in 0.002049417 seconds
Number of updated asset objects reloaded before import = 0Number of asset objects unloaded after import = 2

========================================================================
Received Import Request.
  Time since last request: 0.000045 seconds.
  path: Assets/SimplePoly City - Low Poly Assets/Materials/Building_Residential_color01.mat
  artifactKey: Guid(2016355b121a1d141a5a696a5e1a3204) Importer(2089858483,192608db42251d675da83286b1cce702)
Start importing Assets/SimplePoly City - Low Poly Assets/Materials/Building_Residential_color01.mat using Guid(2016355b121a1d141a5a696a5e1a3204) Importer(2089858483,192608db42251d675da83286b1cce702) (ScriptedImporter) -> (artifact id: 'b1735ae77d791e35d8057fe7b2434620') in 0.002060667 seconds
Number of updated asset objects reloaded before import = 0Number of asset objects unloaded after import = 2

========================================================================
Received Import Request.
  Time since last request: 0.000043 seconds.
  path: Assets/SimplePoly City - Low Poly Assets/Materials/Vehicle_SUV_color01.mat
  artifactKey: Guid(c0172b2eebb55f74bbb355a1b1fe0557) Importer(2089858483,192608db42251d675da83286b1cce702)
Start importing Assets/SimplePoly City - Low Poly Assets/Materials/Vehicle_SUV_color01.mat using Guid(c0172b2eebb55f74bbb355a1b1fe0557) Importer(2089858483,192608db42251d675da83286b1cce702) (ScriptedImporter) -> (artifact id: '1530cf960e920097554dfb0666cbfcd4') in 0.002449625 seconds
Number of updated asset objects reloaded before import = 0Number of asset objects unloaded after import = 2

========================================================================
Received Import Request.
  Time since last request: 0.000039 seconds.
  path: Assets/SimplePoly City - Low Poly Assets/Materials/Building_Restaurant.mat
  artifactKey: Guid(583621a2a9afaee4c93548c5ac08d4e3) Importer(2089858483,192608db42251d675da83286b1cce702)
Start importing Assets/SimplePoly City - Low Poly Assets/Materials/Building_Restaurant.mat using Guid(583621a2a9afaee4c93548c5ac08d4e3) Importer(2089858483,192608db42251d675da83286b1cce702) (ScriptedImporter) -> (artifact id: 'c64f5fd60012fce7fc4ae590bb061a9f') in 0.002106584 seconds
Number of updated asset objects reloaded before import = 0Number of asset objects unloaded after import = 2

========================================================================
Received Import Request.
  Time since last request: 0.000041 seconds.
  path: Assets/POLYGON city pack/scene/DemoScene.unity
  artifactKey: Guid(7759de288f5d4ee449a0ca5e2244944a) Importer(2089858483,192608db42251d675da83286b1cce702)
Start importing Assets/POLYGON city pack/scene/DemoScene.unity using Guid(7759de288f5d4ee449a0ca5e2244944a) Importer(2089858483,192608db42251d675da83286b1cce702) (ScriptedImporter) -> (artifact id: '86ae4e0146ab6f78333914588235e723') in 0.1111855 seconds
Number of updated asset objects reloaded before import = 0Number of asset objects unloaded after import = 1

========================================================================
Received Import Request.
  Time since last request: 0.540455 seconds.
  path: Assets/SimplePoly City - Low Poly Assets/Models/Building_Gift Shop.fbx
  artifactKey: Guid(4a3db8768f20288458711d0f979974bd) Importer(2089858483,192608db42251d675da83286b1cce702)
Start importing Assets/SimplePoly City - Low Poly Assets/Models/Building_Gift Shop.fbx using Guid(4a3db8768f20288458711d0f979974bd) Importer(2089858483,192608db42251d675da83286b1cce702) (ScriptedImporter) -> (artifact id: '87e1736aa1ac5bde0a7a3fae97f43079') in 0.008458916 seconds
Number of updated asset objects reloaded before import = 0Number of asset objects unloaded after import = 9

========================================================================
Received Import Request.
  Time since last request: 0.000186 seconds.
  path: Assets/SimplePoly City - Low Poly Assets/Models/Props_Dustbin.fbx
  artifactKey: Guid(8b615931481e47849972f85e029c22cf) Importer(2089858483,192608db42251d675da83286b1cce702)
Start importing Assets/SimplePoly City - Low Poly Assets/Models/Props_Dustbin.fbx using Guid(8b615931481e47849972f85e029c22cf) Importer(2089858483,192608db42251d675da83286b1cce702) (ScriptedImporter) -> (artifact id: '49168bd8e4703a4bcd05955c27bd9510') in 0.008287958 seconds
Number of updated asset objects reloaded before import = 0Number of asset objects unloaded after import = 9

========================================================================
Received Import Request.
  Time since last request: 0.000058 seconds.
  path: Assets/SimplePoly City - Low Poly Assets/Textures/Building Sky_big_color03.png
  artifactKey: Guid(68678103389a4c1458454df2673310fc) Importer(2089858483,192608db42251d675da83286b1cce702)
Start importing Assets/SimplePoly City - Low Poly Assets/Textures/Building Sky_big_color03.png using Guid(68678103389a4c1458454df2673310fc) Importer(2089858483,192608db42251d675da83286b1cce702) (ScriptedImporter) -> (artifact id: '0ae799c41038e8ecac286bafc0f98d7e') in 0.019773042 seconds
Number of updated asset objects reloaded before import = 0Number of asset objects unloaded after import = 1

========================================================================
Received Import Request.
  Time since last request: 0.000087 seconds.
  path: Assets/SimplePoly City - Low Poly Assets/Models/Vehicle_Ambulance.fbx
  artifactKey: Guid(ca65f40fba8c4d146800611d34e2e114) Importer(2089858483,192608db42251d675da83286b1cce702)
Start importing Assets/SimplePoly City - Low Poly Assets/Models/Vehicle_Ambulance.fbx using Guid(ca65f40fba8c4d146800611d34e2e114) Importer(2089858483,192608db42251d675da83286b1cce702) (ScriptedImporter) -> (artifact id: 'f60c0e67be9923b2a7a5b875bc7def47') in 0.007906 seconds
Number of updated asset objects reloaded before import = 0Number of asset objects unloaded after import = 9

========================================================================
Received Import Request.
  Time since last request: 0.000028 seconds.
  path: Assets/SimplePoly City - Low Poly Assets/Models/Vehicle_Pick up Truck_separate.fbx
  artifactKey: Guid(c99e98d2e12a88c42912742cf2de3eb6) Importer(2089858483,192608db42251d675da83286b1cce702)
Start importing Assets/SimplePoly City - Low Poly Assets/Models/Vehicle_Pick up Truck_separate.fbx using Guid(c99e98d2e12a88c42912742cf2de3eb6) Importer(2089858483,192608db42251d675da83286b1cce702) (ScriptedImporter) -> (artifact id: '242b96c43a807e8bf2de667c03e3f97e') in 0.011851791 seconds
Number of updated asset objects reloaded before import = 0Number of asset objects unloaded after import = 31

========================================================================
Received Import Request.
  Time since last request: 0.000037 seconds.
  path: Assets/SimplePoly City - Low Poly Assets/Models/Building_Shoes Shop.fbx
  artifactKey: Guid(27c09c8008c0ada409e024a1dc2186c0) Importer(2089858483,192608db42251d675da83286b1cce702)
Start importing Assets/SimplePoly City - Low Poly Assets/Models/Building_Shoes Shop.fbx using Guid(27c09c8008c0ada409e024a1dc2186c0) Importer(2089858483,192608db42251d675da83286b1cce702) (ScriptedImporter) -> (artifact id: '4c4a1fd2ac8d12df146f8d1d0feacf5c') in 0.0086565 seconds
Number of updated asset objects reloaded before import = 0Number of asset objects unloaded after import = 9

========================================================================
Received Import Request.
  Time since last request: 0.000047 seconds.
  path: Assets/SimplePoly City - Low Poly Assets/Models/Vehicle_Container_separate.fbx
  artifactKey: Guid(5e76bd7f638b280469d7653f47693abd) Importer(2089858483,192608db42251d675da83286b1cce702)
Start importing Assets/SimplePoly City - Low Poly Assets/Models/Vehicle_Container_separate.fbx using Guid(5e76bd7f638b280469d7653f47693abd) Importer(2089858483,192608db42251d675da83286b1cce702) (ScriptedImporter) -> (artifact id: '8a687f3014463506857fdbe1249c41c0') in 0.012758791 seconds
Number of updated asset objects reloaded before import = 0Number of asset objects unloaded after import = 41

========================================================================
Received Import Request.
  Time since last request: 0.000038 seconds.
  path: Assets/SimplePoly City - Low Poly Assets/Models/Road Intersection_02.fbx
  artifactKey: Guid(e99a120d866554343b007e93ab80eb6a) Importer(2089858483,192608db42251d675da83286b1cce702)
Start importing Assets/SimplePoly City - Low Poly Assets/Models/Road Intersection_02.fbx using Guid(e99a120d866554343b007e93ab80eb6a) Importer(2089858483,192608db42251d675da83286b1cce702) (ScriptedImporter) -> (artifact id: '8a06e46529ba97e27d299287e16b8298') in 0.008087833 seconds
Number of updated asset objects reloaded before import = 0Number of asset objects unloaded after import = 9

========================================================================
Received Import Request.
  Time since last request: 0.000038 seconds.
  path: Assets/SimplePoly City - Low Poly Assets/Textures/Building_Books Shop.png
  artifactKey: Guid(29d6ba98d5bca734695ddaf5fdf19baf) Importer(2089858483,192608db42251d675da83286b1cce702)
Start importing Assets/SimplePoly City - Low Poly Assets/Textures/Building_Books Shop.png using Guid(29d6ba98d5bca734695ddaf5fdf19baf) Importer(2089858483,192608db42251d675da83286b1cce702) (ScriptedImporter) -> (artifact id: '9c7a29a432da1a39064ca6064dabf0a6') in 0.0065475 seconds
Number of updated asset objects reloaded before import = 0Number of asset objects unloaded after import = 1

========================================================================
Received Import Request.
  Time since last request: 0.000132 seconds.
  path: Assets/SimplePoly City - Low Poly Assets/Models/Natures_Grass Tile Small.fbx
  artifactKey: Guid(3163f2c03b1dac0419001ac5e42f8c0b) Importer(2089858483,192608db42251d675da83286b1cce702)
Start importing Assets/SimplePoly City - Low Poly Assets/Models/Natures_Grass Tile Small.fbx using Guid(3163f2c03b1dac0419001ac5e42f8c0b) Importer(2089858483,192608db42251d675da83286b1cce702) (ScriptedImporter) -> (artifact id: '0376dacc2e5334096153a68fe8070fc7') in 0.008204708 seconds
Number of updated asset objects reloaded before import = 0Number of asset objects unloaded after import = 9

========================================================================
Received Import Request.
  Time since last request: 0.000036 seconds.
  path: Assets/SimplePoly City - Low Poly Assets/Textures/Building Sky_small_color03.png
  artifactKey: Guid(0bfefad86ca42384bad95b74e07c5e68) Importer(2089858483,192608db42251d675da83286b1cce702)
Start importing Assets/SimplePoly City - Low Poly Assets/Textures/Building Sky_small_color03.png using Guid(0bfefad86ca42384bad95b74e07c5e68) Importer(2089858483,192608db42251d675da83286b1cce702) (ScriptedImporter) -> (artifact id: '650bb5e2baa2c4620f44edb0d02a249b') in 0.005520458 seconds
Number of updated asset objects reloaded before import = 0Number of asset objects unloaded after import = 1

========================================================================
Received Import Request.
  Time since last request: 0.000146 seconds.
  path: Assets/SimplePoly City - Low Poly Assets/Models/Road Lane_04.fbx
  artifactKey: Guid(2397ca4030d2a7446812ad23c04c9821) Importer(2089858483,192608db42251d675da83286b1cce702)
Start importing Assets/SimplePoly City - Low Poly Assets/Models/Road Lane_04.fbx using Guid(2397ca4030d2a7446812ad23c04c9821) Importer(2089858483,192608db42251d675da83286b1cce702) (ScriptedImporter) -> (artifact id: '93f4d2a0c176fa20ed7fe44f0c83a2ef') in 0.007569958 seconds
Number of updated asset objects reloaded before import = 0Number of asset objects unloaded after import = 9

========================================================================
Received Import Request.
  Time since last request: 0.000281 seconds.
  path: Assets/SimplePoly City - Low Poly Assets/Models/Natures_Pot Bush_big.fbx
  artifactKey: Guid(47c1421697edd00439084088bf4efb68) Importer(2089858483,192608db42251d675da83286b1cce702)
Start importing Assets/SimplePoly City - Low Poly Assets/Models/Natures_Pot Bush_big.fbx using Guid(47c1421697edd00439084088bf4efb68) Importer(2089858483,192608db42251d675da83286b1cce702) (ScriptedImporter) -> (artifact id: '5ca09225d6fc023a415b6c064522c04c') in 0.008041875 seconds
Number of updated asset objects reloaded before import = 0Number of asset objects unloaded after import = 9

========================================================================
Received Import Request.
  Time since last request: 0.000039 seconds.
  path: Assets/SimplePoly City - Low Poly Assets/Models/Vehicle_Bus_separate.fbx
  artifactKey: Guid(bec0886ced73844469c2edf3ebb4b047) Importer(2089858483,192608db42251d675da83286b1cce702)
Start importing Assets/SimplePoly City - Low Poly Assets/Models/Vehicle_Bus_separate.fbx using Guid(bec0886ced73844469c2edf3ebb4b047) Importer(2089858483,192608db42251d675da83286b1cce702) (ScriptedImporter) -> (artifact id: 'ab3b958a9f41d107b8863a48119cd36e') in 0.009953917 seconds
Number of updated asset objects reloaded before import = 0Number of asset objects unloaded after import = 31

========================================================================
Received Import Request.
  Time since last request: 0.000037 seconds.
  path: Assets/SimplePoly City - Low Poly Assets/Models/Vehicle_SUV.fbx
  artifactKey: Guid(c887da5f6e3230f4aa38afe5e8e30387) Importer(2089858483,192608db42251d675da83286b1cce702)
Start importing Assets/SimplePoly City - Low Poly Assets/Models/Vehicle_SUV.fbx using Guid(c887da5f6e3230f4aa38afe5e8e30387) Importer(2089858483,192608db42251d675da83286b1cce702) (ScriptedImporter) -> (artifact id: 'a74d1f250db18756917a0c4143693778') in 0.008427667 seconds
Number of updated asset objects reloaded before import = 0Number of asset objects unloaded after import = 9

========================================================================
Received Import Request.
  Time since last request: 0.000035 seconds.
  path: Assets/SimplePoly City - Low Poly Assets/Models/Road Lane_01.fbx
  artifactKey: Guid(e3c71c50de390ec4190b877211ba0717) Importer(2089858483,192608db42251d675da83286b1cce702)
Start importing Assets/SimplePoly City - Low Poly Assets/Models/Road Lane_01.fbx using Guid(e3c71c50de390ec4190b877211ba0717) Importer(2089858483,192608db42251d675da83286b1cce702) (ScriptedImporter) -> (artifact id: '719475bbe739c385242819a1e7d0aa07') in 0.00805825 seconds
Number of updated asset objects reloaded before import = 0Number of asset objects unloaded after import = 9

========================================================================
Received Import Request.
  Time since last request: 0.000032 seconds.
  path: Assets/SimplePoly City - Low Poly Assets/Models/Building_House_03_color01.fbx
  artifactKey: Guid(4290fe0579b63f4429763c6c6d2f242d) Importer(2089858483,192608db42251d675da83286b1cce702)
Start importing Assets/SimplePoly City - Low Poly Assets/Models/Building_House_03_color01.fbx using Guid(4290fe0579b63f4429763c6c6d2f242d) Importer(2089858483,192608db42251d675da83286b1cce702) (ScriptedImporter) -> (artifact id: '57b7020cce65ef568739beefbb42cce9') in 0.007830333 seconds
Number of updated asset objects reloaded before import = 0Number of asset objects unloaded after import = 9

========================================================================
Received Import Request.
  Time since last request: 0.000190 seconds.
  path: Assets/SimplePoly City - Low Poly Assets/Models/Building_Stadium.fbx
  artifactKey: Guid(8d799610519b6274c8bb35a7fd95f5f5) Importer(2089858483,192608db42251d675da83286b1cce702)
Start importing Assets/SimplePoly City - Low Poly Assets/Models/Building_Stadium.fbx using Guid(8d799610519b6274c8bb35a7fd95f5f5) Importer(2089858483,192608db42251d675da83286b1cce702) (ScriptedImporter) -> (artifact id: '24d1d629bd409cd12bdeac681dbd2700') in 0.008314125 seconds
Number of updated asset objects reloaded before import = 0Number of asset objects unloaded after import = 9

========================================================================
Received Import Request.
  Time since last request: 0.000036 seconds.
  path: Assets/SimplePoly City - Low Poly Assets/Models/Vehicle_Pick up Truck.fbx
  artifactKey: Guid(6780ac7fd67c9ab43aebe63ff3fb60aa) Importer(2089858483,192608db42251d675da83286b1cce702)
Start importing Assets/SimplePoly City - Low Poly Assets/Models/Vehicle_Pick up Truck.fbx using Guid(6780ac7fd67c9ab43aebe63ff3fb60aa) Importer(2089858483,192608db42251d675da83286b1cce702) (ScriptedImporter) -> (artifact id: 'f5b58457267cadd92cc7b73f23ef2249') in 0.00810925 seconds
Number of updated asset objects reloaded before import = 0Number of asset objects unloaded after import = 9

========================================================================
Received Import Request.
  Time since last request: 0.000218 seconds.
  path: Assets/SimplePoly City - Low Poly Assets/Textures/Building_Auto Service.png
  artifactKey: Guid(b3ce51c34fdf8474d9ec1d87f9433000) Importer(2089858483,192608db42251d675da83286b1cce702)
Start importing Assets/SimplePoly City - Low Poly Assets/Textures/Building_Auto Service.png using Guid(b3ce51c34fdf8474d9ec1d87f9433000) Importer(2089858483,192608db42251d675da83286b1cce702) (ScriptedImporter) -> (artifact id: '3a8c4daf829b2a5b3f1f35f8bde14ccf') in 0.005630583 seconds
Number of updated asset objects reloaded before import = 0Number of asset objects unloaded after import = 1

========================================================================
Received Import Request.
  Time since last request: 0.000097 seconds.
  path: Assets/SimplePoly City - Low Poly Assets/Models/Props_Traffic cone.fbx
  artifactKey: Guid(85d54012e6db84f428646fd470b7a555) Importer(2089858483,192608db42251d675da83286b1cce702)
Start importing Assets/SimplePoly City - Low Poly Assets/Models/Props_Traffic cone.fbx using Guid(85d54012e6db84f428646fd470b7a555) Importer(2089858483,192608db42251d675da83286b1cce702) (ScriptedImporter) -> (artifact id: '5e443b433462cb9fc9d95a9953537959') in 0.014258584 seconds
Number of updated asset objects reloaded before import = 0Number of asset objects unloaded after import = 9

========================================================================
Received Import Request.
  Time since last request: 0.000031 seconds.
  path: Assets/SimplePoly City - Low Poly Assets/Models/Natures_House Floor.fbx
  artifactKey: Guid(c7327ddbb4f55824eb37461c53fdd55d) Importer(2089858483,192608db42251d675da83286b1cce702)
Start importing Assets/SimplePoly City - Low Poly Assets/Models/Natures_House Floor.fbx using Guid(c7327ddbb4f55824eb37461c53fdd55d) Importer(2089858483,192608db42251d675da83286b1cce702) (ScriptedImporter) -> (artifact id: '358379e3391b5260f74ae6c57928880e') in 0.007766667 seconds
Number of updated asset objects reloaded before import = 0Number of asset objects unloaded after import = 9

========================================================================
Received Import Request.
  Time since last request: 0.000035 seconds.
  path: Assets/SimplePoly City - Low Poly Assets/Models/Vehicle_Taxi_separate.fbx
  artifactKey: Guid(76eea54e4cf71bf4dac0e3ef48ee32b7) Importer(2089858483,192608db42251d675da83286b1cce702)
Start importing Assets/SimplePoly City - Low Poly Assets/Models/Vehicle_Taxi_separate.fbx using Guid(76eea54e4cf71bf4dac0e3ef48ee32b7) Importer(2089858483,192608db42251d675da83286b1cce702) (ScriptedImporter) -> (artifact id: 'c5ee73b97d60c1e2078da026caa6a6ed') in 0.009920958 seconds
Number of updated asset objects reloaded before import = 0Number of asset objects unloaded after import = 31

========================================================================
Received Import Request.
  Time since last request: 0.000026 seconds.
  path: Assets/SimplePoly City - Low Poly Assets/Models/Building_Music Store.fbx
  artifactKey: Guid(e6c7be1b4691ca441abe64159118907b) Importer(2089858483,192608db42251d675da83286b1cce702)
Start importing Assets/SimplePoly City - Low Poly Assets/Models/Building_Music Store.fbx using Guid(e6c7be1b4691ca441abe64159118907b) Importer(2089858483,192608db42251d675da83286b1cce702) (ScriptedImporter) -> (artifact id: 'f1f0f41c0e11fd8d35ec4ff54411ca5f') in 0.007545791 seconds
Number of updated asset objects reloaded before import = 0Number of asset objects unloaded after import = 9

========================================================================
Received Import Request.
  Time since last request: 1.539226 seconds.
  path: Assets/SimplePoly City - Low Poly Assets/Textures/Building_Factory.png
  artifactKey: Guid(952048546b1814f4480519f6d11e8c3c) Importer(2089858483,192608db42251d675da83286b1cce702)
Start importing Assets/SimplePoly City - Low Poly Assets/Textures/Building_Factory.png using Guid(952048546b1814f4480519f6d11e8c3c) Importer(2089858483,192608db42251d675da83286b1cce702) (ScriptedImporter) -> (artifact id: '706daee70d01c5ae85a6bba9bf17b1f9') in 0.005647333 seconds
Number of updated asset objects reloaded before import = 0Number of asset objects unloaded after import = 1

========================================================================
Received Import Request.
  Time since last request: 0.000062 seconds.
  path: Assets/SimplePoly City - Low Poly Assets/Textures/Building_House_03_color03.png
  artifactKey: Guid(e7e8298ecf8f3ff4c8c778c73cbed0d6) Importer(2089858483,192608db42251d675da83286b1cce702)
Start importing Assets/SimplePoly City - Low Poly Assets/Textures/Building_House_03_color03.png using Guid(e7e8298ecf8f3ff4c8c778c73cbed0d6) Importer(2089858483,192608db42251d675da83286b1cce702) (ScriptedImporter) -> (artifact id: '74f7610cd064a975e7b22b678781da59') in 0.005018167 seconds
Number of updated asset objects reloaded before import = 0Number of asset objects unloaded after import = 1

========================================================================
Received Import Request.
  Time since last request: 0.000097 seconds.
  path: Assets/assets/nature/bridge_stoneRoundNarrow.fbx
  artifactKey: Guid(19bfdcf3a7ae844509971d357d962a8c) Importer(2089858483,192608db42251d675da83286b1cce702)
Start importing Assets/assets/nature/bridge_stoneRoundNarrow.fbx using Guid(19bfdcf3a7ae844509971d357d962a8c) Importer(2089858483,192608db42251d675da83286b1cce702) (ScriptedImporter) -> (artifact id: '0b42e608051297f0e8307ea026c1223a') in 0.011706833 seconds
Number of updated asset objects reloaded before import = 0Number of asset objects unloaded after import = 9

========================================================================
Received Import Request.
  Time since last request: 0.000052 seconds.
  path: Assets/assets/cars/tractor.fbx
  artifactKey: Guid(2f5272ca79b834818bce7778fb4c3d49) Importer(2089858483,192608db42251d675da83286b1cce702)
Start importing Assets/assets/cars/tractor.fbx using Guid(2f5272ca79b834818bce7778fb4c3d49) Importer(2089858483,192608db42251d675da83286b1cce702) (ScriptedImporter) -> (artifact id: '435e8f1272d1637935f87329a87194ee') in 0.015648291 seconds
Number of updated asset objects reloaded before import = 0Number of asset objects unloaded after import = 41

========================================================================
Received Import Request.
  Time since last request: 0.000041 seconds.
  path: Assets/SimplePoly City - Low Poly Assets/Textures/Building_Gift Shop.png
  artifactKey: Guid(0ddba491ce4a04c4b8def1195e6300d8) Importer(2089858483,192608db42251d675da83286b1cce702)
Start importing Assets/SimplePoly City - Low Poly Assets/Textures/Building_Gift Shop.png using Guid(0ddba491ce4a04c4b8def1195e6300d8) Importer(2089858483,192608db42251d675da83286b1cce702) (ScriptedImporter) -> (artifact id: '200f7cc411ec4e806abe1e48cad2c15a') in 0.005610292 seconds
Number of updated asset objects reloaded before import = 0Number of asset objects unloaded after import = 1

========================================================================
Received Import Request.
  Time since last request: 0.000090 seconds.
  path: Assets/SimplePoly City - Low Poly Assets/Textures/Vehicle_Pick up Truck_3.png
  artifactKey: Guid(3dafb997416bc114c89c714676f7c788) Importer(2089858483,192608db42251d675da83286b1cce702)
Start importing Assets/SimplePoly City - Low Poly Assets/Textures/Vehicle_Pick up Truck_3.png using Guid(3dafb997416bc114c89c714676f7c788) Importer(2089858483,192608db42251d675da83286b1cce702) (ScriptedImporter) -> (artifact id: '60c7678c9bd8486111f21cd664c15576') in 0.006079875 seconds
Number of updated asset objects reloaded before import = 0Number of asset objects unloaded after import = 1

========================================================================
Received Import Request.
  Time since last request: 0.000041 seconds.
  path: Assets/SimplePoly City - Low Poly Assets/Textures/Building_Restaurant.png
  artifactKey: Guid(10b9543b11ed20e46ac740b4f092470d) Importer(2089858483,192608db42251d675da83286b1cce702)
Start importing Assets/SimplePoly City - Low Poly Assets/Textures/Building_Restaurant.png using Guid(10b9543b11ed20e46ac740b4f092470d) Importer(2089858483,192608db42251d675da83286b1cce702) (ScriptedImporter) -> (artifact id: '5f09e8348ae04b88cbd1569f0cd12e10') in 0.005196709 seconds
Number of updated asset objects reloaded before import = 0Number of asset objects unloaded after import = 1

========================================================================
Received Import Request.
  Time since last request: 0.000039 seconds.
  path: Assets/SimplePoly City - Low Poly Assets/Textures/Vehicle_Truck_2.png
  artifactKey: Guid(b2c12c53daa560a46aa1c588f930acd9) Importer(2089858483,192608db42251d675da83286b1cce702)
Start importing Assets/SimplePoly City - Low Poly Assets/Textures/Vehicle_Truck_2.png using Guid(b2c12c53daa560a46aa1c588f930acd9) Importer(2089858483,192608db42251d675da83286b1cce702) (ScriptedImporter) -> (artifact id: '71ff4638ff1f9d25b89ed8d1ee6c56d9') in 0.005562375 seconds
Number of updated asset objects reloaded before import = 0Number of asset objects unloaded after import = 1

========================================================================
Received Import Request.
  Time since last request: 0.000105 seconds.
  path: Assets/assets/nature/cliffGrey.fbx
  artifactKey: Guid(0c017047a0ac34e86b1d099e567a67b7) Importer(2089858483,192608db42251d675da83286b1cce702)
Start importing Assets/assets/nature/cliffGrey.fbx using Guid(0c017047a0ac34e86b1d099e567a67b7) Importer(2089858483,192608db42251d675da83286b1cce702) (ScriptedImporter) -> (artifact id: 'e9c368c3e7d3dbd5487227b932d9ba90') in 0.007759208 seconds
Number of updated asset objects reloaded before import = 0Number of asset objects unloaded after import = 8

========================================================================
Received Import Request.
  Time since last request: 0.000032 seconds.
  path: Assets/SimplePoly City - Low Poly Assets/Textures/Building_Gas Station.png
  artifactKey: Guid(f1067f42b9db674419e1ca765b447e4f) Importer(2089858483,192608db42251d675da83286b1cce702)
Start importing Assets/SimplePoly City - Low Poly Assets/Textures/Building_Gas Station.png using Guid(f1067f42b9db674419e1ca765b447e4f) Importer(2089858483,192608db42251d675da83286b1cce702) (ScriptedImporter) -> (artifact id: '8bdb07bfd981af55957edfee68479f4c') in 0.006287125 seconds
Number of updated asset objects reloaded before import = 0Number of asset objects unloaded after import = 1

========================================================================
Received Import Request.
  Time since last request: 0.000058 seconds.
  path: Assets/assets/cars/sedanSports.fbx
  artifactKey: Guid(54ef0fc0c74944100bb55ae283ddeb9d) Importer(2089858483,192608db42251d675da83286b1cce702)
Start importing Assets/assets/cars/sedanSports.fbx using Guid(54ef0fc0c74944100bb55ae283ddeb9d) Importer(2089858483,192608db42251d675da83286b1cce702) (ScriptedImporter) -> (artifact id: '071f89b5c41841a309555219b70e3d03') in 0.013974917 seconds
Number of updated asset objects reloaded before import = 0Number of asset objects unloaded after import = 42

========================================================================
Received Import Request.
  Time since last request: 0.000038 seconds.
  path: Assets/assets/nature/bridge_woodNarrow.fbx
  artifactKey: Guid(9b87c2626d33846f0a2c211705b7171e) Importer(2089858483,192608db42251d675da83286b1cce702)
Start importing Assets/assets/nature/bridge_woodNarrow.fbx using Guid(9b87c2626d33846f0a2c211705b7171e) Importer(2089858483,192608db42251d675da83286b1cce702) (ScriptedImporter) -> (artifact id: '52be7375a49e8635588cf361e75a0d32') in 0.008540708 seconds
Number of updated asset objects reloaded before import = 0Number of asset objects unloaded after import = 10

========================================================================
Received Import Request.
  Time since last request: 0.000056 seconds.
  path: Assets/SimplePoly City - Low Poly Assets/Textures/Building_House_01_color01.png
  artifactKey: Guid(993a27af83ba79149af2300cdf16973a) Importer(2089858483,192608db42251d675da83286b1cce702)
Start importing Assets/SimplePoly City - Low Poly Assets/Textures/Building_House_01_color01.png using Guid(993a27af83ba79149af2300cdf16973a) Importer(2089858483,192608db42251d675da83286b1cce702) (ScriptedImporter) -> (artifact id: 'd1ee12d5992a4026dd3e30ec691fb60d') in 0.005229041 seconds
Number of updated asset objects reloaded before import = 0Number of asset objects unloaded after import = 1

========================================================================
Received Import Request.
  Time since last request: 0.000234 seconds.
  path: Assets/SimplePoly City - Low Poly Assets/Textures/Building_Fast Food.png
  artifactKey: Guid(06b4c0119aac8524ca9230c7fabe315b) Importer(2089858483,192608db42251d675da83286b1cce702)
Start importing Assets/SimplePoly City - Low Poly Assets/Textures/Building_Fast Food.png using Guid(06b4c0119aac8524ca9230c7fabe315b) Importer(2089858483,192608db42251d675da83286b1cce702) (ScriptedImporter) -> (artifact id: '8cb35a400d27c7fedcbca32f7a70dc71') in 0.006117959 seconds
Number of updated asset objects reloaded before import = 0Number of asset objects unloaded after import = 1

========================================================================
Received Import Request.
  Time since last request: 0.000097 seconds.
  path: Assets/assets/nature/cliffBrown_block.fbx
  artifactKey: Guid(5fc2caca37cf04a4b891cd102d196e33) Importer(2089858483,192608db42251d675da83286b1cce702)
Start importing Assets/assets/nature/cliffBrown_block.fbx using Guid(5fc2caca37cf04a4b891cd102d196e33) Importer(2089858483,192608db42251d675da83286b1cce702) (ScriptedImporter) -> (artifact id: '977b0e0d3e86e90b60c5f6492cf829fb') in 0.008075375 seconds
Number of updated asset objects reloaded before import = 0Number of asset objects unloaded after import = 9

========================================================================
Received Import Request.
  Time since last request: 0.000099 seconds.
  path: Assets/SimplePoly City - Low Poly Assets/Textures/Building_Residential_color02.png
  artifactKey: Guid(84b90ff10d36543418f423d8e1f20c3c) Importer(2089858483,192608db42251d675da83286b1cce702)
Start importing Assets/SimplePoly City - Low Poly Assets/Textures/Building_Residential_color02.png using Guid(84b90ff10d36543418f423d8e1f20c3c) Importer(2089858483,192608db42251d675da83286b1cce702) (ScriptedImporter) -> (artifact id: '97f35f1b476099cf4f0b4efd59fda160') in 0.005269916 seconds
Number of updated asset objects reloaded before import = 0Number of asset objects unloaded after import = 1

========================================================================
Received Import Request.
  Time since last request: 0.000092 seconds.
  path: Assets/SimplePoly City - Low Poly Assets/Textures/Vehicle_SUV_2.png
  artifactKey: Guid(c1310564a8560dc47a4aa00e7324ae1d) Importer(2089858483,192608db42251d675da83286b1cce702)
Start importing Assets/SimplePoly City - Low Poly Assets/Textures/Vehicle_SUV_2.png using Guid(c1310564a8560dc47a4aa00e7324ae1d) Importer(2089858483,192608db42251d675da83286b1cce702) (ScriptedImporter) -> (artifact id: '7817b34b4e970b2e4d01f9d1da38cb5b') in 0.006439166 seconds
Number of updated asset objects reloaded before import = 0Number of asset objects unloaded after import = 1

========================================================================
Received Import Request.
  Time since last request: 0.000079 seconds.
  path: Assets/assets/nature/bridge_side_woodRound.fbx
  artifactKey: Guid(9473079ee66c940b28f2c589e8143a38) Importer(2089858483,192608db42251d675da83286b1cce702)
Start importing Assets/assets/nature/bridge_side_woodRound.fbx using Guid(9473079ee66c940b28f2c589e8143a38) Importer(2089858483,192608db42251d675da83286b1cce702) (ScriptedImporter) -> (artifact id: 'f3e0bdf1756a66d48a89c75f4a8027ad') in 0.009591375 seconds
Number of updated asset objects reloaded before import = 0Number of asset objects unloaded after import = 11

========================================================================
Received Import Request.
  Time since last request: 0.000039 seconds.
  path: Assets/assets/cars/police.fbx
  artifactKey: Guid(02fc04ccab4c44d6a948c0fdf72a6904) Importer(2089858483,192608db42251d675da83286b1cce702)
Start importing Assets/assets/cars/police.fbx using Guid(02fc04ccab4c44d6a948c0fdf72a6904) Importer(2089858483,192608db42251d675da83286b1cce702) (ScriptedImporter) -> (artifact id: 'ea7e82c69f52fa0a696fc781de0f11f8') in 0.013951083 seconds
Number of updated asset objects reloaded before import = 0Number of asset objects unloaded after import = 42

========================================================================
Received Import Request.
  Time since last request: 0.000034 seconds.
  path: Assets/assets/nature/bridge_stoneNarrow.fbx
  artifactKey: Guid(eca0de74f0d5b45fb8d8dd5bac857f49) Importer(2089858483,192608db42251d675da83286b1cce702)
Start importing Assets/assets/nature/bridge_stoneNarrow.fbx using Guid(eca0de74f0d5b45fb8d8dd5bac857f49) Importer(2089858483,192608db42251d675da83286b1cce702) (ScriptedImporter) -> (artifact id: '65f3894a33df4ad777b7804e1b87f3f6') in 0.008975875 seconds
Number of updated asset objects reloaded before import = 0Number of asset objects unloaded after import = 9

========================================================================
Received Import Request.
  Time since last request: 0.000038 seconds.
  path: Assets/SimplePoly City - Low Poly Assets/Textures/Building_House_02_color01.png
  artifactKey: Guid(de3664eefb900b74fbdeb9a2a87c0cd9) Importer(2089858483,192608db42251d675da83286b1cce702)
Start importing Assets/SimplePoly City - Low Poly Assets/Textures/Building_House_02_color01.png using Guid(de3664eefb900b74fbdeb9a2a87c0cd9) Importer(2089858483,192608db42251d675da83286b1cce702) (ScriptedImporter) -> (artifact id: '09cf2762d8f43ae523b3e1cfe673a432') in 0.005707958 seconds
Number of updated asset objects reloaded before import = 0Number of asset objects unloaded after import = 1

========================================================================
Received Import Request.
  Time since last request: 0.000156 seconds.
  path: Assets/assets/nature/canoe_paddle 1.fbx
  artifactKey: Guid(5e88c3381f05d4f85842817c81f80671) Importer(2089858483,192608db42251d675da83286b1cce702)
Start importing Assets/assets/nature/canoe_paddle 1.fbx using Guid(5e88c3381f05d4f85842817c81f80671) Importer(2089858483,192608db42251d675da83286b1cce702) (ScriptedImporter) -> (artifact id: '37674ee8c95efa307a991f6a010b2e13') in 0.0063965 seconds
Number of updated asset objects reloaded before import = 0Number of asset objects unloaded after import = 8

========================================================================
Received Import Request.
  Time since last request: 0.000074 seconds.
  path: Assets/assets/cars/tractorPolice.fbx
  artifactKey: Guid(15d092ab6cd654e889b933ad895fa6df) Importer(2089858483,192608db42251d675da83286b1cce702)
Start importing Assets/assets/cars/tractorPolice.fbx using Guid(15d092ab6cd654e889b933ad895fa6df) Importer(2089858483,192608db42251d675da83286b1cce702) (ScriptedImporter) -> (artifact id: 'bdaacdfbef78929f6a38c860a6661626') in 0.015856542 seconds
Number of updated asset objects reloaded before import = 0Number of asset objects unloaded after import = 47

========================================================================
Received Import Request.
  Time since last request: 0.000030 seconds.
  path: Assets/SimplePoly City - Low Poly Assets/Textures/Natures.png
  artifactKey: Guid(d4aec383b01f2dc498bf7503531cca39) Importer(2089858483,192608db42251d675da83286b1cce702)
Start importing Assets/SimplePoly City - Low Poly Assets/Textures/Natures.png using Guid(d4aec383b01f2dc498bf7503531cca39) Importer(2089858483,192608db42251d675da83286b1cce702) (ScriptedImporter) -> (artifact id: '4b3ba24800bd8b44dbe4ca831e34283e') in 0.004898375 seconds
Number of updated asset objects reloaded before import = 0Number of asset objects unloaded after import = 1

========================================================================
Received Import Request.
  Time since last request: 0.000046 seconds.
  path: Assets/SimplePoly City - Low Poly Assets/Textures/Vehicle_Car_2.png
  artifactKey: Guid(933dcb88aa52a9942ac3a39eeeb37c71) Importer(2089858483,192608db42251d675da83286b1cce702)
Start importing Assets/SimplePoly City - Low Poly Assets/Textures/Vehicle_Car_2.png using Guid(933dcb88aa52a9942ac3a39eeeb37c71) Importer(2089858483,192608db42251d675da83286b1cce702) (ScriptedImporter) -> (artifact id: '0f665eb94864683e07bc17c6d46a6b98') in 0.005931666 seconds
Number of updated asset objects reloaded before import = 0Number of asset objects unloaded after import = 1

========================================================================
Received Import Request.
  Time since last request: 0.000075 seconds.
  path: Assets/assets/nature/cliffBrown_stepsCornerInner.fbx
  artifactKey: Guid(5cd118a61580a482d9f67c47ebd106c4) Importer(2089858483,192608db42251d675da83286b1cce702)
Start importing Assets/assets/nature/cliffBrown_stepsCornerInner.fbx using Guid(5cd118a61580a482d9f67c47ebd106c4) Importer(2089858483,192608db42251d675da83286b1cce702) (ScriptedImporter) -> (artifact id: '6640af4b3de5589769496adfd44a27c9') in 0.008233792 seconds
Number of updated asset objects reloaded before import = 0Number of asset objects unloaded after import = 9

========================================================================
Received Import Request.
  Time since last request: 0.000043 seconds.
  path: Assets/assets/nature/cliffBrown_waterfallMid.fbx
  artifactKey: Guid(ba55ffda3065c4574beac064d3d81c1d) Importer(2089858483,192608db42251d675da83286b1cce702)
Start importing Assets/assets/nature/cliffBrown_waterfallMid.fbx using Guid(ba55ffda3065c4574beac064d3d81c1d) Importer(2089858483,192608db42251d675da83286b1cce702) (ScriptedImporter) -> (artifact id: '5e48701b9980ceb52190c190e9d21b37') in 0.009343166 seconds
Number of updated asset objects reloaded before import = 0Number of asset objects unloaded after import = 9

========================================================================
Received Import Request.
  Time since last request: 0.000034 seconds.
  path: Assets/assets/nature/bridge_center_wood.fbx
  artifactKey: Guid(cb36f68592fb54df6922aad5a7bd4b4a) Importer(2089858483,192608db42251d675da83286b1cce702)
Start importing Assets/assets/nature/bridge_center_wood.fbx using Guid(cb36f68592fb54df6922aad5a7bd4b4a) Importer(2089858483,192608db42251d675da83286b1cce702) (ScriptedImporter) -> (artifact id: '9454774aa63aac81c52e4782110938d8') in 0.008353625 seconds
Number of updated asset objects reloaded before import = 0Number of asset objects unloaded after import = 10

========================================================================
Received Import Request.
  Time since last request: 0.000029 seconds.
  path: Assets/assets/cars/sedan.fbx
  artifactKey: Guid(e6cf465ede268454aa139ef8ad140493) Importer(2089858483,192608db42251d675da83286b1cce702)
Start importing Assets/assets/cars/sedan.fbx using Guid(e6cf465ede268454aa139ef8ad140493) Importer(2089858483,192608db42251d675da83286b1cce702) (ScriptedImporter) -> (artifact id: '43079ab4281f17bd573abe6653aa4c8f') in 0.013507166 seconds
Number of updated asset objects reloaded before import = 0Number of asset objects unloaded after import = 37

========================================================================
Received Import Request.
  Time since last request: 0.000032 seconds.
  path: Assets/assets/cars/wheelTractorDarkBack.fbx
  artifactKey: Guid(0fb1568901a6d4a1e9c8ad96c1db1c25) Importer(2089858483,192608db42251d675da83286b1cce702)
Start importing Assets/assets/cars/wheelTractorDarkBack.fbx using Guid(0fb1568901a6d4a1e9c8ad96c1db1c25) Importer(2089858483,192608db42251d675da83286b1cce702) (ScriptedImporter) -> (artifact id: 'ea70ffdb02f4c15a7bec13ef7dd8feed') in 0.008907167 seconds
Number of updated asset objects reloaded before import = 0Number of asset objects unloaded after import = 10

========================================================================
Received Import Request.
  Time since last request: 0.000095 seconds.
  path: Assets/assets/nature/cliffGrey_blockHalf.fbx
  artifactKey: Guid(3d375ebb98b6f401f938e9c6ee37f7c6) Importer(2089858483,192608db42251d675da83286b1cce702)
Start importing Assets/assets/nature/cliffGrey_blockHalf.fbx using Guid(3d375ebb98b6f401f938e9c6ee37f7c6) Importer(2089858483,192608db42251d675da83286b1cce702) (ScriptedImporter) -> (artifact id: '74b8a562e5d050df6686efcc9d5fbdc4') in 0.008068541 seconds
Number of updated asset objects reloaded before import = 0Number of asset objects unloaded after import = 9

========================================================================
Received Import Request.
  Time since last request: 0.000032 seconds.
  path: Assets/assets/cars/taxi.fbx
  artifactKey: Guid(5f470d92026c445efb645cdfd2895773) Importer(2089858483,192608db42251d675da83286b1cce702)
Start importing Assets/assets/cars/taxi.fbx using Guid(5f470d92026c445efb645cdfd2895773) Importer(2089858483,192608db42251d675da83286b1cce702) (ScriptedImporter) -> (artifact id: '811f837d96019bc8853783002e520ed6') in 0.014292625 seconds
Number of updated asset objects reloaded before import = 0Number of asset objects unloaded after import = 37

========================================================================
Received Import Request.
  Time since last request: 0.000041 seconds.
  path: Assets/assets/nature/cliffGrey_cornerInnerMid.fbx
  artifactKey: Guid(8276b69bb085e43538374e83e81bcd71) Importer(2089858483,192608db42251d675da83286b1cce702)
Start importing Assets/assets/nature/cliffGrey_cornerInnerMid.fbx using Guid(8276b69bb085e43538374e83e81bcd71) Importer(2089858483,192608db42251d675da83286b1cce702) (ScriptedImporter) -> (artifact id: '947be223edda4e5cfd1b5cfaa96fafd1') in 0.007429292 seconds
Number of updated asset objects reloaded before import = 0Number of asset objects unloaded after import = 8

========================================================================
Received Import Request.
  Time since last request: 0.000130 seconds.
  path: Assets/assets/cars/van.fbx
  artifactKey: Guid(7109a8b37e807494aa9f7340dcb64424) Importer(2089858483,192608db42251d675da83286b1cce702)
Start importing Assets/assets/cars/van.fbx using Guid(7109a8b37e807494aa9f7340dcb64424) Importer(2089858483,192608db42251d675da83286b1cce702) (ScriptedImporter) -> (artifact id: '41baad166f45750f3449cf0ba0474f70') in 0.012697333 seconds
Number of updated asset objects reloaded before import = 0Number of asset objects unloaded after import = 37

========================================================================
Received Import Request.
  Time since last request: 0.000033 seconds.
  path: Assets/assets/nature/canoe.fbx
  artifactKey: Guid(f5a735425cf444976a048312cbec5c77) Importer(2089858483,192608db42251d675da83286b1cce702)
Start importing Assets/assets/nature/canoe.fbx using Guid(f5a735425cf444976a048312cbec5c77) Importer(2089858483,192608db42251d675da83286b1cce702) (ScriptedImporter) -> (artifact id: 'ccb15ce2ab66c6001da1476a27a63a36') in 0.008562125 seconds
Number of updated asset objects reloaded before import = 0Number of asset objects unloaded after import = 9

========================================================================
Received Import Request.
  Time since last request: 0.000035 seconds.
  path: Assets/assets/nature/cliffBrown_halfCorner.fbx
  artifactKey: Guid(5e741ff4107564fbd9e1948efd35071b) Importer(2089858483,192608db42251d675da83286b1cce702)
Start importing Assets/assets/nature/cliffBrown_halfCorner.fbx using Guid(5e741ff4107564fbd9e1948efd35071b) Importer(2089858483,192608db42251d675da83286b1cce702) (ScriptedImporter) -> (artifact id: 'e3dbd0ff0e956fd38346d838fa1304a2') in 0.009246167 seconds
Number of updated asset objects reloaded before import = 0Number of asset objects unloaded after import = 9

========================================================================
Received Import Request.
  Time since last request: 1.397592 seconds.
  path: Assets/assets/nature/cliffGrey_half.fbx
  artifactKey: Guid(1cf73d09691704c3b9f8dd5f97b1957e) Importer(2089858483,192608db42251d675da83286b1cce702)
Start importing Assets/assets/nature/cliffGrey_half.fbx using Guid(1cf73d09691704c3b9f8dd5f97b1957e) Importer(2089858483,192608db42251d675da83286b1cce702) (ScriptedImporter) -> (artifact id: 'c5e764387c06688cd9591d42390eb95f') in 0.008391084 seconds
Number of updated asset objects reloaded before import = 0Number of asset objects unloaded after import = 9

========================================================================
Received Import Request.
  Time since last request: 0.000090 seconds.
  path: Assets/assets/nature/fence_simpleHigh.fbx
  artifactKey: Guid(f453569fe256948c4af626993e9fb4f9) Importer(2089858483,192608db42251d675da83286b1cce702)
Start importing Assets/assets/nature/fence_simpleHigh.fbx using Guid(f453569fe256948c4af626993e9fb4f9) Importer(2089858483,192608db42251d675da83286b1cce702) (ScriptedImporter) -> (artifact id: 'c352ffabf646d0926f1149b89e3100dc') in 0.009835416 seconds
Number of updated asset objects reloaded before import = 0Number of asset objects unloaded after import = 8

========================================================================
Received Import Request.
  Time since last request: 0.000038 seconds.
  path: Assets/POLYGON city pack/Materials/Colors_buildings/A2.mat
  artifactKey: Guid(5188c7492ef51d143a7128aa9700788a) Importer(2089858483,192608db42251d675da83286b1cce702)
Start importing Assets/POLYGON city pack/Materials/Colors_buildings/A2.mat using Guid(5188c7492ef51d143a7128aa9700788a) Importer(2089858483,192608db42251d675da83286b1cce702) (ScriptedImporter) -> (artifact id: '19020715a8f498690bd6af6e8006b6ff') in 0.002048167 seconds
Number of updated asset objects reloaded before import = 0Number of asset objects unloaded after import = 1

========================================================================
Received Import Request.
  Time since last request: 0.000067 seconds.
  path: Assets/POLYGON city pack/Materials/Material_meshs/bush.mat
  artifactKey: Guid(a765fa6fea65d0b41b6a72dbc5d23407) Importer(2089858483,192608db42251d675da83286b1cce702)
Start importing Assets/POLYGON city pack/Materials/Material_meshs/bush.mat using Guid(a765fa6fea65d0b41b6a72dbc5d23407) Importer(2089858483,192608db42251d675da83286b1cce702) (ScriptedImporter) -> (artifact id: '3c1c67c92e6a65ce1cf74eaa16712138') in 0.026196 seconds
Number of updated asset objects reloaded before import = 0Number of asset objects unloaded after import = 2

========================================================================
Received Import Request.
  Time since last request: 0.000096 seconds.
  path: Assets/POLYGON city pack/Materials/Material_meshs/Bus stop pole texture.mat
  artifactKey: Guid(e96d9e6034aaaaf48907b0c14fce898f) Importer(2089858483,192608db42251d675da83286b1cce702)
Start importing Assets/POLYGON city pack/Materials/Material_meshs/Bus stop pole texture.mat using Guid(e96d9e6034aaaaf48907b0c14fce898f) Importer(2089858483,192608db42251d675da83286b1cce702) (ScriptedImporter) -> (artifact id: '68c7e2aa4a956ae35e62440b6c32bf2f') in 0.003588875 seconds
Number of updated asset objects reloaded before import = 0Number of asset objects unloaded after import = 2

========================================================================
Received Import Request.
  Time since last request: 0.000045 seconds.
  path: Assets/POLYGON city pack/Materials/Material_meshs/StreetSellerStand.mat
  artifactKey: Guid(c1baf5e435b634d49bc79cba25df42a5) Importer(2089858483,192608db42251d675da83286b1cce702)
Start importing Assets/POLYGON city pack/Materials/Material_meshs/StreetSellerStand.mat using Guid(c1baf5e435b634d49bc79cba25df42a5) Importer(2089858483,192608db42251d675da83286b1cce702) (ScriptedImporter) -> (artifact id: '84a16dd2c26b9441fc3830d2b03eb0f8') in 0.002928583 seconds
Number of updated asset objects reloaded before import = 0Number of asset objects unloaded after import = 2

========================================================================
Received Import Request.
  Time since last request: 0.000076 seconds.
  path: Assets/POLYGON city pack/Materials/Colors_buildings/K3.mat
  artifactKey: Guid(623f2cfcc0ce09149a6f467ad4256295) Importer(2089858483,192608db42251d675da83286b1cce702)
Start importing Assets/POLYGON city pack/Materials/Colors_buildings/K3.mat using Guid(623f2cfcc0ce09149a6f467ad4256295) Importer(2089858483,192608db42251d675da83286b1cce702) (ScriptedImporter) -> (artifact id: '4ec43087ca92475c4c91ecf5967568d6') in 0.001894708 seconds
Number of updated asset objects reloaded before import = 0Number of asset objects unloaded after import = 1

========================================================================
Received Import Request.
  Time since last request: 0.000071 seconds.
  path: Assets/assets/nature/cliff_blockSlopeHalfWalls_stone.fbx
  artifactKey: Guid(effedadeb76d74563a6c6b6b749243c5) Importer(2089858483,192608db42251d675da83286b1cce702)
Start importing Assets/assets/nature/cliff_blockSlopeHalfWalls_stone.fbx using Guid(effedadeb76d74563a6c6b6b749243c5) Importer(2089858483,192608db42251d675da83286b1cce702) (ScriptedImporter) -> (artifact id: '1d99e2e3ff68bc31273ad575f6b46405') in 0.007869542 seconds
Number of updated asset objects reloaded before import = 0Number of asset objects unloaded after import = 9

========================================================================
Received Import Request.
  Time since last request: 0.000046 seconds.
  path: Assets/assets/nature/cliff_cornerTop_stone.fbx
  artifactKey: Guid(db5975bb2b75e46d596c734a829cbb86) Importer(2089858483,192608db42251d675da83286b1cce702)
Start importing Assets/assets/nature/cliff_cornerTop_stone.fbx using Guid(db5975bb2b75e46d596c734a829cbb86) Importer(2089858483,192608db42251d675da83286b1cce702) (ScriptedImporter) -> (artifact id: 'ef32c2149824e752b8cc5d1e634f5110') in 0.008209625 seconds
Number of updated asset objects reloaded before import = 0Number of asset objects unloaded after import = 9

========================================================================
Received Import Request.
  Time since last request: 0.000042 seconds.
  path: Assets/POLYGON city pack/Materials/Material_meshs/Sign_speed_ 25.mat
  artifactKey: Guid(022538b5b0bd7134b9c3c564669efd06) Importer(2089858483,192608db42251d675da83286b1cce702)
Start importing Assets/POLYGON city pack/Materials/Material_meshs/Sign_speed_ 25.mat using Guid(022538b5b0bd7134b9c3c564669efd06) Importer(2089858483,192608db42251d675da83286b1cce702) (ScriptedImporter) -> (artifact id: 'bb06d56aa3d02da6a3c092bb4955807e') in 0.002542667 seconds
Number of updated asset objects reloaded before import = 0Number of asset objects unloaded after import = 2

========================================================================
Received Import Request.
  Time since last request: 0.000039 seconds.
  path: Assets/assets/nature/cliff_corner_stone.fbx
  artifactKey: Guid(e312b1afe55d5497794f854e772c0698) Importer(2089858483,192608db42251d675da83286b1cce702)
Start importing Assets/assets/nature/cliff_corner_stone.fbx using Guid(e312b1afe55d5497794f854e772c0698) Importer(2089858483,192608db42251d675da83286b1cce702) (ScriptedImporter) -> (artifact id: '77fdddb29b01214645dd5abadd66ca42') in 0.006685166 seconds
Number of updated asset objects reloaded before import = 0Number of asset objects unloaded after import = 8

========================================================================
Received Import Request.
  Time since last request: 0.000056 seconds.
  path: Assets/POLYGON city pack/Materials/Material_meshs/Dirt.mat
  artifactKey: Guid(9b0509cf5979e03459b722142113657c) Importer(2089858483,192608db42251d675da83286b1cce702)
Start importing Assets/POLYGON city pack/Materials/Material_meshs/Dirt.mat using Guid(9b0509cf5979e03459b722142113657c) Importer(2089858483,192608db42251d675da83286b1cce702) (ScriptedImporter) -> (artifact id: '000db68ed252a1ecc1897ac75476d291') in 0.002240708 seconds
Number of updated asset objects reloaded before import = 0Number of asset objects unloaded after import = 2

========================================================================
Received Import Request.
  Time since last request: 0.000076 seconds.
  path: Assets/POLYGON city pack/Materials/Colors_buildings/K13.mat
  artifactKey: Guid(385015333524c4947bf237c08e46d007) Importer(2089858483,192608db42251d675da83286b1cce702)
Start importing Assets/POLYGON city pack/Materials/Colors_buildings/K13.mat using Guid(385015333524c4947bf237c08e46d007) Importer(2089858483,192608db42251d675da83286b1cce702) (ScriptedImporter) -> (artifact id: '373896df9e966ca5417c51148452b1af') in 0.001812125 seconds
Number of updated asset objects reloaded before import = 0Number of asset objects unloaded after import = 1

========================================================================
Received Import Request.
  Time since last request: 0.000064 seconds.
  path: Assets/POLYGON city pack/Materials/Colors_buildings/G1.mat
  artifactKey: Guid(73daffab7784ec040ba2d4d7302527f8) Importer(2089858483,192608db42251d675da83286b1cce702)
Start importing Assets/POLYGON city pack/Materials/Colors_buildings/G1.mat using Guid(73daffab7784ec040ba2d4d7302527f8) Importer(2089858483,192608db42251d675da83286b1cce702) (ScriptedImporter) -> (artifact id: '033af7b8d3915cb2dd48377c17820f3c') in 0.001563459 seconds
Number of updated asset objects reloaded before import = 0Number of asset objects unloaded after import = 1

========================================================================
Received Import Request.
  Time since last request: 0.000086 seconds.
  path: Assets/assets/nature/cliffGrey_steps.fbx
  artifactKey: Guid(2230c5cdc64114b88a68000c525587d1) Importer(2089858483,192608db42251d675da83286b1cce702)
Start importing Assets/assets/nature/cliffGrey_steps.fbx using Guid(2230c5cdc64114b88a68000c525587d1) Importer(2089858483,192608db42251d675da83286b1cce702) (ScriptedImporter) -> (artifact id: 'ff07bcf929ead73f5b9b1e423c141f14') in 0.008438917 seconds
Number of updated asset objects reloaded before import = 0Number of asset objects unloaded after import = 9

========================================================================
Received Import Request.
  Time since last request: 0.000043 seconds.
  path: Assets/POLYGON city pack/Materials/Colors_buildings/k12.mat
  artifactKey: Guid(8d50894cec04b584c99d0e15c717bf2e) Importer(2089858483,192608db42251d675da83286b1cce702)
Start importing Assets/POLYGON city pack/Materials/Colors_buildings/k12.mat using Guid(8d50894cec04b584c99d0e15c717bf2e) Importer(2089858483,192608db42251d675da83286b1cce702) (ScriptedImporter) -> (artifact id: '2a82fe4394153398446f3b227fa7536a') in 0.001762375 seconds
Number of updated asset objects reloaded before import = 0Number of asset objects unloaded after import = 1

========================================================================
Received Import Request.
  Time since last request: 0.000071 seconds.
  path: Assets/POLYGON city pack/Materials/Colors_buildings/K7.mat
  artifactKey: Guid(2100b85841ac32940a50ec36409b49c0) Importer(2089858483,192608db42251d675da83286b1cce702)
Start importing Assets/POLYGON city pack/Materials/Colors_buildings/K7.mat using Guid(2100b85841ac32940a50ec36409b49c0) Importer(2089858483,192608db42251d675da83286b1cce702) (ScriptedImporter) -> (artifact id: 'b261d93fa4d168be0b44b6ed78b5ea9d') in 0.001604 seconds
Number of updated asset objects reloaded before import = 0Number of asset objects unloaded after import = 1

========================================================================
Received Import Request.
  Time since last request: 0.000066 seconds.
  path: Assets/assets/nature/cliff_blockQuarter_stone.fbx
  artifactKey: Guid(3bf37898ab00b421c952755f31ee6f64) Importer(2089858483,192608db42251d675da83286b1cce702)
Start importing Assets/assets/nature/cliff_blockQuarter_stone.fbx using Guid(3bf37898ab00b421c952755f31ee6f64) Importer(2089858483,192608db42251d675da83286b1cce702) (ScriptedImporter) -> (artifact id: '058f33b443c6c205663972f1f2f6e19a') in 0.008762 seconds
Number of updated asset objects reloaded before import = 0Number of asset objects unloaded after import = 9

========================================================================
Received Import Request.
  Time since last request: 0.000062 seconds.
  path: Assets/POLYGON city pack/Materials/Colors_buildings/F3.mat
  artifactKey: Guid(2d6209e982156604ea6d7c513bc7b774) Importer(2089858483,192608db42251d675da83286b1cce702)
Start importing Assets/POLYGON city pack/Materials/Colors_buildings/F3.mat using Guid(2d6209e982156604ea6d7c513bc7b774) Importer(2089858483,192608db42251d675da83286b1cce702) (ScriptedImporter) -> (artifact id: '4d3f86c2be88e806b75ac371a096ff53') in 0.001983959 seconds
Number of updated asset objects reloaded before import = 0Number of asset objects unloaded after import = 1

========================================================================
Received Import Request.
  Time since last request: 0.000069 seconds.
  path: Assets/POLYGON city pack/Materials/Colors_buildings/D3.mat
  artifactKey: Guid(08e170aeffe61fd49b962982cf27cd52) Importer(2089858483,192608db42251d675da83286b1cce702)
Start importing Assets/POLYGON city pack/Materials/Colors_buildings/D3.mat using Guid(08e170aeffe61fd49b962982cf27cd52) Importer(2089858483,192608db42251d675da83286b1cce702) (ScriptedImporter) -> (artifact id: '3ed742930ec67b1252201765729743f5') in 0.00216725 seconds
Number of updated asset objects reloaded before import = 0Number of asset objects unloaded after import = 1

========================================================================
Received Import Request.
  Time since last request: 0.000058 seconds.
  path: Assets/POLYGON city pack/Materials/Colors_buildings/H1.mat
  artifactKey: Guid(764481942b4df2a40857026c71dfae1f) Importer(2089858483,192608db42251d675da83286b1cce702)
Start importing Assets/POLYGON city pack/Materials/Colors_buildings/H1.mat using Guid(764481942b4df2a40857026c71dfae1f) Importer(2089858483,192608db42251d675da83286b1cce702) (ScriptedImporter) -> (artifact id: '07fdc9d748b6f295086e685063c68d5e') in 0.00423625 seconds
Number of updated asset objects reloaded before import = 0Number of asset objects unloaded after import = 1

========================================================================
Received Import Request.
  Time since last request: 0.000069 seconds.
  path: Assets/POLYGON city pack/Materials/Material_meshs/Bench 2.mat
  artifactKey: Guid(3c61eab8b04b7b84d89327b21cc91c6e) Importer(2089858483,192608db42251d675da83286b1cce702)
Start importing Assets/POLYGON city pack/Materials/Material_meshs/Bench 2.mat using Guid(3c61eab8b04b7b84d89327b21cc91c6e) Importer(2089858483,192608db42251d675da83286b1cce702) (ScriptedImporter) -> (artifact id: '1467f190936a86e4804eb6c5ad3ee455') in 0.006404208 seconds
Number of updated asset objects reloaded before import = 0Number of asset objects unloaded after import = 2

========================================================================
Received Import Request.
  Time since last request: 0.000041 seconds.
  path: Assets/POLYGON city pack/Materials/Material_meshs/Sign_speed_50.mat
  artifactKey: Guid(3469377aa9a97234b964fc824e7105d9) Importer(2089858483,192608db42251d675da83286b1cce702)
Start importing Assets/POLYGON city pack/Materials/Material_meshs/Sign_speed_50.mat using Guid(3469377aa9a97234b964fc824e7105d9) Importer(2089858483,192608db42251d675da83286b1cce702) (ScriptedImporter) -> (artifact id: 'cee392ad2e5e3ebd655881417fe7f6ee') in 0.008883334 seconds
Number of updated asset objects reloaded before import = 0Number of asset objects unloaded after import = 2

========================================================================
Received Import Request.
  Time since last request: 0.000035 seconds.
  path: Assets/POLYGON city pack/Materials/Colors_buildings/J2.mat
  artifactKey: Guid(fe6ba248f97095d49869fcb5611b50d4) Importer(2089858483,192608db42251d675da83286b1cce702)
Start importing Assets/POLYGON city pack/Materials/Colors_buildings/J2.mat using Guid(fe6ba248f97095d49869fcb5611b50d4) Importer(2089858483,192608db42251d675da83286b1cce702) (ScriptedImporter) -> (artifact id: '767cccd39b7c859813df57b2ab81b97d') in 0.001896834 seconds
Number of updated asset objects reloaded before import = 0Number of asset objects unloaded after import = 1

========================================================================
Received Import Request.
  Time since last request: 0.000075 seconds.
  path: Assets/assets/nature/cliff_cave_stone.fbx
  artifactKey: Guid(7a14f1816b1ce4a7d8c03f543cb23aa5) Importer(2089858483,192608db42251d675da83286b1cce702)
Start importing Assets/assets/nature/cliff_cave_stone.fbx using Guid(7a14f1816b1ce4a7d8c03f543cb23aa5) Importer(2089858483,192608db42251d675da83286b1cce702) (ScriptedImporter) -> (artifact id: 'fc4cbaf813f5e994bac5e75adec46341') in 0.006738292 seconds
Number of updated asset objects reloaded before import = 0Number of asset objects unloaded after import = 8

========================================================================
Received Import Request.
  Time since last request: 0.000061 seconds.
  path: Assets/POLYGON city pack/Materials/Material_meshs/Power_poles.mat
  artifactKey: Guid(1d6439e13e326664fbb0ed5e369cc105) Importer(2089858483,192608db42251d675da83286b1cce702)
Start importing Assets/POLYGON city pack/Materials/Material_meshs/Power_poles.mat using Guid(1d6439e13e326664fbb0ed5e369cc105) Importer(2089858483,192608db42251d675da83286b1cce702) (ScriptedImporter) -> (artifact id: '2a3fe987c18b399c2d6b166341e2df96') in 0.0023725 seconds
Number of updated asset objects reloaded before import = 0Number of asset objects unloaded after import = 2

========================================================================
Received Import Request.
  Time since last request: 0.000058 seconds.
  path: Assets/POLYGON city pack/Materials/Material_meshs/Sign_traffic 4.mat
  artifactKey: Guid(6211d6c20e4e0f7468c34706610697bc) Importer(2089858483,192608db42251d675da83286b1cce702)
Start importing Assets/POLYGON city pack/Materials/Material_meshs/Sign_traffic 4.mat using Guid(6211d6c20e4e0f7468c34706610697bc) Importer(2089858483,192608db42251d675da83286b1cce702) (ScriptedImporter) -> (artifact id: '13e3850934a916f22e48a87c262cc246') in 0.00201125 seconds
Number of updated asset objects reloaded before import = 0Number of asset objects unloaded after import = 2

========================================================================
Received Import Request.
  Time since last request: 0.000065 seconds.
  path: Assets/POLYGON city pack/Materials/Colors_buildings/G3.mat
  artifactKey: Guid(ed6309fcf2465f8459ee0d575167c0ed) Importer(2089858483,192608db42251d675da83286b1cce702)
Start importing Assets/POLYGON city pack/Materials/Colors_buildings/G3.mat using Guid(ed6309fcf2465f8459ee0d575167c0ed) Importer(2089858483,192608db42251d675da83286b1cce702) (ScriptedImporter) -> (artifact id: '2befbb9fd1282e0d6eb860410fe38753') in 0.00267475 seconds
Number of updated asset objects reloaded before import = 0Number of asset objects unloaded after import = 1

========================================================================
Received Import Request.
  Time since last request: 0.000129 seconds.
  path: Assets/POLYGON city pack/Materials/Colors_buildings/y_2.mat
  artifactKey: Guid(3f6105d90f7e5cc419dc8e03de25c34c) Importer(2089858483,192608db42251d675da83286b1cce702)
Start importing Assets/POLYGON city pack/Materials/Colors_buildings/y_2.mat using Guid(3f6105d90f7e5cc419dc8e03de25c34c) Importer(2089858483,192608db42251d675da83286b1cce702) (ScriptedImporter) -> (artifact id: 'f3fe413f25e9124c01805ca32933a899') in 0.002108875 seconds
Number of updated asset objects reloaded before import = 0Number of asset objects unloaded after import = 1

========================================================================
Received Import Request.
  Time since last request: 0.000047 seconds.
  path: Assets/POLYGON city pack/Materials/Material_meshs/bench.mat
  artifactKey: Guid(0cfe2f16ddac5b04b8acda9e8f8cb3ee) Importer(2089858483,192608db42251d675da83286b1cce702)
Start importing Assets/POLYGON city pack/Materials/Material_meshs/bench.mat using Guid(0cfe2f16ddac5b04b8acda9e8f8cb3ee) Importer(2089858483,192608db42251d675da83286b1cce702) (ScriptedImporter) -> (artifact id: 'fa7ae6be69aeb19d8a1f558b80e27289') in 0.002093375 seconds
Number of updated asset objects reloaded before import = 0Number of asset objects unloaded after import = 2

========================================================================
Received Import Request.
  Time since last request: 0.000081 seconds.
  path: Assets/POLYGON city pack/Materials/Material_meshs/Fire_department.mat
  artifactKey: Guid(75eba861b5688674a9259d1205f4c4b7) Importer(2089858483,192608db42251d675da83286b1cce702)
Start importing Assets/POLYGON city pack/Materials/Material_meshs/Fire_department.mat using Guid(75eba861b5688674a9259d1205f4c4b7) Importer(2089858483,192608db42251d675da83286b1cce702) (ScriptedImporter) -> (artifact id: 'ea19d805e0c3242843344cd62debf669') in 0.002834583 seconds
Number of updated asset objects reloaded before import = 0Number of asset objects unloaded after import = 2

========================================================================
Received Import Request.
  Time since last request: 0.000052 seconds.
  path: Assets/assets/nature/cliffGrey_top.fbx
  artifactKey: Guid(80ccde068bf824a29b8caee4f090d9bb) Importer(2089858483,192608db42251d675da83286b1cce702)
Start importing Assets/assets/nature/cliffGrey_top.fbx using Guid(80ccde068bf824a29b8caee4f090d9bb) Importer(2089858483,192608db42251d675da83286b1cce702) (ScriptedImporter) -> (artifact id: '74b26e90e68227445a6fad4c71a2cee1') in 0.007826541 seconds
Number of updated asset objects reloaded before import = 0Number of asset objects unloaded after import = 9

========================================================================
Received Import Request.
  Time since last request: 0.000038 seconds.
  path: Assets/POLYGON city pack/Materials/Material_meshs/can cola 1.mat
  artifactKey: Guid(bd66ca35e99389249936c646dd06c138) Importer(2089858483,192608db42251d675da83286b1cce702)
Start importing Assets/POLYGON city pack/Materials/Material_meshs/can cola 1.mat using Guid(bd66ca35e99389249936c646dd06c138) Importer(2089858483,192608db42251d675da83286b1cce702) (ScriptedImporter) -> (artifact id: 'bdef8b2808d8eb5be21d2f82d9de3c25') in 0.002664792 seconds
Number of updated asset objects reloaded before import = 0Number of asset objects unloaded after import = 2

========================================================================
Received Import Request.
  Time since last request: 0.000045 seconds.
  path: Assets/assets/nature/fence_gate.fbx
  artifactKey: Guid(812e5a656f5f74143a80b6b716a402ea) Importer(2089858483,192608db42251d675da83286b1cce702)
Start importing Assets/assets/nature/fence_gate.fbx using Guid(812e5a656f5f74143a80b6b716a402ea) Importer(2089858483,192608db42251d675da83286b1cce702) (ScriptedImporter) -> (artifact id: '004a42aa41ca6f85b3ef8081aaead921') in 0.007314416 seconds
Number of updated asset objects reloaded before import = 0Number of asset objects unloaded after import = 13

========================================================================
Received Import Request.
  Time since last request: 0.000031 seconds.
  path: Assets/POLYGON city pack/Materials/Colors_buildings/D2.mat
  artifactKey: Guid(527a2f1bf2a8e6b44a73711edbc69733) Importer(2089858483,192608db42251d675da83286b1cce702)
Start importing Assets/POLYGON city pack/Materials/Colors_buildings/D2.mat using Guid(527a2f1bf2a8e6b44a73711edbc69733) Importer(2089858483,192608db42251d675da83286b1cce702) (ScriptedImporter) -> (artifact id: '3711876ced3b8d342e39e31c42855175') in 0.001703417 seconds
Number of updated asset objects reloaded before import = 0Number of asset objects unloaded after import = 1

========================================================================
Received Import Request.
  Time since last request: 0.000072 seconds.
  path: Assets/assets/nature/cliffGrey_halfCorner.fbx
  artifactKey: Guid(8e2ebcdf43b4d42fda43dd7d3b808899) Importer(2089858483,192608db42251d675da83286b1cce702)
Start importing Assets/assets/nature/cliffGrey_halfCorner.fbx using Guid(8e2ebcdf43b4d42fda43dd7d3b808899) Importer(2089858483,192608db42251d675da83286b1cce702) (ScriptedImporter) -> (artifact id: '6f72e4d0764c0d3520359b6e171a4da0') in 0.008532916 seconds
Number of updated asset objects reloaded before import = 0Number of asset objects unloaded after import = 9

========================================================================
Received Import Request.
  Time since last request: 0.000090 seconds.
  path: Assets/assets/nature/cliff_blockHalf_stone.fbx
  artifactKey: Guid(c0558488a84e6437bb2d3104a8899536) Importer(2089858483,192608db42251d675da83286b1cce702)
Start importing Assets/assets/nature/cliff_blockHalf_stone.fbx using Guid(c0558488a84e6437bb2d3104a8899536) Importer(2089858483,192608db42251d675da83286b1cce702) (ScriptedImporter) -> (artifact id: 'f93368dfb83cd2f2b9f5a10815336c6c') in 0.007842541 seconds
Number of updated asset objects reloaded before import = 0Number of asset objects unloaded after import = 9

========================================================================
Received Import Request.
  Time since last request: 0.000419 seconds.
  path: Assets/POLYGON city pack/Materials/Material_meshs/Sign_speed_10.mat
  artifactKey: Guid(61cea1addb183bb4e8d982811f186a3d) Importer(2089858483,192608db42251d675da83286b1cce702)
Start importing Assets/POLYGON city pack/Materials/Material_meshs/Sign_speed_10.mat using Guid(61cea1addb183bb4e8d982811f186a3d) Importer(2089858483,192608db42251d675da83286b1cce702) (ScriptedImporter) -> (artifact id: 'efee184d6f09b397ae6eb262ae3eae4a') in 0.002535458 seconds
Number of updated asset objects reloaded before import = 0Number of asset objects unloaded after import = 2

========================================================================
Received Import Request.
  Time since last request: 0.000042 seconds.
  path: Assets/POLYGON city pack/Materials/Colors_buildings/F1.mat
  artifactKey: Guid(0bce4c2bd5151644a8ec6f537140cbd6) Importer(2089858483,192608db42251d675da83286b1cce702)
Start importing Assets/POLYGON city pack/Materials/Colors_buildings/F1.mat using Guid(0bce4c2bd5151644a8ec6f537140cbd6) Importer(2089858483,192608db42251d675da83286b1cce702) (ScriptedImporter) -> (artifact id: '273debf0100d4cb3caf192b9bc64fefa') in 0.002276083 seconds
Number of updated asset objects reloaded before import = 0Number of asset objects unloaded after import = 1

========================================================================
Received Import Request.
  Time since last request: 0.000071 seconds.
  path: Assets/POLYGON city pack/Materials/Material_meshs/Bus stop texture.mat
  artifactKey: Guid(225547f2cacb8b54f8cd053f8da32e1a) Importer(2089858483,192608db42251d675da83286b1cce702)
Start importing Assets/POLYGON city pack/Materials/Material_meshs/Bus stop texture.mat using Guid(225547f2cacb8b54f8cd053f8da32e1a) Importer(2089858483,192608db42251d675da83286b1cce702) (ScriptedImporter) -> (artifact id: 'c00193e193d7b7c7194a51e423c03592') in 0.001951084 seconds
Number of updated asset objects reloaded before import = 0Number of asset objects unloaded after import = 1

========================================================================
Received Import Request.
  Time since last request: 0.000099 seconds.
  path: Assets/assets/nature/cliff_diagonal_rock.fbx
  artifactKey: Guid(bbb853be5d5c84c8fb8b3d96272c8c2e) Importer(2089858483,192608db42251d675da83286b1cce702)
Start importing Assets/assets/nature/cliff_diagonal_rock.fbx using Guid(bbb853be5d5c84c8fb8b3d96272c8c2e) Importer(2089858483,192608db42251d675da83286b1cce702) (ScriptedImporter) -> (artifact id: 'fdec9b9bebc3786d5aeef0c201d2310d') in 0.007224333 seconds
Number of updated asset objects reloaded before import = 0Number of asset objects unloaded after import = 8

========================================================================
Received Import Request.
  Time since last request: 1.479387 seconds.
  path: Assets/POLYGON city pack/Materials/Material_meshs/drain 1.mat
  artifactKey: Guid(189e04874afa8ee4abde0a253fda9cee) Importer(2089858483,192608db42251d675da83286b1cce702)
Start importing Assets/POLYGON city pack/Materials/Material_meshs/drain 1.mat using Guid(189e04874afa8ee4abde0a253fda9cee) Importer(2089858483,192608db42251d675da83286b1cce702) (ScriptedImporter) -> (artifact id: '61d3916b0996fec6443efc7ceec41388') in 0.009636416 seconds
Number of updated asset objects reloaded before import = 0Number of asset objects unloaded after import = 2

========================================================================
Received Import Request.
  Time since last request: 0.000123 seconds.
  path: Assets/POLYGON city pack/Meshes,textures/Letters FBX/Letter_B.fbx
  artifactKey: Guid(e8c926a7acd350c4c89b3afae6f7f0be) Importer(2089858483,192608db42251d675da83286b1cce702)
Start importing Assets/POLYGON city pack/Meshes,textures/Letters FBX/Letter_B.fbx using Guid(e8c926a7acd350c4c89b3afae6f7f0be) Importer(2089858483,192608db42251d675da83286b1cce702) (ScriptedImporter) -> (artifact id: '802b79ce78e0a451fddd1d32b195bc48') in 0.00834925 seconds
Number of updated asset objects reloaded before import = 0Number of asset objects unloaded after import = 14

========================================================================
Received Import Request.
  Time since last request: 0.000046 seconds.
  path: Assets/POLYGON city pack/Materials/Material_meshs/street 18.mat
  artifactKey: Guid(92f5140b79602d6439da595296ee1ebe) Importer(2089858483,192608db42251d675da83286b1cce702)
Start importing Assets/POLYGON city pack/Materials/Material_meshs/street 18.mat using Guid(92f5140b79602d6439da595296ee1ebe) Importer(2089858483,192608db42251d675da83286b1cce702) (ScriptedImporter) -> (artifact id: 'dd7fc809d9d2929ad9d48d62d3302629') in 0.003442958 seconds
Number of updated asset objects reloaded before import = 0Number of asset objects unloaded after import = 2

========================================================================
Received Import Request.
  Time since last request: 0.000041 seconds.
  path: Assets/POLYGON city pack/Meshes,textures/Buildings_FBX/Building_Z.fbx
  artifactKey: Guid(f435b20fb549cd2488c72b3a5253aeae) Importer(2089858483,192608db42251d675da83286b1cce702)
Start importing Assets/POLYGON city pack/Meshes,textures/Buildings_FBX/Building_Z.fbx using Guid(f435b20fb549cd2488c72b3a5253aeae) Importer(2089858483,192608db42251d675da83286b1cce702) (ScriptedImporter) -> (artifact id: '7653561d7e02ec8a4266986476b18a82') in 0.014001833 seconds
Number of updated asset objects reloaded before import = 0Number of asset objects unloaded after import = 18

========================================================================
Received Import Request.
  Time since last request: 0.000038 seconds.
  path: Assets/POLYGON city pack/Meshes,textures/Letters FBX/Letter_J.fbx
  artifactKey: Guid(4a26bb995f0ccb841b1b303323b48e7b) Importer(2089858483,192608db42251d675da83286b1cce702)
Start importing Assets/POLYGON city pack/Meshes,textures/Letters FBX/Letter_J.fbx using Guid(4a26bb995f0ccb841b1b303323b48e7b) Importer(2089858483,192608db42251d675da83286b1cce702) (ScriptedImporter) -> (artifact id: 'b70ecd8f687a96a1c70a3f0fce75f148') in 0.008172833 seconds
Number of updated asset objects reloaded before import = 0Number of asset objects unloaded after import = 8

========================================================================
Received Import Request.
  Time since last request: 0.000035 seconds.
  path: Assets/POLYGON city pack/Materials/Material_meshs/electrcity box.mat
  artifactKey: Guid(6b57400658635bc4684faaf6448bddef) Importer(2089858483,192608db42251d675da83286b1cce702)
Start importing Assets/POLYGON city pack/Materials/Material_meshs/electrcity box.mat using Guid(6b57400658635bc4684faaf6448bddef) Importer(2089858483,192608db42251d675da83286b1cce702) (ScriptedImporter) -> (artifact id: '69ba5f0b9afa6d37c6cb7e2b19658cb0') in 0.002621 seconds
Number of updated asset objects reloaded before import = 0Number of asset objects unloaded after import = 2

========================================================================
Received Import Request.
  Time since last request: 0.000054 seconds.
  path: Assets/POLYGON city pack/Meshes,textures/props_FBX/Flower 1 light blue+ 1.png
  artifactKey: Guid(cd16eabbdefd79b43bc1ae0211308fc9) Importer(2089858483,192608db42251d675da83286b1cce702)
Start importing Assets/POLYGON city pack/Meshes,textures/props_FBX/Flower 1 light blue+ 1.png using Guid(cd16eabbdefd79b43bc1ae0211308fc9) Importer(2089858483,192608db42251d675da83286b1cce702) (ScriptedImporter) -> (artifact id: '98b0b6af0adeaba2280f76918ec3b30f') in 0.006352916 seconds
Number of updated asset objects reloaded before import = 0Number of asset objects unloaded after import = 1

========================================================================
Received Import Request.
  Time since last request: 0.000054 seconds.
  path: Assets/POLYGON city pack/Materials/Material_meshs/flower 1 A 6.mat
  artifactKey: Guid(7b2d534e6ffebce4a9c64d348150f99b) Importer(2089858483,192608db42251d675da83286b1cce702)
Start importing Assets/POLYGON city pack/Materials/Material_meshs/flower 1 A 6.mat using Guid(7b2d534e6ffebce4a9c64d348150f99b) Importer(2089858483,192608db42251d675da83286b1cce702) (ScriptedImporter) -> (artifact id: '9f123ce9268e3ac95ea7d05a84373259') in 0.002505792 seconds
Number of updated asset objects reloaded before import = 0Number of asset objects unloaded after import = 2

========================================================================
Received Import Request.
  Time since last request: 0.000056 seconds.
  path: Assets/POLYGON city pack/Materials/Material_meshs/street 20.mat
  artifactKey: Guid(366292c81715a0f47be66ba182a84b25) Importer(2089858483,192608db42251d675da83286b1cce702)
Start importing Assets/POLYGON city pack/Materials/Material_meshs/street 20.mat using Guid(366292c81715a0f47be66ba182a84b25) Importer(2089858483,192608db42251d675da83286b1cce702) (ScriptedImporter) -> (artifact id: '80af8b5b0f6ef2f58aa5af1b8a07b807') in 0.002869209 seconds
Number of updated asset objects reloaded before import = 0Number of asset objects unloaded after import = 2

========================================================================
Received Import Request.
  Time since last request: 0.000049 seconds.
  path: Assets/POLYGON city pack/Meshes,textures/Buildings_FBX/Building_R.fbx
  artifactKey: Guid(b99069b3e2b648e4cb8f1d409aa99914) Importer(2089858483,192608db42251d675da83286b1cce702)
Start importing Assets/POLYGON city pack/Meshes,textures/Buildings_FBX/Building_R.fbx using Guid(b99069b3e2b648e4cb8f1d409aa99914) Importer(2089858483,192608db42251d675da83286b1cce702) (ScriptedImporter) -> (artifact id: '3e09a632bee7c9f3dd60b8ae60d8055a') in 0.009225084 seconds
Number of updated asset objects reloaded before import = 0Number of asset objects unloaded after import = 19

========================================================================
Received Import Request.
  Time since last request: 0.000032 seconds.
  path: Assets/POLYGON city pack/Meshes,textures/Buildings_FBX/Building_K.fbx
  artifactKey: Guid(61009ff9965767047ac1770abfb3355f) Importer(2089858483,192608db42251d675da83286b1cce702)
Start importing Assets/POLYGON city pack/Meshes,textures/Buildings_FBX/Building_K.fbx using Guid(61009ff9965767047ac1770abfb3355f) Importer(2089858483,192608db42251d675da83286b1cce702) (ScriptedImporter) -> (artifact id: 'eeab2e6a5c671f667d815243247aee8c') in 0.010813917 seconds
Number of updated asset objects reloaded before import = 0Number of asset objects unloaded after import = 21

========================================================================
Received Import Request.
  Time since last request: 0.000026 seconds.
  path: Assets/POLYGON city pack/Meshes,textures/props_FBX/GlassCola.fbx
  artifactKey: Guid(9caecad2fe4bf014380a25614ef18115) Importer(2089858483,192608db42251d675da83286b1cce702)
Start importing Assets/POLYGON city pack/Meshes,textures/props_FBX/GlassCola.fbx using Guid(9caecad2fe4bf014380a25614ef18115) Importer(2089858483,192608db42251d675da83286b1cce702) (ScriptedImporter) -> (artifact id: '3334d69028c3b076604ec2d3eeeb6a03') in 0.006356667 seconds
Number of updated asset objects reloaded before import = 0Number of asset objects unloaded after import = 8

========================================================================
Received Import Request.
  Time since last request: 0.000038 seconds.
  path: Assets/POLYGON city pack/Meshes,textures/Buildings_FBX/Bank.fbx
  artifactKey: Guid(5f4bf4a930a2f2f4e935361af4a6b922) Importer(2089858483,192608db42251d675da83286b1cce702)
Start importing Assets/POLYGON city pack/Meshes,textures/Buildings_FBX/Bank.fbx using Guid(5f4bf4a930a2f2f4e935361af4a6b922) Importer(2089858483,192608db42251d675da83286b1cce702) (ScriptedImporter) -> (artifact id: '9d0e366043256dec200c5625be2d461a') in 0.011339125 seconds
Number of updated asset objects reloaded before import = 0Number of asset objects unloaded after import = 24

========================================================================
Received Import Request.
  Time since last request: 0.000028 seconds.
  path: Assets/POLYGON city pack/Meshes,textures/props_FBX/Fence_B_2.png
  artifactKey: Guid(27d64acee5bc9554f8de3bd0254ddddd) Importer(2089858483,192608db42251d675da83286b1cce702)
Start importing Assets/POLYGON city pack/Meshes,textures/props_FBX/Fence_B_2.png using Guid(27d64acee5bc9554f8de3bd0254ddddd) Importer(2089858483,192608db42251d675da83286b1cce702) (ScriptedImporter) -> (artifact id: 'da1429de8005bf2394adb2cd5bb43c4c') in 0.004900625 seconds
Number of updated asset objects reloaded before import = 0Number of asset objects unloaded after import = 1

========================================================================
Received Import Request.
  Time since last request: 0.000066 seconds.
  path: Assets/POLYGON city pack/Materials/Material_meshs/flower 2.mat
  artifactKey: Guid(48aacf39f53ce994b8b53de064f860e8) Importer(2089858483,192608db42251d675da83286b1cce702)
Start importing Assets/POLYGON city pack/Materials/Material_meshs/flower 2.mat using Guid(48aacf39f53ce994b8b53de064f860e8) Importer(2089858483,192608db42251d675da83286b1cce702) (ScriptedImporter) -> (artifact id: '61ea5d3a3a9a9f7cde2395a35f7e4dc1') in 0.002401041 seconds
Number of updated asset objects reloaded before import = 0Number of asset objects unloaded after import = 2

========================================================================
Received Import Request.
  Time since last request: 0.000053 seconds.
  path: Assets/POLYGON city pack/Materials/traffic light/Yellow light.mat
  artifactKey: Guid(2495a7e75efcd184eba75fee16e04d42) Importer(2089858483,192608db42251d675da83286b1cce702)
Start importing Assets/POLYGON city pack/Materials/traffic light/Yellow light.mat using Guid(2495a7e75efcd184eba75fee16e04d42) Importer(2089858483,192608db42251d675da83286b1cce702) (ScriptedImporter) -> (artifact id: '3f2f0d2cb97406c4cd317e622a4f1303') in 0.001891792 seconds
Number of updated asset objects reloaded before import = 0Number of asset objects unloaded after import = 1

========================================================================
Received Import Request.
  Time since last request: 0.000058 seconds.
  path: Assets/POLYGON city pack/Meshes,textures/Buildings_FBX/Build_G-Right.fbx
  artifactKey: Guid(bb1edca309ad0a442b0a690fc4e4a944) Importer(2089858483,192608db42251d675da83286b1cce702)
Start importing Assets/POLYGON city pack/Meshes,textures/Buildings_FBX/Build_G-Right.fbx using Guid(bb1edca309ad0a442b0a690fc4e4a944) Importer(2089858483,192608db42251d675da83286b1cce702) (ScriptedImporter) -> (artifact id: 'be52e4de32edd0a774df142cebfbf8d1') in 0.009054917 seconds
Number of updated asset objects reloaded before import = 0Number of asset objects unloaded after import = 19

========================================================================
Received Import Request.
  Time since last request: 0.000026 seconds.
  path: Assets/POLYGON city pack/Meshes,textures/props_FBX/Food_seller_texture.png
  artifactKey: Guid(b1545f59880bf844ab1e4171088d9853) Importer(2089858483,192608db42251d675da83286b1cce702)
Start importing Assets/POLYGON city pack/Meshes,textures/props_FBX/Food_seller_texture.png using Guid(b1545f59880bf844ab1e4171088d9853) Importer(2089858483,192608db42251d675da83286b1cce702) (ScriptedImporter) -> (artifact id: '73cb98cd187397dd21e10467dcb508bc') in 0.004999375 seconds
Number of updated asset objects reloaded before import = 0Number of asset objects unloaded after import = 1

========================================================================
Received Import Request.
  Time since last request: 0.000077 seconds.
  path: Assets/POLYGON city pack/Meshes,textures/Letters FBX/Letter_C.fbx
  artifactKey: Guid(06f4ada5d66d1df4c85bfa5c858c36ee) Importer(2089858483,192608db42251d675da83286b1cce702)
Start importing Assets/POLYGON city pack/Meshes,textures/Letters FBX/Letter_C.fbx using Guid(06f4ada5d66d1df4c85bfa5c858c36ee) Importer(2089858483,192608db42251d675da83286b1cce702) (ScriptedImporter) -> (artifact id: 'e0cd5b8a2665dce648b08c81bb4a1add') in 0.005109667 seconds
Number of updated asset objects reloaded before import = 0Number of asset objects unloaded after import = 14

========================================================================
Received Import Request.
  Time since last request: 0.000049 seconds.
  path: Assets/POLYGON city pack/Meshes,textures/props_FBX/Flower 1.fbx
  artifactKey: Guid(f527259d98e2c0646814ac63efdac060) Importer(2089858483,192608db42251d675da83286b1cce702)
Start importing Assets/POLYGON city pack/Meshes,textures/props_FBX/Flower 1.fbx using Guid(f527259d98e2c0646814ac63efdac060) Importer(2089858483,192608db42251d675da83286b1cce702) (ScriptedImporter) -> (artifact id: '29b3459069ee5097fd8ca30ff4c7a3b9') in 0.0062095 seconds
Number of updated asset objects reloaded before import = 0Number of asset objects unloaded after import = 8

========================================================================
Received Import Request.
  Time since last request: 0.000036 seconds.
  path: Assets/POLYGON city pack/Meshes,textures/Shops_FBX/grid.png
  artifactKey: Guid(9922cb1c199ed85459518a9fea40e481) Importer(2089858483,192608db42251d675da83286b1cce702)
Start importing Assets/POLYGON city pack/Meshes,textures/Shops_FBX/grid.png using Guid(9922cb1c199ed85459518a9fea40e481) Importer(2089858483,192608db42251d675da83286b1cce702) (ScriptedImporter) -> (artifact id: 'fbfdbaf4ed112e9811edd1f0799163db') in 0.005174875 seconds
Number of updated asset objects reloaded before import = 0Number of asset objects unloaded after import = 1

========================================================================
Received Import Request.
  Time since last request: 0.000088 seconds.
  path: Assets/POLYGON city pack/Meshes,textures/props_FBX/Dynamic_power_pole_cable.fbx
  artifactKey: Guid(db2ce2858abe7e2439337f36cb4c5fc2) Importer(2089858483,192608db42251d675da83286b1cce702)
Start importing Assets/POLYGON city pack/Meshes,textures/props_FBX/Dynamic_power_pole_cable.fbx using Guid(db2ce2858abe7e2439337f36cb4c5fc2) Importer(2089858483,192608db42251d675da83286b1cce702) (ScriptedImporter) -> (artifact id: '46f5e5954f867371ab8373b98cd1845a') in 0.007143708 seconds
Number of updated asset objects reloaded before import = 0Number of asset objects unloaded after import = 24

========================================================================
Received Import Request.
  Time since last request: 0.000032 seconds.
  path: Assets/POLYGON city pack/Materials/Material_meshs/water tank 2.mat
  artifactKey: Guid(13f8295c521186343bd82634ad247e2f) Importer(2089858483,192608db42251d675da83286b1cce702)
Start importing Assets/POLYGON city pack/Materials/Material_meshs/water tank 2.mat using Guid(13f8295c521186343bd82634ad247e2f) Importer(2089858483,192608db42251d675da83286b1cce702) (ScriptedImporter) -> (artifact id: '16e0e99435c041a1a10bbda51a96637d') in 0.002813917 seconds
Number of updated asset objects reloaded before import = 0Number of asset objects unloaded after import = 2

========================================================================
Received Import Request.
  Time since last request: 0.000039 seconds.
  path: Assets/POLYGON city pack/Meshes,textures/props_FBX/Bush 2.fbx
  artifactKey: Guid(e70bdd1c50a108e4c8a663076f0f9f98) Importer(2089858483,192608db42251d675da83286b1cce702)
Start importing Assets/POLYGON city pack/Meshes,textures/props_FBX/Bush 2.fbx using Guid(e70bdd1c50a108e4c8a663076f0f9f98) Importer(2089858483,192608db42251d675da83286b1cce702) (ScriptedImporter) -> (artifact id: '3eb045581716b46065602945b21ee629') in 0.005696416 seconds
Number of updated asset objects reloaded before import = 0Number of asset objects unloaded after import = 9

========================================================================
Received Import Request.
  Time since last request: 0.000036 seconds.
  path: Assets/POLYGON city pack/Meshes,textures/props_FBX/Hydrant.png
  artifactKey: Guid(3875a5afc4d220249ad0606268177057) Importer(2089858483,192608db42251d675da83286b1cce702)
Start importing Assets/POLYGON city pack/Meshes,textures/props_FBX/Hydrant.png using Guid(3875a5afc4d220249ad0606268177057) Importer(2089858483,192608db42251d675da83286b1cce702) (ScriptedImporter) -> (artifact id: '4ce80bbf4c34ec2d76eac0f21e755c71') in 0.005233875 seconds
Number of updated asset objects reloaded before import = 0Number of asset objects unloaded after import = 1

========================================================================
Received Import Request.
  Time since last request: 0.000071 seconds.
  path: Assets/POLYGON city pack/Meshes,textures/Buildings_FBX/Building_T.fbx
  artifactKey: Guid(314535d2ba8e3f64bbcbdcec6bd88089) Importer(2089858483,192608db42251d675da83286b1cce702)
Start importing Assets/POLYGON city pack/Meshes,textures/Buildings_FBX/Building_T.fbx using Guid(314535d2ba8e3f64bbcbdcec6bd88089) Importer(2089858483,192608db42251d675da83286b1cce702) (ScriptedImporter) -> (artifact id: '3c96e11e3b7890ae8dae276d469f2f3e') in 0.008734833 seconds
Number of updated asset objects reloaded before import = 0Number of asset objects unloaded after import = 20

========================================================================
Received Import Request.
  Time since last request: 0.000030 seconds.
  path: Assets/POLYGON city pack/Meshes,textures/Buildings_FBX/Car_repair_texture.png
  artifactKey: Guid(33f185214608d5046a4dc05aaf2bfba4) Importer(2089858483,192608db42251d675da83286b1cce702)
Start importing Assets/POLYGON city pack/Meshes,textures/Buildings_FBX/Car_repair_texture.png using Guid(33f185214608d5046a4dc05aaf2bfba4) Importer(2089858483,192608db42251d675da83286b1cce702) (ScriptedImporter) -> (artifact id: '07b022465108cbf232f5e443fce98dec') in 0.004857667 seconds
Number of updated asset objects reloaded before import = 0Number of asset objects unloaded after import = 1

========================================================================
Received Import Request.
  Time since last request: 0.000095 seconds.
  path: Assets/POLYGON city pack/Meshes,textures/Buildings_FBX/Building_E.fbx
  artifactKey: Guid(07a6cb84d61f3a148a0ba4f8107f49d4) Importer(2089858483,192608db42251d675da83286b1cce702)
Start importing Assets/POLYGON city pack/Meshes,textures/Buildings_FBX/Building_E.fbx using Guid(07a6cb84d61f3a148a0ba4f8107f49d4) Importer(2089858483,192608db42251d675da83286b1cce702) (ScriptedImporter) -> (artifact id: 'f18f428bcb1f709d34121a5ab35a11a2') in 0.008595125 seconds
Number of updated asset objects reloaded before import = 0Number of asset objects unloaded after import = 20

========================================================================
Received Import Request.
  Time since last request: 0.000031 seconds.
  path: Assets/POLYGON city pack/Meshes,textures/props_FBX/StreetSellerStand.fbx
  artifactKey: Guid(73f4b5d89013f594d90e403b7f63f114) Importer(2089858483,192608db42251d675da83286b1cce702)
Start importing Assets/POLYGON city pack/Meshes,textures/props_FBX/StreetSellerStand.fbx using Guid(73f4b5d89013f594d90e403b7f63f114) Importer(2089858483,192608db42251d675da83286b1cce702) (ScriptedImporter) -> (artifact id: 'be94a6e216434bf975f02fb929215b62') in 0.00676 seconds
Number of updated asset objects reloaded before import = 0Number of asset objects unloaded after import = 9

========================================================================
Received Import Request.
  Time since last request: 0.000035 seconds.
  path: Assets/POLYGON city pack/Meshes,textures/Buildings_FBX/Building_B1.fbx
  artifactKey: Guid(58dc609a263a7af4990b33b3be735e9a) Importer(2089858483,192608db42251d675da83286b1cce702)
Start importing Assets/POLYGON city pack/Meshes,textures/Buildings_FBX/Building_B1.fbx using Guid(58dc609a263a7af4990b33b3be735e9a) Importer(2089858483,192608db42251d675da83286b1cce702) (ScriptedImporter) -> (artifact id: '2489a37faeac90dad29fb6cd1c74935c') in 0.010748833 seconds
Number of updated asset objects reloaded before import = 0Number of asset objects unloaded after import = 18

========================================================================
Received Import Request.
  Time since last request: 0.000027 seconds.
  path: Assets/POLYGON city pack/Meshes,textures/Buildings_FBX/Motel.fbx
  artifactKey: Guid(6efe3076d9dfcb24e9623a78b56b2cca) Importer(2089858483,192608db42251d675da83286b1cce702)
Start importing Assets/POLYGON city pack/Meshes,textures/Buildings_FBX/Motel.fbx using Guid(6efe3076d9dfcb24e9623a78b56b2cca) Importer(2089858483,192608db42251d675da83286b1cce702) (ScriptedImporter) -> (artifact id: 'eda909e209d82eca62b10f07967d11c7') in 0.010548166 seconds
Number of updated asset objects reloaded before import = 0Number of asset objects unloaded after import = 23

========================================================================
Received Import Request.
  Time since last request: 0.000029 seconds.
  path: Assets/POLYGON city pack/Materials/Material_meshs/phone botth.mat
  artifactKey: Guid(910d545f9ccbd0445bfb10c95945ac9e) Importer(2089858483,192608db42251d675da83286b1cce702)
Start importing Assets/POLYGON city pack/Materials/Material_meshs/phone botth.mat using Guid(910d545f9ccbd0445bfb10c95945ac9e) Importer(2089858483,192608db42251d675da83286b1cce702) (ScriptedImporter) -> (artifact id: '7ba7a3a473bfe37bdfa56069d39ece4a') in 0.002704083 seconds
Number of updated asset objects reloaded before import = 0Number of asset objects unloaded after import = 2

========================================================================
Received Import Request.
  Time since last request: 0.000032 seconds.
  path: Assets/POLYGON city pack/Meshes,textures/props_FBX/Wall 2.fbx
  artifactKey: Guid(b96bc629bd1b6524281a561f6a967bf5) Importer(2089858483,192608db42251d675da83286b1cce702)
Start importing Assets/POLYGON city pack/Meshes,textures/props_FBX/Wall 2.fbx using Guid(b96bc629bd1b6524281a561f6a967bf5) Importer(2089858483,192608db42251d675da83286b1cce702) (ScriptedImporter) -> (artifact id: 'ddfa01ade5547f23d461b0a30d67f63c') in 0.005914417 seconds
Number of updated asset objects reloaded before import = 0Number of asset objects unloaded after import = 9

========================================================================
Received Import Request.
  Time since last request: 0.000038 seconds.
  path: Assets/POLYGON city pack/Meshes,textures/Shops_FBX/Shop_A_texture.png
  artifactKey: Guid(72b5cb87b430dfc44926b0478c2d4d04) Importer(2089858483,192608db42251d675da83286b1cce702)
Start importing Assets/POLYGON city pack/Meshes,textures/Shops_FBX/Shop_A_texture.png using Guid(72b5cb87b430dfc44926b0478c2d4d04) Importer(2089858483,192608db42251d675da83286b1cce702) (ScriptedImporter) -> (artifact id: '7e41e30b072e369e034d361984e1dccd') in 0.005230875 seconds
Number of updated asset objects reloaded before import = 0Number of asset objects unloaded after import = 1

========================================================================
Received Import Request.
  Time since last request: 0.000070 seconds.
  path: Assets/POLYGON city pack/Materials/Material_meshs/street 8.mat
  artifactKey: Guid(f66625c0d638e4441aad72b0e59126c2) Importer(2089858483,192608db42251d675da83286b1cce702)
Start importing Assets/POLYGON city pack/Materials/Material_meshs/street 8.mat using Guid(f66625c0d638e4441aad72b0e59126c2) Importer(2089858483,192608db42251d675da83286b1cce702) (ScriptedImporter) -> (artifact id: 'f5df8ce68e0e4e6b2b8ba17d3d777045') in 0.002400167 seconds
Number of updated asset objects reloaded before import = 0Number of asset objects unloaded after import = 2

========================================================================
Received Import Request.
  Time since last request: 0.000030 seconds.
  path: Assets/POLYGON city pack/Meshes,textures/Letters FBX/Letter_T.fbx
  artifactKey: Guid(ca65588a8bd7c3b4ba57bc43256d6375) Importer(2089858483,192608db42251d675da83286b1cce702)
Start importing Assets/POLYGON city pack/Meshes,textures/Letters FBX/Letter_T.fbx using Guid(ca65588a8bd7c3b4ba57bc43256d6375) Importer(2089858483,192608db42251d675da83286b1cce702) (ScriptedImporter) -> (artifact id: 'b33eafc21c6d4d5ff9fa8269b5582494') in 0.006101917 seconds
Number of updated asset objects reloaded before import = 0Number of asset objects unloaded after import = 8

========================================================================
Received Import Request.
  Time since last request: 0.000033 seconds.
  path: Assets/POLYGON city pack/Materials/Material_meshs/traffic_obj.mat
  artifactKey: Guid(f4acfc13e074a6e43bc89c69d707c810) Importer(2089858483,192608db42251d675da83286b1cce702)
Start importing Assets/POLYGON city pack/Materials/Material_meshs/traffic_obj.mat using Guid(f4acfc13e074a6e43bc89c69d707c810) Importer(2089858483,192608db42251d675da83286b1cce702) (ScriptedImporter) -> (artifact id: '9da7e5d5ceff1a34d36178e0d015e1aa') in 0.002336292 seconds
Number of updated asset objects reloaded before import = 0Number of asset objects unloaded after import = 2

========================================================================
Received Import Request.
  Time since last request: 0.000033 seconds.
  path: Assets/POLYGON city pack/Meshes,textures/Buildings_FBX/Building_A.fbx
  artifactKey: Guid(bbee6f5e04c54854dba4ea612e4d83c5) Importer(2089858483,192608db42251d675da83286b1cce702)
Start importing Assets/POLYGON city pack/Meshes,textures/Buildings_FBX/Building_A.fbx using Guid(bbee6f5e04c54854dba4ea612e4d83c5) Importer(2089858483,192608db42251d675da83286b1cce702) (ScriptedImporter) -> (artifact id: '14bb711fc4494c499a792b84770a7281') in 0.009304167 seconds
Number of updated asset objects reloaded before import = 0Number of asset objects unloaded after import = 21

========================================================================
Received Import Request.
  Time since last request: 0.000024 seconds.
  path: Assets/POLYGON city pack/Meshes,textures/Letters FBX/Letter_Z.fbx
  artifactKey: Guid(9b8e689d75417874c9d55a7d1098ca35) Importer(2089858483,192608db42251d675da83286b1cce702)
Start importing Assets/POLYGON city pack/Meshes,textures/Letters FBX/Letter_Z.fbx using Guid(9b8e689d75417874c9d55a7d1098ca35) Importer(2089858483,192608db42251d675da83286b1cce702) (ScriptedImporter) -> (artifact id: '42561ecb66dd56e33775bf04d6334b38') in 0.005331458 seconds
Number of updated asset objects reloaded before import = 0Number of asset objects unloaded after import = 8

========================================================================
Received Import Request.
  Time since last request: 0.000047 seconds.
  path: Assets/POLYGON city pack/Materials/color_windows/Windows no light.mat
  artifactKey: Guid(26df91506bf83b343b8083c5322323ae) Importer(2089858483,192608db42251d675da83286b1cce702)
Start importing Assets/POLYGON city pack/Materials/color_windows/Windows no light.mat using Guid(26df91506bf83b343b8083c5322323ae) Importer(2089858483,192608db42251d675da83286b1cce702) (ScriptedImporter) -> (artifact id: '3adcd12a18359af40707ca2887d811ec') in 0.001868334 seconds
Number of updated asset objects reloaded before import = 0Number of asset objects unloaded after import = 1

========================================================================
Received Import Request.
  Time since last request: 0.000078 seconds.
  path: Assets/POLYGON city pack/Meshes,textures/Shops_FBX/Shop_C.fbx
  artifactKey: Guid(96aaef09f81d3bd4583753e91476cfdc) Importer(2089858483,192608db42251d675da83286b1cce702)
Start importing Assets/POLYGON city pack/Meshes,textures/Shops_FBX/Shop_C.fbx using Guid(96aaef09f81d3bd4583753e91476cfdc) Importer(2089858483,192608db42251d675da83286b1cce702) (ScriptedImporter) -> (artifact id: '0d3dc61565ef8050be27f879b98b512f') in 0.012529583 seconds
Number of updated asset objects reloaded before import = 0Number of asset objects unloaded after import = 31

========================================================================
Received Import Request.
  Time since last request: 0.000033 seconds.
  path: Assets/POLYGON city pack/Meshes,textures/Shops_FBX/Gas_pump_texture.png
  artifactKey: Guid(eb51553d840fc824a9b6b45fefb28750) Importer(2089858483,192608db42251d675da83286b1cce702)
Start importing Assets/POLYGON city pack/Meshes,textures/Shops_FBX/Gas_pump_texture.png using Guid(eb51553d840fc824a9b6b45fefb28750) Importer(2089858483,192608db42251d675da83286b1cce702) (ScriptedImporter) -> (artifact id: '9d40f774a841de343e3d9dbe14272209') in 0.005405084 seconds
Number of updated asset objects reloaded before import = 0Number of asset objects unloaded after import = 1

========================================================================
Received Import Request.
  Time since last request: 0.000044 seconds.
  path: Assets/POLYGON city pack/Materials/Material_meshs/street 21.mat
  artifactKey: Guid(b104df4148bcf294b9ec4a842c8e5b51) Importer(2089858483,192608db42251d675da83286b1cce702)
Start importing Assets/POLYGON city pack/Materials/Material_meshs/street 21.mat using Guid(b104df4148bcf294b9ec4a842c8e5b51) Importer(2089858483,192608db42251d675da83286b1cce702) (ScriptedImporter) -> (artifact id: '1ffd5bc658fd4dd659740e3587fa632f') in 0.002255042 seconds
Number of updated asset objects reloaded before import = 0Number of asset objects unloaded after import = 2

========================================================================
Received Import Request.
  Time since last request: 0.000036 seconds.
  path: Assets/POLYGON city pack/Meshes,textures/Letters FBX/Letter_U.fbx
  artifactKey: Guid(958c36b54f0e6f743b434738726556c0) Importer(2089858483,192608db42251d675da83286b1cce702)
Start importing Assets/POLYGON city pack/Meshes,textures/Letters FBX/Letter_U.fbx using Guid(958c36b54f0e6f743b434738726556c0) Importer(2089858483,192608db42251d675da83286b1cce702) (ScriptedImporter) -> (artifact id: 'f0e43bf2804860cd5e0dc157724e7d65') in 0.005743125 seconds
Number of updated asset objects reloaded before import = 0Number of asset objects unloaded after import = 8

========================================================================
Received Import Request.
  Time since last request: 0.000033 seconds.
  path: Assets/POLYGON city pack/Materials/Material_meshs/street 12.mat
  artifactKey: Guid(2bc525635b15d14438a320ee5aaafaf0) Importer(2089858483,192608db42251d675da83286b1cce702)
Start importing Assets/POLYGON city pack/Materials/Material_meshs/street 12.mat using Guid(2bc525635b15d14438a320ee5aaafaf0) Importer(2089858483,192608db42251d675da83286b1cce702) (ScriptedImporter) -> (artifact id: '8e12b7888e1b9241edca6c82519a6934') in 0.002597167 seconds
Number of updated asset objects reloaded before import = 0Number of asset objects unloaded after import = 2

========================================================================
Received Import Request.
  Time since last request: 0.000036 seconds.
  path: Assets/POLYGON city pack/Materials/Material_meshs/street 7.mat
  artifactKey: Guid(b991b79651d0c31409fa826ebb42f3d7) Importer(2089858483,192608db42251d675da83286b1cce702)
Start importing Assets/POLYGON city pack/Materials/Material_meshs/street 7.mat using Guid(b991b79651d0c31409fa826ebb42f3d7) Importer(2089858483,192608db42251d675da83286b1cce702) (ScriptedImporter) -> (artifact id: '8a6a0bd5748742bfd774cf21e6327eb6') in 0.002162916 seconds
Number of updated asset objects reloaded before import = 0Number of asset objects unloaded after import = 2

========================================================================
Received Import Request.
  Time since last request: 0.000048 seconds.
  path: Assets/POLYGON city pack/Materials/Material_meshs/grass.mat
  artifactKey: Guid(9904cd0f6245e884999431c0bdf22fef) Importer(2089858483,192608db42251d675da83286b1cce702)
Start importing Assets/POLYGON city pack/Materials/Material_meshs/grass.mat using Guid(9904cd0f6245e884999431c0bdf22fef) Importer(2089858483,192608db42251d675da83286b1cce702) (ScriptedImporter) -> (artifact id: '676fb1881b25cfa0011e85e5db66f297') in 0.001555125 seconds
Number of updated asset objects reloaded before import = 0Number of asset objects unloaded after import = 2

========================================================================
Received Import Request.
  Time since last request: 0.000047 seconds.
  path: Assets/POLYGON city pack/Materials/Material_meshs/speed_limit_sign_50.mat
  artifactKey: Guid(90dd11efc0b3efc40a8903f17cbb72a2) Importer(2089858483,192608db42251d675da83286b1cce702)
Start importing Assets/POLYGON city pack/Materials/Material_meshs/speed_limit_sign_50.mat using Guid(90dd11efc0b3efc40a8903f17cbb72a2) Importer(2089858483,192608db42251d675da83286b1cce702) (ScriptedImporter) -> (artifact id: '35e8dafed8caeea2bb3df50fa5008035') in 0.00197525 seconds
Number of updated asset objects reloaded before import = 0Number of asset objects unloaded after import = 2

========================================================================
Received Import Request.
  Time since last request: 0.000045 seconds.
  path: Assets/POLYGON city pack/Materials/Material_meshs/police.mat
  artifactKey: Guid(a199066e22e12114f948d0d042dee7c5) Importer(2089858483,192608db42251d675da83286b1cce702)
Start importing Assets/POLYGON city pack/Materials/Material_meshs/police.mat using Guid(a199066e22e12114f948d0d042dee7c5) Importer(2089858483,192608db42251d675da83286b1cce702) (ScriptedImporter) -> (artifact id: '68e7a062c5857625d0c794b203af19c1') in 0.002537458 seconds
Number of updated asset objects reloaded before import = 0Number of asset objects unloaded after import = 2

========================================================================
Received Import Request.
  Time since last request: 0.000035 seconds.
  path: Assets/POLYGON city pack/Materials/Material_meshs/i4.mat
  artifactKey: Guid(c2cd0d24c1534964ea6cfaeb51f2b9d6) Importer(2089858483,192608db42251d675da83286b1cce702)
Start importing Assets/POLYGON city pack/Materials/Material_meshs/i4.mat using Guid(c2cd0d24c1534964ea6cfaeb51f2b9d6) Importer(2089858483,192608db42251d675da83286b1cce702) (ScriptedImporter) -> (artifact id: '4de1d918b4bafc67aabae3bf73d26a5a') in 0.001891625 seconds
Number of updated asset objects reloaded before import = 0Number of asset objects unloaded after import = 2

========================================================================
Received Import Request.
  Time since last request: 0.000031 seconds.
  path: Assets/POLYGON city pack/Materials/traffic light/Red.mat
  artifactKey: Guid(0414ceb8a1b2e2545b10709a55723d88) Importer(2089858483,192608db42251d675da83286b1cce702)
Start importing Assets/POLYGON city pack/Materials/traffic light/Red.mat using Guid(0414ceb8a1b2e2545b10709a55723d88) Importer(2089858483,192608db42251d675da83286b1cce702) (ScriptedImporter) -> (artifact id: '5cc49cf84167754cdc45c6abba23d430') in 0.001451916 seconds
Number of updated asset objects reloaded before import = 0Number of asset objects unloaded after import = 1

========================================================================
Received Import Request.
  Time since last request: 0.000055 seconds.
  path: Assets/POLYGON city pack/Meshes,textures/props_FBX/Wall 6.fbx
  artifactKey: Guid(f455209cdd939b049a0e2c81c9511243) Importer(2089858483,192608db42251d675da83286b1cce702)
Start importing Assets/POLYGON city pack/Meshes,textures/props_FBX/Wall 6.fbx using Guid(f455209cdd939b049a0e2c81c9511243) Importer(2089858483,192608db42251d675da83286b1cce702) (ScriptedImporter) -> (artifact id: '942abd4b6fe68d7021eaa9d21ef124d9') in 0.005421166 seconds
Number of updated asset objects reloaded before import = 0Number of asset objects unloaded after import = 9

========================================================================
Received Import Request.
  Time since last request: 0.000038 seconds.
  path: Assets/POLYGON city pack/Meshes,textures/Letters FBX/Letter_Q.fbx
  artifactKey: Guid(6527cb537ad6c4b469ed65da0ac5f43c) Importer(2089858483,192608db42251d675da83286b1cce702)
Start importing Assets/POLYGON city pack/Meshes,textures/Letters FBX/Letter_Q.fbx using Guid(6527cb537ad6c4b469ed65da0ac5f43c) Importer(2089858483,192608db42251d675da83286b1cce702) (ScriptedImporter) -> (artifact id: '32b0afe1d283e6caec03fc4289648a5f') in 0.005831334 seconds
Number of updated asset objects reloaded before import = 0Number of asset objects unloaded after import = 8

========================================================================
Received Import Request.
  Time since last request: 0.000041 seconds.
  path: Assets/POLYGON city pack/Meshes,textures/props_FBX/Grass.fbx
  artifactKey: Guid(3900d928ccec44041bdd0c3d50026c02) Importer(2089858483,192608db42251d675da83286b1cce702)
Start importing Assets/POLYGON city pack/Meshes,textures/props_FBX/Grass.fbx using Guid(3900d928ccec44041bdd0c3d50026c02) Importer(2089858483,192608db42251d675da83286b1cce702) (ScriptedImporter) -> (artifact id: 'b0218aa1f99f6e7dbc89f17427a3dfb5') in 0.006243917 seconds
Number of updated asset objects reloaded before import = 0Number of asset objects unloaded after import = 8

========================================================================
Received Import Request.
  Time since last request: 0.000038 seconds.
  path: Assets/POLYGON city pack/Meshes,textures/Letters FBX/Letter_H.fbx
  artifactKey: Guid(a83780d4fbb08eb49b703d2298b149cb) Importer(2089858483,192608db42251d675da83286b1cce702)
Start importing Assets/POLYGON city pack/Meshes,textures/Letters FBX/Letter_H.fbx using Guid(a83780d4fbb08eb49b703d2298b149cb) Importer(2089858483,192608db42251d675da83286b1cce702) (ScriptedImporter) -> (artifact id: '0707f08ad1ac08842a08c413184b6d8d') in 0.004913625 seconds
Number of updated asset objects reloaded before import = 0Number of asset objects unloaded after import = 14

========================================================================
Received Import Request.
  Time since last request: 0.000027 seconds.
  path: Assets/POLYGON city pack/Meshes,textures/Buildings_FBX/Building_M.fbx
  artifactKey: Guid(33a58fa9897d81c4fa6655fc4a19a500) Importer(2089858483,192608db42251d675da83286b1cce702)
Start importing Assets/POLYGON city pack/Meshes,textures/Buildings_FBX/Building_M.fbx using Guid(33a58fa9897d81c4fa6655fc4a19a500) Importer(2089858483,192608db42251d675da83286b1cce702) (ScriptedImporter) -> (artifact id: '10273185d60b152df4e4179bd96b4b71') in 0.008483833 seconds
Number of updated asset objects reloaded before import = 0Number of asset objects unloaded after import = 16

========================================================================
Received Import Request.
  Time since last request: 0.000029 seconds.
  path: Assets/POLYGON city pack/Meshes,textures/Letters FBX/Letter_L.fbx
  artifactKey: Guid(49b01d2c02539464f98ac2754a163c33) Importer(2089858483,192608db42251d675da83286b1cce702)
Start importing Assets/POLYGON city pack/Meshes,textures/Letters FBX/Letter_L.fbx using Guid(49b01d2c02539464f98ac2754a163c33) Importer(2089858483,192608db42251d675da83286b1cce702) (ScriptedImporter) -> (artifact id: '33af861d4a887a9e00d0fee1b24e2964') in 0.005750084 seconds
Number of updated asset objects reloaded before import = 0Number of asset objects unloaded after import = 8

========================================================================
Received Import Request.
  Time since last request: 0.000042 seconds.
  path: Assets/POLYGON city pack/Materials/Material_meshs/parking meter.mat
  artifactKey: Guid(a2d7929290d968846afe406302bf3fa6) Importer(2089858483,192608db42251d675da83286b1cce702)
Start importing Assets/POLYGON city pack/Materials/Material_meshs/parking meter.mat using Guid(a2d7929290d968846afe406302bf3fa6) Importer(2089858483,192608db42251d675da83286b1cce702) (ScriptedImporter) -> (artifact id: 'd46e59515d938f27f123893dfebd23be') in 0.002313083 seconds
Number of updated asset objects reloaded before import = 0Number of asset objects unloaded after import = 2

========================================================================
Received Import Request.
  Time since last request: 1.058369 seconds.
  path: Assets/POLYGON city pack/Meshes,textures/props_FBX/air conditioner roof.png
  artifactKey: Guid(3d103ca190f8b1f43ba15dda71097d0a) Importer(2089858483,192608db42251d675da83286b1cce702)
Start importing Assets/POLYGON city pack/Meshes,textures/props_FBX/air conditioner roof.png using Guid(3d103ca190f8b1f43ba15dda71097d0a) Importer(2089858483,192608db42251d675da83286b1cce702) (ScriptedImporter) -> (artifact id: '5a4c809a713d713ef51dd3a89b5dda46') in 0.007650458 seconds
Number of updated asset objects reloaded before import = 0Number of asset objects unloaded after import = 1

========================================================================
Received Import Request.
  Time since last request: 0.000132 seconds.
  path: Assets/POLYGON city pack/Meshes,textures/props_FBX/bush 2.png
  artifactKey: Guid(bc8acc0684df1584a8c0857eb4114642) Importer(2089858483,192608db42251d675da83286b1cce702)
Start importing Assets/POLYGON city pack/Meshes,textures/props_FBX/bush 2.png using Guid(bc8acc0684df1584a8c0857eb4114642) Importer(2089858483,192608db42251d675da83286b1cce702) (ScriptedImporter) -> (artifact id: 'dbe37b274a10221200e196ff743e138a') in 0.005566458 seconds
Number of updated asset objects reloaded before import = 0Number of asset objects unloaded after import = 1

========================================================================
Received Import Request.
  Time since last request: 0.000074 seconds.
  path: Assets/POLYGON city pack/Meshes,textures/props_FBX/trashBag.fbx
  artifactKey: Guid(1231b14ac007ccd4992721dedc4f16b4) Importer(2089858483,192608db42251d675da83286b1cce702)
Start importing Assets/POLYGON city pack/Meshes,textures/props_FBX/trashBag.fbx using Guid(1231b14ac007ccd4992721dedc4f16b4) Importer(2089858483,192608db42251d675da83286b1cce702) (ScriptedImporter) -> (artifact id: '53125cb4a8626e065137ac3046f1ea82') in 0.007006375 seconds
Number of updated asset objects reloaded before import = 0Number of asset objects unloaded after import = 8

========================================================================
Received Import Request.
  Time since last request: 0.000081 seconds.
  path: Assets/POLYGON city pack/Meshes,textures/ways_FBX/StoneWay_04.fbx
  artifactKey: Guid(dbf2dc90616c0354c9e76aa2691a5dd3) Importer(2089858483,192608db42251d675da83286b1cce702)
Start importing Assets/POLYGON city pack/Meshes,textures/ways_FBX/StoneWay_04.fbx using Guid(dbf2dc90616c0354c9e76aa2691a5dd3) Importer(2089858483,192608db42251d675da83286b1cce702) (ScriptedImporter) -> (artifact id: '5b2d8495294eae36219dd33dcd784b4b') in 0.006003833 seconds
Number of updated asset objects reloaded before import = 0Number of asset objects unloaded after import = 9

========================================================================
Received Import Request.
  Time since last request: 0.000057 seconds.
  path: Assets/POLYGON city pack/Meshes,textures/ways_FBX/WalkWay_03.fbx
  artifactKey: Guid(77508641c63c9fa4ca16c8360c6669a0) Importer(2089858483,192608db42251d675da83286b1cce702)
Start importing Assets/POLYGON city pack/Meshes,textures/ways_FBX/WalkWay_03.fbx using Guid(77508641c63c9fa4ca16c8360c6669a0) Importer(2089858483,192608db42251d675da83286b1cce702) (ScriptedImporter) -> (artifact id: '2410342b031f2ea25e4e583270a36af2') in 0.006954916 seconds
Number of updated asset objects reloaded before import = 0Number of asset objects unloaded after import = 9

========================================================================
Received Import Request.
  Time since last request: 0.000051 seconds.
  path: Assets/POLYGON city pack/Meshes,textures/props_FBX/eletrcity box 1.png
  artifactKey: Guid(a4f9875c2001ed845a51d6f704d70c69) Importer(2089858483,192608db42251d675da83286b1cce702)
Start importing Assets/POLYGON city pack/Meshes,textures/props_FBX/eletrcity box 1.png using Guid(a4f9875c2001ed845a51d6f704d70c69) Importer(2089858483,192608db42251d675da83286b1cce702) (ScriptedImporter) -> (artifact id: '3adddda8816c397d27698a8aeb0c8329') in 0.004922333 seconds
Number of updated asset objects reloaded before import = 0Number of asset objects unloaded after import = 1

========================================================================
Received Import Request.
  Time since last request: 0.000129 seconds.
  path: Assets/POLYGON city pack/Meshes,textures/traffic signs FBX/speed_limit_sign_100.png
  artifactKey: Guid(7a131ad2650146943a8e06bc8ea4e1a4) Importer(2089858483,192608db42251d675da83286b1cce702)
Start importing Assets/POLYGON city pack/Meshes,textures/traffic signs FBX/speed_limit_sign_100.png using Guid(7a131ad2650146943a8e06bc8ea4e1a4) Importer(2089858483,192608db42251d675da83286b1cce702) (ScriptedImporter) -> (artifact id: '46850231fe2c426890cdda9b2c518ae1') in 0.007226667 seconds
Number of updated asset objects reloaded before import = 0Number of asset objects unloaded after import = 1

========================================================================
Received Import Request.
  Time since last request: 0.000086 seconds.
  path: Assets/POLYGON city pack/Meshes,textures/traffic signs FBX/traffic sign 4.png
  artifactKey: Guid(3c7d3bf30059e6a4d8494df864c80ec5) Importer(2089858483,192608db42251d675da83286b1cce702)
Start importing Assets/POLYGON city pack/Meshes,textures/traffic signs FBX/traffic sign 4.png using Guid(3c7d3bf30059e6a4d8494df864c80ec5) Importer(2089858483,192608db42251d675da83286b1cce702) (ScriptedImporter) -> (artifact id: '758c1f010a42a8e3fe751b1f98633aa6') in 0.004741917 seconds
Number of updated asset objects reloaded before import = 0Number of asset objects unloaded after import = 1

========================================================================
Received Import Request.
  Time since last request: 0.000090 seconds.
  path: Assets/POLYGON city pack/Meshes,textures/traffic signs FBX/traffic sign 5.png
  artifactKey: Guid(627f2e2486fd7dd41a61eba42ec0f2a4) Importer(2089858483,192608db42251d675da83286b1cce702)
Start importing Assets/POLYGON city pack/Meshes,textures/traffic signs FBX/traffic sign 5.png using Guid(627f2e2486fd7dd41a61eba42ec0f2a4) Importer(2089858483,192608db42251d675da83286b1cce702) (ScriptedImporter) -> (artifact id: '2f7e8b7f11c55dc6da35a7eb91663693') in 0.0052865 seconds
Number of updated asset objects reloaded before import = 0Number of asset objects unloaded after import = 1

========================================================================
Received Import Request.
  Time since last request: 0.000087 seconds.
  path: Assets/POLYGON city pack/Meshes,textures/ways_FBX/Street_08.png
  artifactKey: Guid(162b5a686d179864484304a41c79d6d4) Importer(2089858483,192608db42251d675da83286b1cce702)
Start importing Assets/POLYGON city pack/Meshes,textures/ways_FBX/Street_08.png using Guid(162b5a686d179864484304a41c79d6d4) Importer(2089858483,192608db42251d675da83286b1cce702) (ScriptedImporter) -> (artifact id: 'da9f95238a4b080f6953f93f6bbb30e4') in 0.005024458 seconds
Number of updated asset objects reloaded before import = 0Number of asset objects unloaded after import = 1

========================================================================
Received Import Request.
  Time since last request: 0.000133 seconds.
  path: Assets/POLYGON city pack/Meshes,textures/ways_FBX/Street_21.png
  artifactKey: Guid(ee38df303c31c87478af52f4821cae02) Importer(2089858483,192608db42251d675da83286b1cce702)
Start importing Assets/POLYGON city pack/Meshes,textures/ways_FBX/Street_21.png using Guid(ee38df303c31c87478af52f4821cae02) Importer(2089858483,192608db42251d675da83286b1cce702) (ScriptedImporter) -> (artifact id: 'aad0292a97833aeb40dcac0220d054c2') in 0.005467459 seconds
Number of updated asset objects reloaded before import = 0Number of asset objects unloaded after import = 1

========================================================================
Received Import Request.
  Time since last request: 0.000075 seconds.
  path: Assets/POLYGON city pack/Prefabs/Buildings/Building_I_1_prefab.prefab
  artifactKey: Guid(931ecb32d754b3f40afc9a688c8cea66) Importer(2089858483,192608db42251d675da83286b1cce702)
Start importing Assets/POLYGON city pack/Prefabs/Buildings/Building_I_1_prefab.prefab using Guid(931ecb32d754b3f40afc9a688c8cea66) Importer(2089858483,192608db42251d675da83286b1cce702) (ScriptedImporter) -> (artifact id: 'db78ddffd9842669151b862006cd81d7') in 0.002865166 seconds
Number of updated asset objects reloaded before import = 0Number of asset objects unloaded after import = 15

========================================================================
Received Import Request.
  Time since last request: 0.000031 seconds.
  path: Assets/POLYGON city pack/Meshes,textures/traffic signs FBX/speed_limit_sign_25.png
  artifactKey: Guid(a7ed544c95aff5b4495b273cd2c8e484) Importer(2089858483,192608db42251d675da83286b1cce702)
Start importing Assets/POLYGON city pack/Meshes,textures/traffic signs FBX/speed_limit_sign_25.png using Guid(a7ed544c95aff5b4495b273cd2c8e484) Importer(2089858483,192608db42251d675da83286b1cce702) (ScriptedImporter) -> (artifact id: 'bae3cb2713f67f9b9f05b01597819bfe') in 0.004634834 seconds
Number of updated asset objects reloaded before import = 0Number of asset objects unloaded after import = 1

========================================================================
Received Import Request.
  Time since last request: 0.000069 seconds.
  path: Assets/POLYGON city pack/Prefabs/Floor/Street 10 Prefab.prefab
  artifactKey: Guid(d3659a253442a2d48b9e5a13a46d70e5) Importer(2089858483,192608db42251d675da83286b1cce702)
Start importing Assets/POLYGON city pack/Prefabs/Floor/Street 10 Prefab.prefab using Guid(d3659a253442a2d48b9e5a13a46d70e5) Importer(2089858483,192608db42251d675da83286b1cce702) (ScriptedImporter) -> (artifact id: '280c2726c065e45bb5dac5e839d22ddc') in 0.002054292 seconds
Number of updated asset objects reloaded before import = 0Number of asset objects unloaded after import = 10

========================================================================
Received Import Request.
  Time since last request: 0.000037 seconds.
  path: Assets/POLYGON city pack/Meshes,textures/props_FBX/pot_plant_leaf.png
  artifactKey: Guid(cf21488ffdf03a249b361ac7b5f2d5f5) Importer(2089858483,192608db42251d675da83286b1cce702)
Start importing Assets/POLYGON city pack/Meshes,textures/props_FBX/pot_plant_leaf.png using Guid(cf21488ffdf03a249b361ac7b5f2d5f5) Importer(2089858483,192608db42251d675da83286b1cce702) (ScriptedImporter) -> (artifact id: '2369741232d486309c1c19342367b843') in 0.005137334 seconds
Number of updated asset objects reloaded before import = 0Number of asset objects unloaded after import = 1

========================================================================
Received Import Request.
  Time since last request: 0.000081 seconds.
  path: Assets/POLYGON city pack/Meshes,textures/ways_FBX/Street_02.png
  artifactKey: Guid(6c92bbd88ca95564cbdeefe69536944f) Importer(2089858483,192608db42251d675da83286b1cce702)
Start importing Assets/POLYGON city pack/Meshes,textures/ways_FBX/Street_02.png using Guid(6c92bbd88ca95564cbdeefe69536944f) Importer(2089858483,192608db42251d675da83286b1cce702) (ScriptedImporter) -> (artifact id: 'fb7178ba9c45d11fe9075b039b8c2ea9') in 0.004460959 seconds
Number of updated asset objects reloaded before import = 0Number of asset objects unloaded after import = 1

========================================================================
Received Import Request.
  Time since last request: 0.000067 seconds.
  path: Assets/POLYGON city pack/Meshes,textures/ways_FBX/Sidewalk_12.fbx
  artifactKey: Guid(a095af871810f0142adbb604b61b452b) Importer(2089858483,192608db42251d675da83286b1cce702)
Start importing Assets/POLYGON city pack/Meshes,textures/ways_FBX/Sidewalk_12.fbx using Guid(a095af871810f0142adbb604b61b452b) Importer(2089858483,192608db42251d675da83286b1cce702) (ScriptedImporter) -> (artifact id: '65ff4636bd8ab32d4c2a94b92c5f8004') in 0.006598958 seconds
Number of updated asset objects reloaded before import = 0Number of asset objects unloaded after import = 9

========================================================================
Received Import Request.
  Time since last request: 0.000058 seconds.
  path: Assets/POLYGON city pack/Prefabs/Floor/Sideway 10 prefab.prefab
  artifactKey: Guid(f48ca42bbf7370343a33a9e87b1d9fdb) Importer(2089858483,192608db42251d675da83286b1cce702)
Start importing Assets/POLYGON city pack/Prefabs/Floor/Sideway 10 prefab.prefab using Guid(f48ca42bbf7370343a33a9e87b1d9fdb) Importer(2089858483,192608db42251d675da83286b1cce702) (ScriptedImporter) -> (artifact id: 'c6e26432332218044d71a526e5d76ca7') in 0.002735958 seconds
Number of updated asset objects reloaded before import = 0Number of asset objects unloaded after import = 10

========================================================================
Received Import Request.
  Time since last request: 0.000106 seconds.
  path: Assets/POLYGON city pack/Meshes,textures/props_FBX/hedge 1m.fbx
  artifactKey: Guid(dc03e5b032f8bdd448dd9e5844143962) Importer(2089858483,192608db42251d675da83286b1cce702)
Start importing Assets/POLYGON city pack/Meshes,textures/props_FBX/hedge 1m.fbx using Guid(dc03e5b032f8bdd448dd9e5844143962) Importer(2089858483,192608db42251d675da83286b1cce702) (ScriptedImporter) -> (artifact id: '18a367fd5da1cd97f9a7cd787023e300') in 0.006577625 seconds
Number of updated asset objects reloaded before import = 0Number of asset objects unloaded after import = 8

========================================================================
Received Import Request.
  Time since last request: 0.000229 seconds.
  path: Assets/POLYGON city pack/Meshes,textures/props_FBX/traffic_obj.fbx
  artifactKey: Guid(ad446666bbee14d48a005a548eecc6bc) Importer(2089858483,192608db42251d675da83286b1cce702)
Start importing Assets/POLYGON city pack/Meshes,textures/props_FBX/traffic_obj.fbx using Guid(ad446666bbee14d48a005a548eecc6bc) Importer(2089858483,192608db42251d675da83286b1cce702) (ScriptedImporter) -> (artifact id: '6651da5828cd794180965aee3fae0b85') in 0.00670075 seconds
Number of updated asset objects reloaded before import = 0Number of asset objects unloaded after import = 8

========================================================================
Received Import Request.
  Time since last request: 0.000103 seconds.
  path: Assets/POLYGON city pack/Meshes,textures/props_FBX/flower 3.fbx
  artifactKey: Guid(bc6ee7e9886584148a9f0a2fd5c56b78) Importer(2089858483,192608db42251d675da83286b1cce702)
Start importing Assets/POLYGON city pack/Meshes,textures/props_FBX/flower 3.fbx using Guid(bc6ee7e9886584148a9f0a2fd5c56b78) Importer(2089858483,192608db42251d675da83286b1cce702) (ScriptedImporter) -> (artifact id: 'e6039dd17bb796be2b5d35b54ff70afc') in 0.007528875 seconds
Number of updated asset objects reloaded before import = 0Number of asset objects unloaded after import = 8

========================================================================
Received Import Request.
  Time since last request: 0.000046 seconds.
  path: Assets/POLYGON city pack/Prefabs/Floor/Street 1 Prefab.prefab
  artifactKey: Guid(625d4ab1ce4723c449f165b8e7f27de1) Importer(2089858483,192608db42251d675da83286b1cce702)
Start importing Assets/POLYGON city pack/Prefabs/Floor/Street 1 Prefab.prefab using Guid(625d4ab1ce4723c449f165b8e7f27de1) Importer(2089858483,192608db42251d675da83286b1cce702) (ScriptedImporter) -> (artifact id: '2f1cf5023f06b6787444c13887b5791f') in 0.002156 seconds
Number of updated asset objects reloaded before import = 0Number of asset objects unloaded after import = 10

========================================================================
Received Import Request.
  Time since last request: 0.000038 seconds.
  path: Assets/POLYGON city pack/Prefabs/Buildings/Building_J_prefab.prefab
  artifactKey: Guid(7d569c6acdec3c2428d7b39889d89720) Importer(2089858483,192608db42251d675da83286b1cce702)
Start importing Assets/POLYGON city pack/Prefabs/Buildings/Building_J_prefab.prefab using Guid(7d569c6acdec3c2428d7b39889d89720) Importer(2089858483,192608db42251d675da83286b1cce702) (ScriptedImporter) -> (artifact id: 'd3bb6e095cc64fd0999f09fa9a2f31b0') in 0.003145084 seconds
Number of updated asset objects reloaded before import = 0Number of asset objects unloaded after import = 10

========================================================================
Received Import Request.
  Time since last request: 0.000049 seconds.
  path: Assets/POLYGON city pack/Meshes,textures/ways_FBX/Street_05.png
  artifactKey: Guid(2c7f514cec9664e459574f2a54338a63) Importer(2089858483,192608db42251d675da83286b1cce702)
Start importing Assets/POLYGON city pack/Meshes,textures/ways_FBX/Street_05.png using Guid(2c7f514cec9664e459574f2a54338a63) Importer(2089858483,192608db42251d675da83286b1cce702) (ScriptedImporter) -> (artifact id: '3bc82b17a3eba5d362a4c4535789524b') in 0.005079125 seconds
Number of updated asset objects reloaded before import = 0Number of asset objects unloaded after import = 1

========================================================================
Received Import Request.
  Time since last request: 0.000087 seconds.
  path: Assets/POLYGON city pack/Meshes,textures/props_FBX/leafes tree 1.png
  artifactKey: Guid(d77ac9832e1f7ce4e8ad8e45903243e6) Importer(2089858483,192608db42251d675da83286b1cce702)
Start importing Assets/POLYGON city pack/Meshes,textures/props_FBX/leafes tree 1.png using Guid(d77ac9832e1f7ce4e8ad8e45903243e6) Importer(2089858483,192608db42251d675da83286b1cce702) (ScriptedImporter) -> (artifact id: '4775cce65adfd1d9ac2744d2fae1cf29') in 0.00569025 seconds
Number of updated asset objects reloaded before import = 0Number of asset objects unloaded after import = 1

========================================================================
Received Import Request.
  Time since last request: 0.000097 seconds.
  path: Assets/POLYGON city pack/Meshes,textures/traffic signs FBX/road traffic sign.fbx
  artifactKey: Guid(696cb771241f5a44aa4268a371db368e) Importer(2089858483,192608db42251d675da83286b1cce702)
Start importing Assets/POLYGON city pack/Meshes,textures/traffic signs FBX/road traffic sign.fbx using Guid(696cb771241f5a44aa4268a371db368e) Importer(2089858483,192608db42251d675da83286b1cce702) (ScriptedImporter) -> (artifact id: '741ecb46e25a71333ac0723d0781f1c4') in 0.005875417 seconds
Number of updated asset objects reloaded before import = 0Number of asset objects unloaded after import = 12

========================================================================
Received Import Request.
  Time since last request: 0.000020 seconds.
  path: Assets/POLYGON city pack/Meshes,textures/props_FBX/traffic_warning_stand.fbx
  artifactKey: Guid(dff570513d335cf45b713cacfeec9873) Importer(2089858483,192608db42251d675da83286b1cce702)
Start importing Assets/POLYGON city pack/Meshes,textures/props_FBX/traffic_warning_stand.fbx using Guid(dff570513d335cf45b713cacfeec9873) Importer(2089858483,192608db42251d675da83286b1cce702) (ScriptedImporter) -> (artifact id: 'a7b42499a4f4a04c3ab39db974831719') in 0.006104 seconds
Number of updated asset objects reloaded before import = 0Number of asset objects unloaded after import = 8

========================================================================
Received Import Request.
  Time since last request: 0.000029 seconds.
  path: Assets/POLYGON city pack/Meshes,textures/traffic signs FBX/traffic sign 5.fbx
  artifactKey: Guid(8083cf2924f996c40934f9ef3fc85a49) Importer(2089858483,192608db42251d675da83286b1cce702)
Start importing Assets/POLYGON city pack/Meshes,textures/traffic signs FBX/traffic sign 5.fbx using Guid(8083cf2924f996c40934f9ef3fc85a49) Importer(2089858483,192608db42251d675da83286b1cce702) (ScriptedImporter) -> (artifact id: '3189449c2b98fdf07fdbb1b0bbf388ec') in 0.005727417 seconds
Number of updated asset objects reloaded before import = 0Number of asset objects unloaded after import = 12

========================================================================
Received Import Request.
  Time since last request: 0.000078 seconds.
  path: Assets/POLYGON city pack/Prefabs/Buildings/Building_T_prefab.prefab
  artifactKey: Guid(90045d2ccf59b6f45afd8bab908bb038) Importer(2089858483,192608db42251d675da83286b1cce702)
Start importing Assets/POLYGON city pack/Prefabs/Buildings/Building_T_prefab.prefab using Guid(90045d2ccf59b6f45afd8bab908bb038) Importer(2089858483,192608db42251d675da83286b1cce702) (ScriptedImporter) -> (artifact id: 'a597048e06e2ed2cf71c775a8cf32b1b') in 0.002440041 seconds
Number of updated asset objects reloaded before import = 0Number of asset objects unloaded after import = 10

========================================================================
Received Import Request.
  Time since last request: 0.000034 seconds.
  path: Assets/POLYGON city pack/Meshes,textures/traffic signs FBX/stop_sign.png
  artifactKey: Guid(6949ab40e17248640842cc7f92a23fd5) Importer(2089858483,192608db42251d675da83286b1cce702)
Start importing Assets/POLYGON city pack/Meshes,textures/traffic signs FBX/stop_sign.png using Guid(6949ab40e17248640842cc7f92a23fd5) Importer(2089858483,192608db42251d675da83286b1cce702) (ScriptedImporter) -> (artifact id: '7335682d88bff11eb8fae5edca470839') in 0.005371416 seconds
Number of updated asset objects reloaded before import = 0Number of asset objects unloaded after import = 1

========================================================================
Received Import Request.
  Time since last request: 0.000059 seconds.
  path: Assets/POLYGON city pack/Meshes,textures/traffic signs FBX/slow sign texture.png
  artifactKey: Guid(1565dc52d73fc7240978247cc40ce757) Importer(2089858483,192608db42251d675da83286b1cce702)
Start importing Assets/POLYGON city pack/Meshes,textures/traffic signs FBX/slow sign texture.png using Guid(1565dc52d73fc7240978247cc40ce757) Importer(2089858483,192608db42251d675da83286b1cce702) (ScriptedImporter) -> (artifact id: 'ea8658ad77c6d38f31a15d3416afee0c') in 0.004567666 seconds
Number of updated asset objects reloaded before import = 0Number of asset objects unloaded after import = 1

========================================================================
Received Import Request.
  Time since last request: 0.000055 seconds.
  path: Assets/POLYGON city pack/Meshes,textures/ways_FBX/Street_13.png
  artifactKey: Guid(0330ce59f36cc2e46b53d06c827b4e18) Importer(2089858483,192608db42251d675da83286b1cce702)
Start importing Assets/POLYGON city pack/Meshes,textures/ways_FBX/Street_13.png using Guid(0330ce59f36cc2e46b53d06c827b4e18) Importer(2089858483,192608db42251d675da83286b1cce702) (ScriptedImporter) -> (artifact id: 'ee0b0d0b78309c284ecc5d30ce5b15a9') in 0.005134375 seconds
Number of updated asset objects reloaded before import = 0Number of asset objects unloaded after import = 1

========================================================================
Received Import Request.
  Time since last request: 0.000062 seconds.
  path: Assets/POLYGON city pack/Prefabs/Floor/Sideway 2 prefab.prefab
  artifactKey: Guid(9cb5b35ecfd548b4d87e1c513764ef5b) Importer(2089858483,192608db42251d675da83286b1cce702)
Start importing Assets/POLYGON city pack/Prefabs/Floor/Sideway 2 prefab.prefab using Guid(9cb5b35ecfd548b4d87e1c513764ef5b) Importer(2089858483,192608db42251d675da83286b1cce702) (ScriptedImporter) -> (artifact id: 'f004b058758df0479242351b70b3441d') in 0.002194375 seconds
Number of updated asset objects reloaded before import = 0Number of asset objects unloaded after import = 10

========================================================================
Received Import Request.
  Time since last request: 0.000031 seconds.
  path: Assets/POLYGON city pack/Prefabs/Buildings/Building_S_prefab.prefab
  artifactKey: Guid(c637a821140f92a4dbb62e352cf8f140) Importer(2089858483,192608db42251d675da83286b1cce702)
Start importing Assets/POLYGON city pack/Prefabs/Buildings/Building_S_prefab.prefab using Guid(c637a821140f92a4dbb62e352cf8f140) Importer(2089858483,192608db42251d675da83286b1cce702) (ScriptedImporter) -> (artifact id: '45ac0616d235b6e085e7e77ed07ca756') in 0.00203775 seconds
Number of updated asset objects reloaded before import = 0Number of asset objects unloaded after import = 10

========================================================================
Received Import Request.
  Time since last request: 0.000021 seconds.
  path: Assets/POLYGON city pack/Prefabs/Floor/Street 3 Prefab.prefab
  artifactKey: Guid(2224b63330275e5478ef024b2913f937) Importer(2089858483,192608db42251d675da83286b1cce702)
Start importing Assets/POLYGON city pack/Prefabs/Floor/Street 3 Prefab.prefab using Guid(2224b63330275e5478ef024b2913f937) Importer(2089858483,192608db42251d675da83286b1cce702) (ScriptedImporter) -> (artifact id: 'f410f7a3feb2dd34c2f11427035b36d3') in 0.00178475 seconds
Number of updated asset objects reloaded before import = 0Number of asset objects unloaded after import = 10

========================================================================
Received Import Request.
  Time since last request: 0.000101 seconds.
  path: Assets/POLYGON city pack/Meshes,textures/ways_FBX/Street_18.png
  artifactKey: Guid(8f218e977142ebe43bb8576e311a27f2) Importer(2089858483,192608db42251d675da83286b1cce702)
Start importing Assets/POLYGON city pack/Meshes,textures/ways_FBX/Street_18.png using Guid(8f218e977142ebe43bb8576e311a27f2) Importer(2089858483,192608db42251d675da83286b1cce702) (ScriptedImporter) -> (artifact id: '0c60f98ae4c6a1848213dbc2fee54057') in 0.004431208 seconds
Number of updated asset objects reloaded before import = 0Number of asset objects unloaded after import = 1

========================================================================
Received Import Request.
  Time since last request: 0.000053 seconds.
  path: Assets/POLYGON city pack/Meshes,textures/props_FBX/power pole cable texture.png
  artifactKey: Guid(48808a5df1a5fb541a6018aee1072c40) Importer(2089858483,192608db42251d675da83286b1cce702)
Start importing Assets/POLYGON city pack/Meshes,textures/props_FBX/power pole cable texture.png using Guid(48808a5df1a5fb541a6018aee1072c40) Importer(2089858483,192608db42251d675da83286b1cce702) (ScriptedImporter) -> (artifact id: '8fb551a4ac390c39f6b050a56d4bafbc') in 0.005159333 seconds
Number of updated asset objects reloaded before import = 0Number of asset objects unloaded after import = 1

========================================================================
Received Import Request.
  Time since last request: 0.000075 seconds.
  path: Assets/POLYGON city pack/Meshes,textures/ways_FBX/Street_17.png
  artifactKey: Guid(32b5915d44a849840aa0e114836b50be) Importer(2089858483,192608db42251d675da83286b1cce702)
Start importing Assets/POLYGON city pack/Meshes,textures/ways_FBX/Street_17.png using Guid(32b5915d44a849840aa0e114836b50be) Importer(2089858483,192608db42251d675da83286b1cce702) (ScriptedImporter) -> (artifact id: '254eaaa17982b1bdf8369919a76e73d7') in 0.004633917 seconds
Number of updated asset objects reloaded before import = 0Number of asset objects unloaded after import = 1

========================================================================
Received Import Request.
  Time since last request: 0.000065 seconds.
  path: Assets/POLYGON city pack/Meshes,textures/props_FBX/phone booth texture.png
  artifactKey: Guid(f5055e107bbec9343b74e3438416fa0f) Importer(2089858483,192608db42251d675da83286b1cce702)
Start importing Assets/POLYGON city pack/Meshes,textures/props_FBX/phone booth texture.png using Guid(f5055e107bbec9343b74e3438416fa0f) Importer(2089858483,192608db42251d675da83286b1cce702) (ScriptedImporter) -> (artifact id: 'bf323dc1484ef5ee1d4fcbdfd23ad7c3') in 0.00554275 seconds
Number of updated asset objects reloaded before import = 0Number of asset objects unloaded after import = 1

========================================================================
Received Import Request.
  Time since last request: 0.000070 seconds.
  path: Assets/POLYGON city pack/Meshes,textures/props_FBX/parking meter texture .png
  artifactKey: Guid(ddb217a86dc23df4ab1f680ebe7b10f0) Importer(2089858483,192608db42251d675da83286b1cce702)
Start importing Assets/POLYGON city pack/Meshes,textures/props_FBX/parking meter texture .png using Guid(ddb217a86dc23df4ab1f680ebe7b10f0) Importer(2089858483,192608db42251d675da83286b1cce702) (ScriptedImporter) -> (artifact id: '5ca8430d5f8eb16bd265505dcb9c03a7') in 0.006881708 seconds
Number of updated asset objects reloaded before import = 0Number of asset objects unloaded after import = 1

========================================================================
Received Import Request.
  Time since last request: 0.000071 seconds.
  path: Assets/POLYGON city pack/Meshes,textures/props_FBX/fence 3 texture 1.png
  artifactKey: Guid(d7cdb093285c68e438496ba197a85005) Importer(2089858483,192608db42251d675da83286b1cce702)
Start importing Assets/POLYGON city pack/Meshes,textures/props_FBX/fence 3 texture 1.png using Guid(d7cdb093285c68e438496ba197a85005) Importer(2089858483,192608db42251d675da83286b1cce702) (ScriptedImporter) -> (artifact id: '61c97ac6aaca686f2ba1d86614d6a38a') in 0.005152292 seconds
Number of updated asset objects reloaded before import = 0Number of asset objects unloaded after import = 1

========================================================================
Received Import Request.
  Time since last request: 0.000061 seconds.
  path: Assets/POLYGON city pack/Prefabs/Buildings/Hospital_prefab.prefab
  artifactKey: Guid(03f4debef6f82ef43b174ff67987c532) Importer(2089858483,192608db42251d675da83286b1cce702)
Start importing Assets/POLYGON city pack/Prefabs/Buildings/Hospital_prefab.prefab using Guid(03f4debef6f82ef43b174ff67987c532) Importer(2089858483,192608db42251d675da83286b1cce702) (ScriptedImporter) -> (artifact id: '2f1c49bca0af9e8dd9c00001551a5116') in 0.0026165 seconds
Number of updated asset objects reloaded before import = 0Number of asset objects unloaded after import = 12

========================================================================
Received Import Request.
  Time since last request: 0.000027 seconds.
  path: Assets/POLYGON city pack/Meshes,textures/traffic signs FBX/speed_limit_sign_70.png
  artifactKey: Guid(e6cbc57b8dc2bca4081c35a52e757dba) Importer(2089858483,192608db42251d675da83286b1cce702)
Start importing Assets/POLYGON city pack/Meshes,textures/traffic signs FBX/speed_limit_sign_70.png using Guid(e6cbc57b8dc2bca4081c35a52e757dba) Importer(2089858483,192608db42251d675da83286b1cce702) (ScriptedImporter) -> (artifact id: '1c9d4eb7a1b1081ca3561f0d33c4e4cf') in 0.004571541 seconds
Number of updated asset objects reloaded before import = 0Number of asset objects unloaded after import = 1

========================================================================
Received Import Request.
  Time since last request: 0.000055 seconds.
  path: Assets/POLYGON city pack/Meshes,textures/ways_FBX/Sidewalk_09.fbx
  artifactKey: Guid(d2be7990437c0e64c9109def30e4153d) Importer(2089858483,192608db42251d675da83286b1cce702)
Start importing Assets/POLYGON city pack/Meshes,textures/ways_FBX/Sidewalk_09.fbx using Guid(d2be7990437c0e64c9109def30e4153d) Importer(2089858483,192608db42251d675da83286b1cce702) (ScriptedImporter) -> (artifact id: '991b02bef40c38866582615708393f7a') in 0.006755208 seconds
Number of updated asset objects reloaded before import = 0Number of asset objects unloaded after import = 10

========================================================================
Received Import Request.
  Time since last request: 0.000028 seconds.
  path: Assets/POLYGON city pack/Meshes,textures/props_FBX/bus stop sign texture 1.png
  artifactKey: Guid(8c4a916e93a439b4c8becf84d7a10869) Importer(2089858483,192608db42251d675da83286b1cce702)
Start importing Assets/POLYGON city pack/Meshes,textures/props_FBX/bus stop sign texture 1.png using Guid(8c4a916e93a439b4c8becf84d7a10869) Importer(2089858483,192608db42251d675da83286b1cce702) (ScriptedImporter) -> (artifact id: 'deb5282cd01f3477038525e2df54d80b') in 0.004962667 seconds
Number of updated asset objects reloaded before import = 0Number of asset objects unloaded after import = 1

========================================================================
Received Import Request.
  Time since last request: 0.000058 seconds.
  path: Assets/POLYGON city pack/Meshes,textures/ways_FBX/Sidewalk_06.fbx
  artifactKey: Guid(d868f43c7beb58240be5c9d7c39d5d6f) Importer(2089858483,192608db42251d675da83286b1cce702)
Start importing Assets/POLYGON city pack/Meshes,textures/ways_FBX/Sidewalk_06.fbx using Guid(d868f43c7beb58240be5c9d7c39d5d6f) Importer(2089858483,192608db42251d675da83286b1cce702) (ScriptedImporter) -> (artifact id: 'd47656d0a40f0d95c58b200412f8b699') in 0.006777 seconds
Number of updated asset objects reloaded before import = 0Number of asset objects unloaded after import = 10

========================================================================
Received Import Request.
  Time since last request: 0.000037 seconds.
  path: Assets/POLYGON city pack/Meshes,textures/ways_FBX/Street.png
  artifactKey: Guid(3dff680b780a2bf4898db59c61713bc8) Importer(2089858483,192608db42251d675da83286b1cce702)
Start importing Assets/POLYGON city pack/Meshes,textures/ways_FBX/Street.png using Guid(3dff680b780a2bf4898db59c61713bc8) Importer(2089858483,192608db42251d675da83286b1cce702) (ScriptedImporter) -> (artifact id: '9997714d69dfbc87ee911b8fe46f75b4') in 0.004580208 seconds
Number of updated asset objects reloaded before import = 0Number of asset objects unloaded after import = 1

========================================================================
Received Import Request.
  Time since last request: 0.000092 seconds.
  path: Assets/POLYGON city pack/Prefabs/Buildings/Building_Q_prefab.prefab
  artifactKey: Guid(984e7c3587655ac489a642619bb3ef24) Importer(2089858483,192608db42251d675da83286b1cce702)
Start importing Assets/POLYGON city pack/Prefabs/Buildings/Building_Q_prefab.prefab using Guid(984e7c3587655ac489a642619bb3ef24) Importer(2089858483,192608db42251d675da83286b1cce702) (ScriptedImporter) -> (artifact id: '99530b03ceb603efb0a62e71528a2d84') in 0.00242125 seconds
Number of updated asset objects reloaded before import = 0Number of asset objects unloaded after import = 10

========================================================================
Received Import Request.
  Time since last request: 0.000027 seconds.
  path: Assets/POLYGON city pack/Meshes,textures/props_FBX/hedge.fbx
  artifactKey: Guid(b18688407a41db44eb3a0f085e9b0e9f) Importer(2089858483,192608db42251d675da83286b1cce702)
Start importing Assets/POLYGON city pack/Meshes,textures/props_FBX/hedge.fbx using Guid(b18688407a41db44eb3a0f085e9b0e9f) Importer(2089858483,192608db42251d675da83286b1cce702) (ScriptedImporter) -> (artifact id: 'cbbfb2e5768ecc98ebba78ea70524251') in 0.00680025 seconds
Number of updated asset objects reloaded before import = 0Number of asset objects unloaded after import = 8

========================================================================
Received Import Request.
  Time since last request: 0.000041 seconds.
  path: Assets/POLYGON city pack/Prefabs/Buildings/Building_M_prefab.prefab
  artifactKey: Guid(84bb406b82cecb24cb1ffe5d4359339d) Importer(2089858483,192608db42251d675da83286b1cce702)
Start importing Assets/POLYGON city pack/Prefabs/Buildings/Building_M_prefab.prefab using Guid(84bb406b82cecb24cb1ffe5d4359339d) Importer(2089858483,192608db42251d675da83286b1cce702) (ScriptedImporter) -> (artifact id: 'cfaaa9bb694bfa6f5705aac01dbcd6e2') in 0.003934583 seconds
Number of updated asset objects reloaded before import = 0Number of asset objects unloaded after import = 10

========================================================================
Received Import Request.
  Time since last request: 0.000031 seconds.
  path: Assets/POLYGON city pack/Meshes,textures/props_FBX/parking meter.fbx
  artifactKey: Guid(2ca0bd20238426440ba70c810c606484) Importer(2089858483,192608db42251d675da83286b1cce702)
Start importing Assets/POLYGON city pack/Meshes,textures/props_FBX/parking meter.fbx using Guid(2ca0bd20238426440ba70c810c606484) Importer(2089858483,192608db42251d675da83286b1cce702) (ScriptedImporter) -> (artifact id: '7aec67ab2ff1caafb01042ba2d1c8c09') in 0.008358125 seconds
Number of updated asset objects reloaded before import = 0Number of asset objects unloaded after import = 8

========================================================================
Received Import Request.
  Time since last request: 0.000028 seconds.
  path: Assets/POLYGON city pack/Meshes,textures/props_FBX/streetprop.fbx
  artifactKey: Guid(f26c7cb76932f5949bf42e08a1f46cea) Importer(2089858483,192608db42251d675da83286b1cce702)
Start importing Assets/POLYGON city pack/Meshes,textures/props_FBX/streetprop.fbx using Guid(f26c7cb76932f5949bf42e08a1f46cea) Importer(2089858483,192608db42251d675da83286b1cce702) (ScriptedImporter) -> (artifact id: '96aa13d6334af0e0936b6959618467ef') in 0.005304792 seconds
Number of updated asset objects reloaded before import = 0Number of asset objects unloaded after import = 8

========================================================================
Received Import Request.
  Time since last request: 0.000033 seconds.
  path: Assets/POLYGON city pack/Meshes,textures/props_FBX/air conditioner wall.fbx
  artifactKey: Guid(ae9812275f0412b4c9f838a2e16f8f83) Importer(2089858483,192608db42251d675da83286b1cce702)
Start importing Assets/POLYGON city pack/Meshes,textures/props_FBX/air conditioner wall.fbx using Guid(ae9812275f0412b4c9f838a2e16f8f83) Importer(2089858483,192608db42251d675da83286b1cce702) (ScriptedImporter) -> (artifact id: '713f6f62a8e89a7b8a2cbc97ce28575e') in 0.006637125 seconds
Number of updated asset objects reloaded before import = 0Number of asset objects unloaded after import = 8

========================================================================
Received Import Request.
  Time since last request: 0.921796 seconds.
  path: Assets/POLYGON city pack/Prefabs/Floor/Street 4 Prefab.prefab
  artifactKey: Guid(adb55fed5a5012b458c398a0b618390c) Importer(2089858483,192608db42251d675da83286b1cce702)
Start importing Assets/POLYGON city pack/Prefabs/Floor/Street 4 Prefab.prefab using Guid(adb55fed5a5012b458c398a0b618390c) Importer(2089858483,192608db42251d675da83286b1cce702) (ScriptedImporter) -> (artifact id: '71aa91ac1caa7bb3f07f4179cda64d70') in 0.004351042 seconds
Number of updated asset objects reloaded before import = 0Number of asset objects unloaded after import = 10

========================================================================
Received Import Request.
  Time since last request: 0.000055 seconds.
  path: Assets/POLYGON city pack/Prefabs/Props/Bush 2 prefab.prefab
  artifactKey: Guid(6ebfc6898dc70814c86bb78d43e72a9c) Importer(2089858483,192608db42251d675da83286b1cce702)
Start importing Assets/POLYGON city pack/Prefabs/Props/Bush 2 prefab.prefab using Guid(6ebfc6898dc70814c86bb78d43e72a9c) Importer(2089858483,192608db42251d675da83286b1cce702) (ScriptedImporter) -> (artifact id: '5ccb2a8173e3ee91249289aa3c5381b9') in 0.003058916 seconds
Number of updated asset objects reloaded before import = 0Number of asset objects unloaded after import = 9

========================================================================
Received Import Request.
  Time since last request: 0.000035 seconds.
  path: Assets/assets/city/buildings urban/low_buildingC.fbx
  artifactKey: Guid(879c45b30a61e4baebaff5cfb9d7cc2b) Importer(2089858483,192608db42251d675da83286b1cce702)
Start importing Assets/assets/city/buildings urban/low_buildingC.fbx using Guid(879c45b30a61e4baebaff5cfb9d7cc2b) Importer(2089858483,192608db42251d675da83286b1cce702) (ScriptedImporter) -> (artifact id: 'ee798f72763712e07dc32e1f4e0c53e2') in 0.011913875 seconds
Number of updated asset objects reloaded before import = 0Number of asset objects unloaded after import = 9

========================================================================
Received Import Request.
  Time since last request: 0.000039 seconds.
  path: Assets/SimplePoly City - Low Poly Assets/Prefab/Buildings/Building_House_04_color02.prefab
  artifactKey: Guid(10ba41f0223c3104bad126af2b380971) Importer(2089858483,192608db42251d675da83286b1cce702)
Start importing Assets/SimplePoly City - Low Poly Assets/Prefab/Buildings/Building_House_04_color02.prefab using Guid(10ba41f0223c3104bad126af2b380971) Importer(2089858483,192608db42251d675da83286b1cce702) (ScriptedImporter) -> (artifact id: '314fc64b4868d47358853d5f629abc58') in 0.005849167 seconds
Number of updated asset objects reloaded before import = 0Number of asset objects unloaded after import = 8

========================================================================
Received Import Request.
  Time since last request: 0.000035 seconds.
  path: Assets/SimplePoly City - Low Poly Assets/Prefab/Roads/Road T_Intersection_01.prefab
  artifactKey: Guid(cbc86bb57f673ba45a8426789eb0fac0) Importer(2089858483,192608db42251d675da83286b1cce702)
Start importing Assets/SimplePoly City - Low Poly Assets/Prefab/Roads/Road T_Intersection_01.prefab using Guid(cbc86bb57f673ba45a8426789eb0fac0) Importer(2089858483,192608db42251d675da83286b1cce702) (ScriptedImporter) -> (artifact id: '8f046ed44beb69e81ffb1cafffcedf73') in 0.004562208 seconds
Number of updated asset objects reloaded before import = 0Number of asset objects unloaded after import = 8

========================================================================
Received Import Request.
  Time since last request: 0.000036 seconds.
  path: Assets/assets/city/fantasy/blade.fbx
  artifactKey: Guid(9d32a13b1abc14e33a2686b584e22cef) Importer(2089858483,192608db42251d675da83286b1cce702)
Start importing Assets/assets/city/fantasy/blade.fbx using Guid(9d32a13b1abc14e33a2686b584e22cef) Importer(2089858483,192608db42251d675da83286b1cce702) (ScriptedImporter) -> (artifact id: '5da93a263afd3ce46c5c274576c3af69') in 0.009904708 seconds
Number of updated asset objects reloaded before import = 0Number of asset objects unloaded after import = 10

========================================================================
Received Import Request.
  Time since last request: 0.000062 seconds.
  path: Assets/SimplePoly City - Low Poly Assets/Prefab/Buildings/Building_Coffee Shop.prefab
  artifactKey: Guid(e1d9101af5d96d94ca99efe2de0bac21) Importer(2089858483,192608db42251d675da83286b1cce702)
Start importing Assets/SimplePoly City - Low Poly Assets/Prefab/Buildings/Building_Coffee Shop.prefab using Guid(e1d9101af5d96d94ca99efe2de0bac21) Importer(2089858483,192608db42251d675da83286b1cce702) (ScriptedImporter) -> (artifact id: '099f4a9e94b145b154e972d0e6e3056c') in 0.004179208 seconds
Number of updated asset objects reloaded before import = 0Number of asset objects unloaded after import = 8

========================================================================
Received Import Request.
  Time since last request: 0.000042 seconds.
  path: Assets/SimplePoly City - Low Poly Assets/Prefab/Buildings/Building_Stadium.prefab
  artifactKey: Guid(00b78b03851cb0748b61d9005fb73b49) Importer(2089858483,192608db42251d675da83286b1cce702)
Start importing Assets/SimplePoly City - Low Poly Assets/Prefab/Buildings/Building_Stadium.prefab using Guid(00b78b03851cb0748b61d9005fb73b49) Importer(2089858483,192608db42251d675da83286b1cce702) (ScriptedImporter) -> (artifact id: 'f6e142362b40b244f43259a71cd24cf0') in 0.004874291 seconds
Number of updated asset objects reloaded before import = 0Number of asset objects unloaded after import = 8

========================================================================
Received Import Request.
  Time since last request: 0.000034 seconds.
  path: Assets/POLYGON city pack/Prefabs/Props/Traffic_pot prefab.prefab
  artifactKey: Guid(419d31cd2358c274b93f3ed5fac4773f) Importer(2089858483,192608db42251d675da83286b1cce702)
Start importing Assets/POLYGON city pack/Prefabs/Props/Traffic_pot prefab.prefab using Guid(419d31cd2358c274b93f3ed5fac4773f) Importer(2089858483,192608db42251d675da83286b1cce702) (ScriptedImporter) -> (artifact id: 'd0bfc2c7045aebae6460e82cbb0260b3') in 0.001857292 seconds
Number of updated asset objects reloaded before import = 0Number of asset objects unloaded after import = 10

========================================================================
Received Import Request.
  Time since last request: 0.000036 seconds.
  path: Assets/POLYGON city pack/Prefabs/Props/Bin prefab.prefab
  artifactKey: Guid(dd28fe4d5eb7bcb479b5338f128cdf70) Importer(2089858483,192608db42251d675da83286b1cce702)
Start importing Assets/POLYGON city pack/Prefabs/Props/Bin prefab.prefab using Guid(dd28fe4d5eb7bcb479b5338f128cdf70) Importer(2089858483,192608db42251d675da83286b1cce702) (ScriptedImporter) -> (artifact id: '78b5932d82f772b7472b054de29a7bf7') in 0.001634125 seconds
Number of updated asset objects reloaded before import = 0Number of asset objects unloaded after import = 10

========================================================================
Received Import Request.
  Time since last request: 0.000049 seconds.
  path: Assets/assets/city/buildings urban/low_buildingG.fbx
  artifactKey: Guid(a8bc71b0b92ab4d4483c7b10f5f1c1da) Importer(2089858483,192608db42251d675da83286b1cce702)
Start importing Assets/assets/city/buildings urban/low_buildingG.fbx using Guid(a8bc71b0b92ab4d4483c7b10f5f1c1da) Importer(2089858483,192608db42251d675da83286b1cce702) (ScriptedImporter) -> (artifact id: '2737c986295029bb009e987366ab3341') in 0.007982333 seconds
Number of updated asset objects reloaded before import = 0Number of asset objects unloaded after import = 9

========================================================================
Received Import Request.
  Time since last request: 0.000039 seconds.
  path: Assets/POLYGON city pack/Prefabs/Props/Dynamic_power_pole_cable prefab.prefab
  artifactKey: Guid(0a804f15ce1f1d34eabed72f25b3d732) Importer(2089858483,192608db42251d675da83286b1cce702)
Start importing Assets/POLYGON city pack/Prefabs/Props/Dynamic_power_pole_cable prefab.prefab using Guid(0a804f15ce1f1d34eabed72f25b3d732) Importer(2089858483,192608db42251d675da83286b1cce702) (ScriptedImporter) -> (artifact id: 'fcf122c9866afaf91ae36f384501982b') in 0.002700709 seconds
Number of updated asset objects reloaded before import = 0Number of asset objects unloaded after import = 24

========================================================================
Received Import Request.
  Time since last request: 0.000042 seconds.
  path: Assets/SimplePoly City - Low Poly Assets/Prefab/Natures/Natures_Pot Bush_big.prefab
  artifactKey: Guid(0ee6d569ec3227e40888e8151b331e0f) Importer(2089858483,192608db42251d675da83286b1cce702)
Start importing Assets/SimplePoly City - Low Poly Assets/Prefab/Natures/Natures_Pot Bush_big.prefab using Guid(0ee6d569ec3227e40888e8151b331e0f) Importer(2089858483,192608db42251d675da83286b1cce702) (ScriptedImporter) -> (artifact id: 'd9774d6006f57eaf6a04f39d3a826577') in 0.00337 seconds
Number of updated asset objects reloaded before import = 0Number of asset objects unloaded after import = 8

========================================================================
Received Import Request.
  Time since last request: 0.000032 seconds.
  path: Assets/POLYGON city pack/Prefabs/Props/hedge 1m prefab.prefab
  artifactKey: Guid(21048f3cc3ec7d54286ad6aba869f84b) Importer(2089858483,192608db42251d675da83286b1cce702)
Start importing Assets/POLYGON city pack/Prefabs/Props/hedge 1m prefab.prefab using Guid(21048f3cc3ec7d54286ad6aba869f84b) Importer(2089858483,192608db42251d675da83286b1cce702) (ScriptedImporter) -> (artifact id: '82de51e6273dd2fe13ca8f3599876825') in 0.001395292 seconds
Number of updated asset objects reloaded before import = 0Number of asset objects unloaded after import = 12

========================================================================
Received Import Request.
  Time since last request: 0.000084 seconds.
  path: Assets/assets/city/fantasy/fountainEdge.fbx
  artifactKey: Guid(75107aa28ac1d4e51ba102b3315d8ff0) Importer(2089858483,192608db42251d675da83286b1cce702)
Start importing Assets/assets/city/fantasy/fountainEdge.fbx using Guid(75107aa28ac1d4e51ba102b3315d8ff0) Importer(2089858483,192608db42251d675da83286b1cce702) (ScriptedImporter) -> (artifact id: '9853abbe4a7b7bf326fae92be31bb655') in 0.008474709 seconds
Number of updated asset objects reloaded before import = 0Number of asset objects unloaded after import = 10

========================================================================
Received Import Request.
  Time since last request: 0.000033 seconds.
  path: Assets/POLYGON city pack/Prefabs/traffic signs/stop sign.prefab
  artifactKey: Guid(6f68dfcded674364f8b137702c42898e) Importer(2089858483,192608db42251d675da83286b1cce702)
Start importing Assets/POLYGON city pack/Prefabs/traffic signs/stop sign.prefab using Guid(6f68dfcded674364f8b137702c42898e) Importer(2089858483,192608db42251d675da83286b1cce702) (ScriptedImporter) -> (artifact id: 'e81b6d57d378a4fc458439552bc11827') in 0.001748209 seconds
Number of updated asset objects reloaded before import = 0Number of asset objects unloaded after import = 10

========================================================================
Received Import Request.
  Time since last request: 0.000048 seconds.
  path: Assets/POLYGON city pack/Prefabs/Props/Bank_sign Prefab.prefab
  artifactKey: Guid(d11c03cec4369ea4aa3d29744046d625) Importer(2089858483,192608db42251d675da83286b1cce702)
Start importing Assets/POLYGON city pack/Prefabs/Props/Bank_sign Prefab.prefab using Guid(d11c03cec4369ea4aa3d29744046d625) Importer(2089858483,192608db42251d675da83286b1cce702) (ScriptedImporter) -> (artifact id: '79e3d79ac218d379c63afa11104995c3') in 0.001961334 seconds
Number of updated asset objects reloaded before import = 0Number of asset objects unloaded after import = 10

========================================================================
Received Import Request.
  Time since last request: 0.000032 seconds.
  path: Assets/assets/city/buildings urban/detail_awning.fbx
  artifactKey: Guid(70d86498ada8345539d53e1d0a7eac4c) Importer(2089858483,192608db42251d675da83286b1cce702)
Start importing Assets/assets/city/buildings urban/detail_awning.fbx using Guid(70d86498ada8345539d53e1d0a7eac4c) Importer(2089858483,192608db42251d675da83286b1cce702) (ScriptedImporter) -> (artifact id: '0a611179753a8c7dc13bf066f4db98ab') in 0.008275375 seconds
Number of updated asset objects reloaded before import = 0Number of asset objects unloaded after import = 10

========================================================================
Received Import Request.
  Time since last request: 0.000036 seconds.
  path: Assets/POLYGON city pack/Prefabs/Props/trashcan prefab.prefab
  artifactKey: Guid(8983c8df5fb12ea4bb76cdf0ef2f9c1b) Importer(2089858483,192608db42251d675da83286b1cce702)
Start importing Assets/POLYGON city pack/Prefabs/Props/trashcan prefab.prefab using Guid(8983c8df5fb12ea4bb76cdf0ef2f9c1b) Importer(2089858483,192608db42251d675da83286b1cce702) (ScriptedImporter) -> (artifact id: 'd179710abf2f44f14415869fac0ab582') in 0.0019 seconds
Number of updated asset objects reloaded before import = 0Number of asset objects unloaded after import = 10

========================================================================
Received Import Request.
  Time since last request: 0.000030 seconds.
  path: Assets/POLYGON city pack/Prefabs/Props/Fence_B_2 prefab.prefab
  artifactKey: Guid(c469c07c5b45c454db32065c2f59b36b) Importer(2089858483,192608db42251d675da83286b1cce702)
Start importing Assets/POLYGON city pack/Prefabs/Props/Fence_B_2 prefab.prefab using Guid(c469c07c5b45c454db32065c2f59b36b) Importer(2089858483,192608db42251d675da83286b1cce702) (ScriptedImporter) -> (artifact id: 'ba8ef82333d399120d4cd50413fec0ec') in 0.0020305 seconds
Number of updated asset objects reloaded before import = 0Number of asset objects unloaded after import = 10

========================================================================
Received Import Request.
  Time since last request: 0.000030 seconds.
  path: Assets/POLYGON city pack/Prefabs/Props/Flower 1 prefab G.prefab
  artifactKey: Guid(e698f0d8234b54e419217034d057fe59) Importer(2089858483,192608db42251d675da83286b1cce702)
Start importing Assets/POLYGON city pack/Prefabs/Props/Flower 1 prefab G.prefab using Guid(e698f0d8234b54e419217034d057fe59) Importer(2089858483,192608db42251d675da83286b1cce702) (ScriptedImporter) -> (artifact id: '9f9ebdc9cb07adc3c1e079f23f316857') in 0.00187125 seconds
Number of updated asset objects reloaded before import = 0Number of asset objects unloaded after import = 9

========================================================================
Received Import Request.
  Time since last request: 0.000041 seconds.
  path: Assets/SimplePoly City - Low Poly Assets/Prefab/Buildings/Building_Gift Shop.prefab
  artifactKey: Guid(9ccda285cd5f1ce4fa00133b50ba5cbc) Importer(2089858483,192608db42251d675da83286b1cce702)
Start importing Assets/SimplePoly City - Low Poly Assets/Prefab/Buildings/Building_Gift Shop.prefab using Guid(9ccda285cd5f1ce4fa00133b50ba5cbc) Importer(2089858483,192608db42251d675da83286b1cce702) (ScriptedImporter) -> (artifact id: 'eefdec0101470f7d42bd3d20f8352069') in 0.003328208 seconds
Number of updated asset objects reloaded before import = 0Number of asset objects unloaded after import = 8

========================================================================
Received Import Request.
  Time since last request: 0.000033 seconds.
  path: Assets/POLYGON city pack/Prefabs/Props/stone pot prefab.prefab
  artifactKey: Guid(7f788b3ac76896b459c93cf4d673fa57) Importer(2089858483,192608db42251d675da83286b1cce702)
Start importing Assets/POLYGON city pack/Prefabs/Props/stone pot prefab.prefab using Guid(7f788b3ac76896b459c93cf4d673fa57) Importer(2089858483,192608db42251d675da83286b1cce702) (ScriptedImporter) -> (artifact id: '7b7087bce48d0c7801533519801015b2') in 0.002660833 seconds
Number of updated asset objects reloaded before import = 0Number of asset objects unloaded after import = 10

========================================================================
Received Import Request.
  Time since last request: 0.000042 seconds.
  path: Assets/POLYGON city pack/Prefabs/Letters/Letter_Y_Prefab.prefab
  artifactKey: Guid(7a84762656a300e40b7f661a09c36e7f) Importer(2089858483,192608db42251d675da83286b1cce702)
Start importing Assets/POLYGON city pack/Prefabs/Letters/Letter_Y_Prefab.prefab using Guid(7a84762656a300e40b7f661a09c36e7f) Importer(2089858483,192608db42251d675da83286b1cce702) (ScriptedImporter) -> (artifact id: 'c7ad346ef90f2895fd8fbfcc1ff0352c') in 0.001899916 seconds
Number of updated asset objects reloaded before import = 0Number of asset objects unloaded after import = 9

========================================================================
Received Import Request.
  Time since last request: 0.000032 seconds.
  path: Assets/assets/city/fantasy/hedgeLargeCurved.fbx
  artifactKey: Guid(a80891e79940c4ffd9cfa322773d0aaf) Importer(2089858483,192608db42251d675da83286b1cce702)
Start importing Assets/assets/city/fantasy/hedgeLargeCurved.fbx using Guid(a80891e79940c4ffd9cfa322773d0aaf) Importer(2089858483,192608db42251d675da83286b1cce702) (ScriptedImporter) -> (artifact id: '71041a62bae87522d7f46f8edbb5c5a5') in 0.006786625 seconds
Number of updated asset objects reloaded before import = 0Number of asset objects unloaded after import = 9

========================================================================
Received Import Request.
  Time since last request: 0.000030 seconds.
  path: Assets/assets/city/fantasy/chimney.fbx
  artifactKey: Guid(867764a077ab74450a3d8aad1cb7dcb8) Importer(2089858483,192608db42251d675da83286b1cce702)
Start importing Assets/assets/city/fantasy/chimney.fbx using Guid(867764a077ab74450a3d8aad1cb7dcb8) Importer(2089858483,192608db42251d675da83286b1cce702) (ScriptedImporter) -> (artifact id: '0b1fb888a5b699c2d3b17f71813c3cbf') in 0.007077834 seconds
Number of updated asset objects reloaded before import = 0Number of asset objects unloaded after import = 9

========================================================================
Received Import Request.
  Time since last request: 0.000033 seconds.
  path: Assets/POLYGON city pack/Prefabs/Props/Stone 3 Prefab.prefab
  artifactKey: Guid(5d51484289d125e48b3eecf5fbd4d7c9) Importer(2089858483,192608db42251d675da83286b1cce702)
Start importing Assets/POLYGON city pack/Prefabs/Props/Stone 3 Prefab.prefab using Guid(5d51484289d125e48b3eecf5fbd4d7c9) Importer(2089858483,192608db42251d675da83286b1cce702) (ScriptedImporter) -> (artifact id: '90e19cd262443f4c9ead32b29b137c72') in 0.002218417 seconds
Number of updated asset objects reloaded before import = 0Number of asset objects unloaded after import = 10

========================================================================
Received Import Request.
  Time since last request: 0.000026 seconds.
  path: Assets/assets/city/buildings urban/sign_billboard.fbx
  artifactKey: Guid(4c5af9b94c95543658dfd64702d89ccb) Importer(2089858483,192608db42251d675da83286b1cce702)
Start importing Assets/assets/city/buildings urban/sign_billboard.fbx using Guid(4c5af9b94c95543658dfd64702d89ccb) Importer(2089858483,192608db42251d675da83286b1cce702) (ScriptedImporter) -> (artifact id: '5e7e42a84e5a3081f4862cc0c14002be') in 0.008019125 seconds
Number of updated asset objects reloaded before import = 0Number of asset objects unloaded after import = 10

========================================================================
Received Import Request.
  Time since last request: 0.000033 seconds.
  path: Assets/SimplePoly City - Low Poly Assets/Prefab/Buildings/Building_House_03_color03.prefab
  artifactKey: Guid(2dbee28eacba7dd42845e0153c4da642) Importer(2089858483,192608db42251d675da83286b1cce702)
Start importing Assets/SimplePoly City - Low Poly Assets/Prefab/Buildings/Building_House_03_color03.prefab using Guid(2dbee28eacba7dd42845e0153c4da642) Importer(2089858483,192608db42251d675da83286b1cce702) (ScriptedImporter) -> (artifact id: 'dabc03678bd0860a30977dd282ea2a48') in 0.004420792 seconds
Number of updated asset objects reloaded before import = 0Number of asset objects unloaded after import = 8

========================================================================
Received Import Request.
  Time since last request: 0.000024 seconds.
  path: Assets/assets/city/fantasy/fountainSquare.fbx
  artifactKey: Guid(0ed922d2059504de8bfe965ebd727e21) Importer(2089858483,192608db42251d675da83286b1cce702)
Start importing Assets/assets/city/fantasy/fountainSquare.fbx using Guid(0ed922d2059504de8bfe965ebd727e21) Importer(2089858483,192608db42251d675da83286b1cce702) (ScriptedImporter) -> (artifact id: 'f05d649f9631d91dfd07a918c3bfe0a2') in 0.007130542 seconds
Number of updated asset objects reloaded before import = 0Number of asset objects unloaded after import = 10

========================================================================
Received Import Request.
  Time since last request: 0.000033 seconds.
  path: Assets/SimplePoly City - Low Poly Assets/Prefab/Roads/Road Lane Bus Stop.prefab
  artifactKey: Guid(3da5840b5d838524cb0128fbccf00053) Importer(2089858483,192608db42251d675da83286b1cce702)
Start importing Assets/SimplePoly City - Low Poly Assets/Prefab/Roads/Road Lane Bus Stop.prefab using Guid(3da5840b5d838524cb0128fbccf00053) Importer(2089858483,192608db42251d675da83286b1cce702) (ScriptedImporter) -> (artifact id: '610fb5417a23c756a18ce0a15f395825') in 0.004038333 seconds
Number of updated asset objects reloaded before import = 0Number of asset objects unloaded after import = 8

========================================================================
Received Import Request.
  Time since last request: 0.000027 seconds.
  path: Assets/SimplePoly City - Low Poly Assets/Prefab/Natures/Natures_Big Tree.prefab
  artifactKey: Guid(b82e76f4092b7d24aaeecddf36fe8d3b) Importer(2089858483,192608db42251d675da83286b1cce702)
Start importing Assets/SimplePoly City - Low Poly Assets/Prefab/Natures/Natures_Big Tree.prefab using Guid(b82e76f4092b7d24aaeecddf36fe8d3b) Importer(2089858483,192608db42251d675da83286b1cce702) (ScriptedImporter) -> (artifact id: '410fa73a58e6a89e0c818168b534214d') in 0.003268542 seconds
Number of updated asset objects reloaded before import = 0Number of asset objects unloaded after import = 8

========================================================================
Received Import Request.
  Time since last request: 0.000024 seconds.
  path: Assets/POLYGON city pack/Prefabs/Props/Bus stop prefab.prefab
  artifactKey: Guid(30916da9dd66da74d8e831f29c0b250f) Importer(2089858483,192608db42251d675da83286b1cce702)
Start importing Assets/POLYGON city pack/Prefabs/Props/Bus stop prefab.prefab using Guid(30916da9dd66da74d8e831f29c0b250f) Importer(2089858483,192608db42251d675da83286b1cce702) (ScriptedImporter) -> (artifact id: 'e423ac723765ea38af9ad494fd81f613') in 0.001881791 seconds
Number of updated asset objects reloaded before import = 0Number of asset objects unloaded after import = 10

========================================================================
Received Import Request.
  Time since last request: 0.000042 seconds.
  path: Assets/POLYGON city pack/Prefabs/traffic signs/traffic sign speed 70.prefab
  artifactKey: Guid(a49a50b7d01cc6743a615054007ab283) Importer(2089858483,192608db42251d675da83286b1cce702)
Start importing Assets/POLYGON city pack/Prefabs/traffic signs/traffic sign speed 70.prefab using Guid(a49a50b7d01cc6743a615054007ab283) Importer(2089858483,192608db42251d675da83286b1cce702) (ScriptedImporter) -> (artifact id: 'a63d980a30d865ccb66cceda9cabce6d') in 0.001688292 seconds
Number of updated asset objects reloaded before import = 0Number of asset objects unloaded after import = 10

========================================================================
Received Import Request.
  Time since last request: 0.000047 seconds.
  path: Assets/POLYGON city pack/Prefabs/Props/phone booth prefab.prefab
  artifactKey: Guid(b995d8a7dcf811740b66ae5cf81e4fa6) Importer(2089858483,192608db42251d675da83286b1cce702)
Start importing Assets/POLYGON city pack/Prefabs/Props/phone booth prefab.prefab using Guid(b995d8a7dcf811740b66ae5cf81e4fa6) Importer(2089858483,192608db42251d675da83286b1cce702) (ScriptedImporter) -> (artifact id: '2061d14eb2aa919ad6d62455beff28c8') in 0.001550167 seconds
Number of updated asset objects reloaded before import = 0Number of asset objects unloaded after import = 10

========================================================================
Received Import Request.
  Time since last request: 0.000034 seconds.
  path: Assets/assets/city/buildings urban/roof_center.fbx
  artifactKey: Guid(a42ca38cea23744cca72470e6afeea1c) Importer(2089858483,192608db42251d675da83286b1cce702)
Start importing Assets/assets/city/buildings urban/roof_center.fbx using Guid(a42ca38cea23744cca72470e6afeea1c) Importer(2089858483,192608db42251d675da83286b1cce702) (ScriptedImporter) -> (artifact id: 'fffbcd0b3cdc1f270da2655cee0ca432') in 0.006333125 seconds
Number of updated asset objects reloaded before import = 0Number of asset objects unloaded after import = 8

========================================================================
Received Import Request.
  Time since last request: 0.000039 seconds.
  path: Assets/assets/city/buildings urban/skyscraperB.fbx
  artifactKey: Guid(b1e8d2eaf58254517ae1622137e5c54d) Importer(2089858483,192608db42251d675da83286b1cce702)
Start importing Assets/assets/city/buildings urban/skyscraperB.fbx using Guid(b1e8d2eaf58254517ae1622137e5c54d) Importer(2089858483,192608db42251d675da83286b1cce702) (ScriptedImporter) -> (artifact id: 'cfbd775fe7a89f29ffaecab0d23f61d0') in 0.009285208 seconds
Number of updated asset objects reloaded before import = 0Number of asset objects unloaded after import = 12

========================================================================
Received Import Request.
  Time since last request: 0.000031 seconds.
  path: Assets/SimplePoly City - Low Poly Assets/Prefab/Props/Props_Traffic Sign_speed limit.prefab
  artifactKey: Guid(6ade71c5c1c1d014895f70f40ed67ed5) Importer(2089858483,192608db42251d675da83286b1cce702)
Start importing Assets/SimplePoly City - Low Poly Assets/Prefab/Props/Props_Traffic Sign_speed limit.prefab using Guid(6ade71c5c1c1d014895f70f40ed67ed5) Importer(2089858483,192608db42251d675da83286b1cce702) (ScriptedImporter) -> (artifact id: 'b62ca7c8db8e413e5a80e44d3334e036') in 0.004200417 seconds
Number of updated asset objects reloaded before import = 0Number of asset objects unloaded after import = 8

========================================================================
Received Import Request.
  Time since last request: 0.000035 seconds.
  path: Assets/POLYGON city pack/Prefabs/Props/Traffic light 1 Prefab.prefab
  artifactKey: Guid(53a178f42f52a0c4e9fe7bac7f1bfcc3) Importer(2089858483,192608db42251d675da83286b1cce702)
Start importing Assets/POLYGON city pack/Prefabs/Props/Traffic light 1 Prefab.prefab using Guid(53a178f42f52a0c4e9fe7bac7f1bfcc3) Importer(2089858483,192608db42251d675da83286b1cce702) (ScriptedImporter) -> (artifact id: 'b2f804dbb46daae564ec47a85b19df26') in 0.002048541 seconds
Number of updated asset objects reloaded before import = 0Number of asset objects unloaded after import = 10

========================================================================
Received Import Request.
  Time since last request: 0.000033 seconds.
  path: Assets/POLYGON city pack/Prefabs/Props/Can_orange prefab.prefab
  artifactKey: Guid(fc7f1d4af8d817e4f98e42d198325d99) Importer(2089858483,192608db42251d675da83286b1cce702)
Start importing Assets/POLYGON city pack/Prefabs/Props/Can_orange prefab.prefab using Guid(fc7f1d4af8d817e4f98e42d198325d99) Importer(2089858483,192608db42251d675da83286b1cce702) (ScriptedImporter) -> (artifact id: 'b3eb23d9ad0b035e5732bf1a1cecd3c9') in 0.001629958 seconds
Number of updated asset objects reloaded before import = 0Number of asset objects unloaded after import = 10

========================================================================
Received Import Request.
  Time since last request: 0.000037 seconds.
  path: Assets/SimplePoly City - Low Poly Assets/Prefab/Natures/Natures_Rock_Big.prefab
  artifactKey: Guid(dac1a631b172e66469fb09e9987bcf57) Importer(2089858483,192608db42251d675da83286b1cce702)
Start importing Assets/SimplePoly City - Low Poly Assets/Prefab/Natures/Natures_Rock_Big.prefab using Guid(dac1a631b172e66469fb09e9987bcf57) Importer(2089858483,192608db42251d675da83286b1cce702) (ScriptedImporter) -> (artifact id: '871c5845bdd8e73108a1a70b451475ac') in 0.00309725 seconds
Number of updated asset objects reloaded before import = 0Number of asset objects unloaded after import = 8

========================================================================
Received Import Request.
  Time since last request: 0.000047 seconds.
  path: Assets/POLYGON city pack/Prefabs/Props/air conditioner wall Prefab.prefab
  artifactKey: Guid(3efcc829b17627b42be7c2557c91a937) Importer(2089858483,192608db42251d675da83286b1cce702)
Start importing Assets/POLYGON city pack/Prefabs/Props/air conditioner wall Prefab.prefab using Guid(3efcc829b17627b42be7c2557c91a937) Importer(2089858483,192608db42251d675da83286b1cce702) (ScriptedImporter) -> (artifact id: '2bad1d72e54455633da34041fcce6ec8') in 0.001889625 seconds
Number of updated asset objects reloaded before import = 0Number of asset objects unloaded after import = 10

========================================================================
Received Import Request.
  Time since last request: 0.000030 seconds.
  path: Assets/POLYGON city pack/Prefabs/traffic signs/traffic sign speed 100.prefab
  artifactKey: Guid(c0158e83eac5e8b40b8e254e90b4b8d9) Importer(2089858483,192608db42251d675da83286b1cce702)
Start importing Assets/POLYGON city pack/Prefabs/traffic signs/traffic sign speed 100.prefab using Guid(c0158e83eac5e8b40b8e254e90b4b8d9) Importer(2089858483,192608db42251d675da83286b1cce702) (ScriptedImporter) -> (artifact id: 'f9c80c8ab512055b9e9a709bee1c816f') in 0.001856792 seconds
Number of updated asset objects reloaded before import = 0Number of asset objects unloaded after import = 10

========================================================================
Received Import Request.
  Time since last request: 0.000037 seconds.
  path: Assets/POLYGON city pack/Prefabs/Props/ColaMachine prefab.prefab
  artifactKey: Guid(2bf7da734f1a8224fb14055902b5b343) Importer(2089858483,192608db42251d675da83286b1cce702)
Start importing Assets/POLYGON city pack/Prefabs/Props/ColaMachine prefab.prefab using Guid(2bf7da734f1a8224fb14055902b5b343) Importer(2089858483,192608db42251d675da83286b1cce702) (ScriptedImporter) -> (artifact id: '967ba34e6c971a580248e3ebaf7c8edd') in 0.001856042 seconds
Number of updated asset objects reloaded before import = 0Number of asset objects unloaded after import = 10

========================================================================
Received Import Request.
  Time since last request: 0.000047 seconds.
  path: Assets/assets/city/buildings urban/small_buildingD.fbx
  artifactKey: Guid(d9504ef7f0a0342fc8dd51e28fb760e3) Importer(2089858483,192608db42251d675da83286b1cce702)
Start importing Assets/assets/city/buildings urban/small_buildingD.fbx using Guid(d9504ef7f0a0342fc8dd51e28fb760e3) Importer(2089858483,192608db42251d675da83286b1cce702) (ScriptedImporter) -> (artifact id: 'fdc60f189dddd03870af85a8f44a1539') in 0.011009666 seconds
Number of updated asset objects reloaded before import = 0Number of asset objects unloaded after import = 12

========================================================================
Received Import Request.
  Time since last request: 0.000028 seconds.
  path: Assets/POLYGON city pack/Prefabs/Props/Traffic light 4 Prefab.prefab
  artifactKey: Guid(334aad2b5d3ce18449f0aac7e90fe56e) Importer(2089858483,192608db42251d675da83286b1cce702)
Start importing Assets/POLYGON city pack/Prefabs/Props/Traffic light 4 Prefab.prefab using Guid(334aad2b5d3ce18449f0aac7e90fe56e) Importer(2089858483,192608db42251d675da83286b1cce702) (ScriptedImporter) -> (artifact id: '40dd158dc4c6a9de690ff6d6fa273cde') in 0.002295084 seconds
Number of updated asset objects reloaded before import = 0Number of asset objects unloaded after import = 10

========================================================================
Received Import Request.
  Time since last request: 0.000025 seconds.
  path: Assets/POLYGON city pack/Prefabs/Props/platt pole prefab.prefab
  artifactKey: Guid(512782c78ed494441ad23e5fe0ab6a59) Importer(2089858483,192608db42251d675da83286b1cce702)
Start importing Assets/POLYGON city pack/Prefabs/Props/platt pole prefab.prefab using Guid(512782c78ed494441ad23e5fe0ab6a59) Importer(2089858483,192608db42251d675da83286b1cce702) (ScriptedImporter) -> (artifact id: 'c65cc5d24280c03f0344591d8b2e71b4') in 0.001707083 seconds
Number of updated asset objects reloaded before import = 0Number of asset objects unloaded after import = 10

========================================================================
Received Import Request.
  Time since last request: 0.000043 seconds.
  path: Assets/POLYGON city pack/Prefabs/Lamps/Lamp_2_prefab.prefab
  artifactKey: Guid(e4485e1bf16c1634eb7efdd39779175d) Importer(2089858483,192608db42251d675da83286b1cce702)
Start importing Assets/POLYGON city pack/Prefabs/Lamps/Lamp_2_prefab.prefab using Guid(e4485e1bf16c1634eb7efdd39779175d) Importer(2089858483,192608db42251d675da83286b1cce702) (ScriptedImporter) -> (artifact id: '34cfa71d55d96bcaee6ae3504fe3f047') in 0.001861916 seconds
Number of updated asset objects reloaded before import = 0Number of asset objects unloaded after import = 16

========================================================================
Received Import Request.
  Time since last request: 0.000035 seconds.
  path: Assets/POLYGON city pack/Prefabs/Floor/Street 6 Prefab.prefab
  artifactKey: Guid(9cf6fe41a87aee14499e9aa67b6e1e2b) Importer(2089858483,192608db42251d675da83286b1cce702)
Start importing Assets/POLYGON city pack/Prefabs/Floor/Street 6 Prefab.prefab using Guid(9cf6fe41a87aee14499e9aa67b6e1e2b) Importer(2089858483,192608db42251d675da83286b1cce702) (ScriptedImporter) -> (artifact id: '7111d8d0e0eb0af1ec28ddc251d6bc19') in 0.001856584 seconds
Number of updated asset objects reloaded before import = 0Number of asset objects unloaded after import = 10

========================================================================
Received Import Request.
  Time since last request: 0.000074 seconds.
  path: Assets/POLYGON city pack/Prefabs/Letters/Letter_J_Prefab.prefab
  artifactKey: Guid(7752320cf6198664eb1aca7ace852384) Importer(2089858483,192608db42251d675da83286b1cce702)
Start importing Assets/POLYGON city pack/Prefabs/Letters/Letter_J_Prefab.prefab using Guid(7752320cf6198664eb1aca7ace852384) Importer(2089858483,192608db42251d675da83286b1cce702) (ScriptedImporter) -> (artifact id: 'f5e158d4230429c04a5c2d84eaf0f170') in 0.001876125 seconds
Number of updated asset objects reloaded before import = 0Number of asset objects unloaded after import = 9

========================================================================
Received Import Request.
  Time since last request: 0.000024 seconds.
  path: Assets/assets/city/fantasy/fenceGate.fbx
  artifactKey: Guid(6a80de44d23624998b76aab11dff75e0) Importer(2089858483,192608db42251d675da83286b1cce702)
Start importing Assets/assets/city/fantasy/fenceGate.fbx using Guid(6a80de44d23624998b76aab11dff75e0) Importer(2089858483,192608db42251d675da83286b1cce702) (ScriptedImporter) -> (artifact id: '5ef57d58091495bed1aa7cb145d0eb94') in 0.0086 seconds
Number of updated asset objects reloaded before import = 0Number of asset objects unloaded after import = 15

========================================================================
Received Import Request.
  Time since last request: 0.000041 seconds.
  path: Assets/assets/city/fantasy/hedgeLargeGate.fbx
  artifactKey: Guid(49886e20f4e984f79a69dbe6e722985c) Importer(2089858483,192608db42251d675da83286b1cce702)
Start importing Assets/assets/city/fantasy/hedgeLargeGate.fbx using Guid(49886e20f4e984f79a69dbe6e722985c) Importer(2089858483,192608db42251d675da83286b1cce702) (ScriptedImporter) -> (artifact id: '48ead5e683a9c3356939f882321efde2') in 0.007590542 seconds
Number of updated asset objects reloaded before import = 0Number of asset objects unloaded after import = 9

========================================================================
Received Import Request.
  Time since last request: 0.000031 seconds.
  path: Assets/POLYGON city pack/Prefabs/Lamps/street lamp 2 prefab.prefab
  artifactKey: Guid(3744e668ae9047e4b9590c326355161c) Importer(2089858483,192608db42251d675da83286b1cce702)
Start importing Assets/POLYGON city pack/Prefabs/Lamps/street lamp 2 prefab.prefab using Guid(3744e668ae9047e4b9590c326355161c) Importer(2089858483,192608db42251d675da83286b1cce702) (ScriptedImporter) -> (artifact id: '185345a7155499d53f49571182c8dc56') in 0.002110125 seconds
Number of updated asset objects reloaded before import = 0Number of asset objects unloaded after import = 13

========================================================================
Received Import Request.
  Time since last request: 0.000036 seconds.
  path: Assets/POLYGON city pack/Prefabs/Props/Can_cola 2 prefab.prefab
  artifactKey: Guid(95ad7e2cecb192d43a4a02f1b422beed) Importer(2089858483,192608db42251d675da83286b1cce702)
Start importing Assets/POLYGON city pack/Prefabs/Props/Can_cola 2 prefab.prefab using Guid(95ad7e2cecb192d43a4a02f1b422beed) Importer(2089858483,192608db42251d675da83286b1cce702) (ScriptedImporter) -> (artifact id: '686d8914aa25743adcfafc0f2dbb58e3') in 0.001658208 seconds
Number of updated asset objects reloaded before import = 0Number of asset objects unloaded after import = 10

========================================================================
Received Import Request.
  Time since last request: 0.000039 seconds.
  path: Assets/SimplePoly City - Low Poly Assets/Prefab/Props/Props_Traffic Signal_small.prefab
  artifactKey: Guid(2857b989c828950448ead142ca28e4a3) Importer(2089858483,192608db42251d675da83286b1cce702)
Start importing Assets/SimplePoly City - Low Poly Assets/Prefab/Props/Props_Traffic Signal_small.prefab using Guid(2857b989c828950448ead142ca28e4a3) Importer(2089858483,192608db42251d675da83286b1cce702) (ScriptedImporter) -> (artifact id: 'e05b0a8b2c73f7d6f2fc32ebbce7cbd9') in 0.003361333 seconds
Number of updated asset objects reloaded before import = 0Number of asset objects unloaded after import = 8

========================================================================
Received Import Request.
  Time since last request: 0.000033 seconds.
  path: Assets/assets/city/buildings urban/wall_windowC.fbx
  artifactKey: Guid(8a0da8e6384d44e1a8b4636df3a3b229) Importer(2089858483,192608db42251d675da83286b1cce702)
Start importing Assets/assets/city/buildings urban/wall_windowC.fbx using Guid(8a0da8e6384d44e1a8b4636df3a3b229) Importer(2089858483,192608db42251d675da83286b1cce702) (ScriptedImporter) -> (artifact id: 'dd22f3f68f74199e2cf322f2dfad03ac') in 0.008177875 seconds
Number of updated asset objects reloaded before import = 0Number of asset objects unloaded after import = 10

========================================================================
Received Import Request.
  Time since last request: 0.000033 seconds.
  path: Assets/assets/city/buildings urban/roof_overhang.fbx
  artifactKey: Guid(ef0b954069a5d4a45aefb188f7ef5b1e) Importer(2089858483,192608db42251d675da83286b1cce702)
Start importing Assets/assets/city/buildings urban/roof_overhang.fbx using Guid(ef0b954069a5d4a45aefb188f7ef5b1e) Importer(2089858483,192608db42251d675da83286b1cce702) (ScriptedImporter) -> (artifact id: '0241cf49f14ed2e65322c3a62b5cdaa0') in 0.007298875 seconds
Number of updated asset objects reloaded before import = 0Number of asset objects unloaded after import = 9

========================================================================
Received Import Request.
  Time since last request: 0.000033 seconds.
  path: Assets/SimplePoly City - Low Poly Assets/Prefab/Roads/Road Concrete Tile Small.prefab
  artifactKey: Guid(64be6214af4540d40882279ed35878bd) Importer(2089858483,192608db42251d675da83286b1cce702)
Start importing Assets/SimplePoly City - Low Poly Assets/Prefab/Roads/Road Concrete Tile Small.prefab using Guid(64be6214af4540d40882279ed35878bd) Importer(2089858483,192608db42251d675da83286b1cce702) (ScriptedImporter) -> (artifact id: '2f6ff4efba3af60a89a33f362d3abcb6') in 0.003569833 seconds
Number of updated asset objects reloaded before import = 0Number of asset objects unloaded after import = 8

========================================================================
Received Import Request.
  Time since last request: 0.000034 seconds.
  path: Assets/POLYGON city pack/Prefabs/Props/Flower 1 prefab F.prefab
  artifactKey: Guid(67086b7e1b4a07246aaebc44c363dcc3) Importer(2089858483,192608db42251d675da83286b1cce702)
Start importing Assets/POLYGON city pack/Prefabs/Props/Flower 1 prefab F.prefab using Guid(67086b7e1b4a07246aaebc44c363dcc3) Importer(2089858483,192608db42251d675da83286b1cce702) (ScriptedImporter) -> (artifact id: '1646fcaf6b3dd07b2d71e66c8faf264d') in 0.001697209 seconds
Number of updated asset objects reloaded before import = 0Number of asset objects unloaded after import = 9

========================================================================
Received Import Request.
  Time since last request: 0.000033 seconds.
  path: Assets/SimplePoly City - Low Poly Assets/Prefab/Buildings/Building_House_01_color01.prefab
  artifactKey: Guid(66131d8838f42f545a30ce8606ce5365) Importer(2089858483,192608db42251d675da83286b1cce702)
Start importing Assets/SimplePoly City - Low Poly Assets/Prefab/Buildings/Building_House_01_color01.prefab using Guid(66131d8838f42f545a30ce8606ce5365) Importer(2089858483,192608db42251d675da83286b1cce702) (ScriptedImporter) -> (artifact id: 'c94020a6fd3131405028cce17233b811') in 0.004467625 seconds
Number of updated asset objects reloaded before import = 0Number of asset objects unloaded after import = 8

========================================================================
Received Import Request.
  Time since last request: 0.000041 seconds.
  path: Assets/assets/city/fantasy/chimneyBase.fbx
  artifactKey: Guid(e44fbf5a98b77479ead934b5519da0a2) Importer(2089858483,192608db42251d675da83286b1cce702)
Start importing Assets/assets/city/fantasy/chimneyBase.fbx using Guid(e44fbf5a98b77479ead934b5519da0a2) Importer(2089858483,192608db42251d675da83286b1cce702) (ScriptedImporter) -> (artifact id: '3598186001e7490556b6987603e7d270') in 0.007306583 seconds
Number of updated asset objects reloaded before import = 0Number of asset objects unloaded after import = 9

========================================================================
Received Import Request.
  Time since last request: 0.000028 seconds.
  path: Assets/POLYGON city pack/Prefabs/Props/bush prefab.prefab
  artifactKey: Guid(fb63f2d87ad55dd42891f1e2dbfe660d) Importer(2089858483,192608db42251d675da83286b1cce702)
Start importing Assets/POLYGON city pack/Prefabs/Props/bush prefab.prefab using Guid(fb63f2d87ad55dd42891f1e2dbfe660d) Importer(2089858483,192608db42251d675da83286b1cce702) (ScriptedImporter) -> (artifact id: '70abf05a0ba721ee80736af6b00a7f88') in 0.001771042 seconds
Number of updated asset objects reloaded before import = 0Number of asset objects unloaded after import = 10

========================================================================
Received Import Request.
  Time since last request: 0.000041 seconds.
  path: Assets/SimplePoly City - Low Poly Assets/Prefab/Props/Props_Roof Solar Panel.prefab
  artifactKey: Guid(0fcc0b85550a21d4f8dea0cf26372739) Importer(2089858483,192608db42251d675da83286b1cce702)
Start importing Assets/SimplePoly City - Low Poly Assets/Prefab/Props/Props_Roof Solar Panel.prefab using Guid(0fcc0b85550a21d4f8dea0cf26372739) Importer(2089858483,192608db42251d675da83286b1cce702) (ScriptedImporter) -> (artifact id: '77a4ecb83eeb32dc7215566dba2e0acc') in 0.00343875 seconds
Number of updated asset objects reloaded before import = 0Number of asset objects unloaded after import = 8

========================================================================
Received Import Request.
  Time since last request: 0.000062 seconds.
  path: Assets/POLYGON city pack/Prefabs/Letters/Letter_W_Prefab.prefab
  artifactKey: Guid(524bd252d99a0cc44ac73104d16de0e0) Importer(2089858483,192608db42251d675da83286b1cce702)
Start importing Assets/POLYGON city pack/Prefabs/Letters/Letter_W_Prefab.prefab using Guid(524bd252d99a0cc44ac73104d16de0e0) Importer(2089858483,192608db42251d675da83286b1cce702) (ScriptedImporter) -> (artifact id: 'e028368052d85d417ba1055ec5617d76') in 0.001910708 seconds
Number of updated asset objects reloaded before import = 0Number of asset objects unloaded after import = 9

========================================================================
Received Import Request.
  Time since last request: 0.000033 seconds.
  path: Assets/assets/city/buildings urban/low_buildingB.fbx
  artifactKey: Guid(6f076aa529c7f4984ac44d86158ec633) Importer(2089858483,192608db42251d675da83286b1cce702)
Start importing Assets/assets/city/buildings urban/low_buildingB.fbx using Guid(6f076aa529c7f4984ac44d86158ec633) Importer(2089858483,192608db42251d675da83286b1cce702) (ScriptedImporter) -> (artifact id: '17bc7e1d053f07b517fca812f8b37884') in 0.008305708 seconds
Number of updated asset objects reloaded before import = 0Number of asset objects unloaded after import = 9

========================================================================
Received Import Request.
  Time since last request: 0.000025 seconds.
  path: Assets/POLYGON city pack/Prefabs/Floor/Street 8 Prefab.prefab
  artifactKey: Guid(45374165b7b045b498462bc2d3987a31) Importer(2089858483,192608db42251d675da83286b1cce702)
Start importing Assets/POLYGON city pack/Prefabs/Floor/Street 8 Prefab.prefab using Guid(45374165b7b045b498462bc2d3987a31) Importer(2089858483,192608db42251d675da83286b1cce702) (ScriptedImporter) -> (artifact id: '637dbe5493904fda96b24e30dd1be23e') in 0.001845084 seconds
Number of updated asset objects reloaded before import = 0Number of asset objects unloaded after import = 10

========================================================================
Received Import Request.
  Time since last request: 0.000043 seconds.
  path: Assets/POLYGON city pack/Prefabs/Floor/stoneway 2.prefab
  artifactKey: Guid(55e3ebb26a70a8c458d618b9d0cf5971) Importer(2089858483,192608db42251d675da83286b1cce702)
Start importing Assets/POLYGON city pack/Prefabs/Floor/stoneway 2.prefab using Guid(55e3ebb26a70a8c458d618b9d0cf5971) Importer(2089858483,192608db42251d675da83286b1cce702) (ScriptedImporter) -> (artifact id: '924da81a0bde2080c488784ad71ece88') in 0.001731917 seconds
Number of updated asset objects reloaded before import = 0Number of asset objects unloaded after import = 10

========================================================================
Received Import Request.
  Time since last request: 0.000025 seconds.
  path: Assets/SimplePoly City - Low Poly Assets/Prefab/Natures/Natures_Bush_01.prefab
  artifactKey: Guid(31bbda51eeab02f44a8e92a7da2f5ff8) Importer(2089858483,192608db42251d675da83286b1cce702)
Start importing Assets/SimplePoly City - Low Poly Assets/Prefab/Natures/Natures_Bush_01.prefab using Guid(31bbda51eeab02f44a8e92a7da2f5ff8) Importer(2089858483,192608db42251d675da83286b1cce702) (ScriptedImporter) -> (artifact id: 'da785d8ad5f9d1901ab0d777309c3fac') in 0.003158292 seconds
Number of updated asset objects reloaded before import = 0Number of asset objects unloaded after import = 8

========================================================================
Received Import Request.
  Time since last request: 0.000081 seconds.
  path: Assets/SimplePoly City - Low Poly Assets/Prefab/Buildings/Building_House_02_color01.prefab
  artifactKey: Guid(142c9543c08ae014bad9d177ad54a989) Importer(2089858483,192608db42251d675da83286b1cce702)
Start importing Assets/SimplePoly City - Low Poly Assets/Prefab/Buildings/Building_House_02_color01.prefab using Guid(142c9543c08ae014bad9d177ad54a989) Importer(2089858483,192608db42251d675da83286b1cce702) (ScriptedImporter) -> (artifact id: '765c643cc7005d47926efcd4241765e0') in 0.004092083 seconds
Number of updated asset objects reloaded before import = 0Number of asset objects unloaded after import = 8

========================================================================
Received Import Request.
  Time since last request: 0.000032 seconds.
  path: Assets/POLYGON city pack/Prefabs/Props/drain 1 prefab.prefab
  artifactKey: Guid(0222be6389069a24db934273f2a9f031) Importer(2089858483,192608db42251d675da83286b1cce702)
Start importing Assets/POLYGON city pack/Prefabs/Props/drain 1 prefab.prefab using Guid(0222be6389069a24db934273f2a9f031) Importer(2089858483,192608db42251d675da83286b1cce702) (ScriptedImporter) -> (artifact id: '5352733d08846c1d65904f5b0076f138') in 0.001791417 seconds
Number of updated asset objects reloaded before import = 0Number of asset objects unloaded after import = 10

========================================================================
Received Import Request.
  Time since last request: 0.000057 seconds.
  path: Assets/assets/city/buildings urban/wall_windowF.fbx
  artifactKey: Guid(a304b4ff6308e4f93a58f40080fb7d26) Importer(2089858483,192608db42251d675da83286b1cce702)
Start importing Assets/assets/city/buildings urban/wall_windowF.fbx using Guid(a304b4ff6308e4f93a58f40080fb7d26) Importer(2089858483,192608db42251d675da83286b1cce702) (ScriptedImporter) -> (artifact id: 'b245573a3e971a09a1381b06de6bf424') in 0.007557834 seconds
Number of updated asset objects reloaded before import = 0Number of asset objects unloaded after import = 10

========================================================================
Received Import Request.
  Time since last request: 0.000059 seconds.
  path: Assets/POLYGON city pack/Prefabs/Letters/Letter_M_Prefab.prefab
  artifactKey: Guid(99425f43b7fcd40418bff56972c15b23) Importer(2089858483,192608db42251d675da83286b1cce702)
Start importing Assets/POLYGON city pack/Prefabs/Letters/Letter_M_Prefab.prefab using Guid(99425f43b7fcd40418bff56972c15b23) Importer(2089858483,192608db42251d675da83286b1cce702) (ScriptedImporter) -> (artifact id: '0d40f5d0b9102d5f4b7c12e71d1e1a9d') in 0.001760708 seconds
Number of updated asset objects reloaded before import = 0Number of asset objects unloaded after import = 9

========================================================================
Received Import Request.
  Time since last request: 0.000036 seconds.
  path: Assets/POLYGON city pack/Prefabs/Props/traffic_warning_stand prefab.prefab
  artifactKey: Guid(883cf758fdbaad44fbf987329131dbfb) Importer(2089858483,192608db42251d675da83286b1cce702)
Start importing Assets/POLYGON city pack/Prefabs/Props/traffic_warning_stand prefab.prefab using Guid(883cf758fdbaad44fbf987329131dbfb) Importer(2089858483,192608db42251d675da83286b1cce702) (ScriptedImporter) -> (artifact id: 'a91cd7e407910985b41d44064d8b58db') in 0.001808833 seconds
Number of updated asset objects reloaded before import = 0Number of asset objects unloaded after import = 10

========================================================================
Received Import Request.
  Time since last request: 0.000028 seconds.
  path: Assets/assets/city/fantasy/bannerRed.fbx
  artifactKey: Guid(fb2a75f18a6eb4f5eb5b0c5004d61ab1) Importer(2089858483,192608db42251d675da83286b1cce702)
Start importing Assets/assets/city/fantasy/bannerRed.fbx using Guid(fb2a75f18a6eb4f5eb5b0c5004d61ab1) Importer(2089858483,192608db42251d675da83286b1cce702) (ScriptedImporter) -> (artifact id: '06623f6d3988400b3466929b5037e88f') in 0.007651333 seconds
Number of updated asset objects reloaded before import = 0Number of asset objects unloaded after import = 10

========================================================================
Received Import Request.
  Time since last request: 0.000034 seconds.
  path: Assets/SimplePoly City - Low Poly Assets/Prefab/Props/Props_Traffic cone.prefab
  artifactKey: Guid(52f3bf47c9c62af4588469ff668b805c) Importer(2089858483,192608db42251d675da83286b1cce702)
Start importing Assets/SimplePoly City - Low Poly Assets/Prefab/Props/Props_Traffic cone.prefab using Guid(52f3bf47c9c62af4588469ff668b805c) Importer(2089858483,192608db42251d675da83286b1cce702) (ScriptedImporter) -> (artifact id: 'a6bd2831aca373a9d8b39be80a064dd3') in 0.003350833 seconds
Number of updated asset objects reloaded before import = 0Number of asset objects unloaded after import = 8

========================================================================
Received Import Request.
  Time since last request: 0.000034 seconds.
  path: Assets/assets/city/buildings urban/low_buildingF.fbx
  artifactKey: Guid(003839d75901147c8bd7d89a1cbdf909) Importer(2089858483,192608db42251d675da83286b1cce702)
Start importing Assets/assets/city/buildings urban/low_buildingF.fbx using Guid(003839d75901147c8bd7d89a1cbdf909) Importer(2089858483,192608db42251d675da83286b1cce702) (ScriptedImporter) -> (artifact id: '0d15b6bc9c6ff7c655695e1ed9c83bd6') in 0.007312375 seconds
Number of updated asset objects reloaded before import = 0Number of asset objects unloaded after import = 9

========================================================================
Received Import Request.
  Time since last request: 0.000027 seconds.
  path: Assets/assets/city/buildings urban/wall_doorB.fbx
  artifactKey: Guid(a730bae6e448c410999a65ae4f4f411c) Importer(2089858483,192608db42251d675da83286b1cce702)
Start importing Assets/assets/city/buildings urban/wall_doorB.fbx using Guid(a730bae6e448c410999a65ae4f4f411c) Importer(2089858483,192608db42251d675da83286b1cce702) (ScriptedImporter) -> (artifact id: '1b7f6e818493c1f21c190bea5d644729') in 0.008577875 seconds
Number of updated asset objects reloaded before import = 0Number of asset objects unloaded after import = 11

========================================================================
Received Import Request.
  Time since last request: 0.000025 seconds.
  path: Assets/POLYGON city pack/Prefabs/Letters/Letter_F_Prefab.prefab
  artifactKey: Guid(88e3cb9a63aebb648aafa17c2b585aef) Importer(2089858483,192608db42251d675da83286b1cce702)
Start importing Assets/POLYGON city pack/Prefabs/Letters/Letter_F_Prefab.prefab using Guid(88e3cb9a63aebb648aafa17c2b585aef) Importer(2089858483,192608db42251d675da83286b1cce702) (ScriptedImporter) -> (artifact id: '45cb461388299e0285d8c07d23018326') in 0.001946959 seconds
Number of updated asset objects reloaded before import = 0Number of asset objects unloaded after import = 16

========================================================================
Received Import Request.
  Time since last request: 0.000051 seconds.
  path: Assets/POLYGON city pack/Prefabs/Letters/Letter_N_Prefab.prefab
  artifactKey: Guid(0778b4c717fc2d141bfacce1e4453883) Importer(2089858483,192608db42251d675da83286b1cce702)
Start importing Assets/POLYGON city pack/Prefabs/Letters/Letter_N_Prefab.prefab using Guid(0778b4c717fc2d141bfacce1e4453883) Importer(2089858483,192608db42251d675da83286b1cce702) (ScriptedImporter) -> (artifact id: '61fd50224a8229bcb5197f5767184ab0') in 0.001529584 seconds
Number of updated asset objects reloaded before import = 0Number of asset objects unloaded after import = 9

========================================================================
Received Import Request.
  Time since last request: 0.000043 seconds.
  path: Assets/POLYGON city pack/Prefabs/Letters/Letter_O_Prefab.prefab
  artifactKey: Guid(1388611d0c053e54ab3bb60eb6e40eb0) Importer(2089858483,192608db42251d675da83286b1cce702)
Start importing Assets/POLYGON city pack/Prefabs/Letters/Letter_O_Prefab.prefab using Guid(1388611d0c053e54ab3bb60eb6e40eb0) Importer(2089858483,192608db42251d675da83286b1cce702) (ScriptedImporter) -> (artifact id: 'c216925cda48360bbdb21ee75d21874b') in 0.001603417 seconds
Number of updated asset objects reloaded before import = 0Number of asset objects unloaded after import = 9

========================================================================
Received Import Request.
  Time since last request: 0.000034 seconds.
  path: Assets/SimplePoly City - Low Poly Assets/Prefab/Buildings/Building_Residential_color01.prefab
  artifactKey: Guid(921b4e33443ab5943afa3c4841e74cae) Importer(2089858483,192608db42251d675da83286b1cce702)
Start importing Assets/SimplePoly City - Low Poly Assets/Prefab/Buildings/Building_Residential_color01.prefab using Guid(921b4e33443ab5943afa3c4841e74cae) Importer(2089858483,192608db42251d675da83286b1cce702) (ScriptedImporter) -> (artifact id: 'a4cba032467fe5ad419f5ef557f88459') in 0.004002167 seconds
Number of updated asset objects reloaded before import = 0Number of asset objects unloaded after import = 8

========================================================================
Received Import Request.
  Time since last request: 0.000030 seconds.
  path: Assets/POLYGON city pack/Prefabs/Props/Traffic light 2 Prefab.prefab
  artifactKey: Guid(d7cdfd713e1c02c49b7eb072ff0c50b2) Importer(2089858483,192608db42251d675da83286b1cce702)
Start importing Assets/POLYGON city pack/Prefabs/Props/Traffic light 2 Prefab.prefab using Guid(d7cdfd713e1c02c49b7eb072ff0c50b2) Importer(2089858483,192608db42251d675da83286b1cce702) (ScriptedImporter) -> (artifact id: '7ce0e1087fcfbe4346013771dbc57660') in 0.001998584 seconds
Number of updated asset objects reloaded before import = 0Number of asset objects unloaded after import = 10

========================================================================
Received Import Request.
  Time since last request: 0.000033 seconds.
  path: Assets/POLYGON city pack/Prefabs/Letters/Letter_A_Prefab.prefab
  artifactKey: Guid(486263a6295235a40a3ba56b8111437e) Importer(2089858483,192608db42251d675da83286b1cce702)
Start importing Assets/POLYGON city pack/Prefabs/Letters/Letter_A_Prefab.prefab using Guid(486263a6295235a40a3ba56b8111437e) Importer(2089858483,192608db42251d675da83286b1cce702) (ScriptedImporter) -> (artifact id: 'b7a54a9c094138cf3304683c01506957') in 0.001547125 seconds
Number of updated asset objects reloaded before import = 0Number of asset objects unloaded after import = 16

========================================================================
Received Import Request.
  Time since last request: 0.000034 seconds.
  path: Assets/POLYGON city pack/Prefabs/Letters/Letter_C_Prefab.prefab
  artifactKey: Guid(41191e97f24858b4b982738b33be1ed4) Importer(2089858483,192608db42251d675da83286b1cce702)
Start importing Assets/POLYGON city pack/Prefabs/Letters/Letter_C_Prefab.prefab using Guid(41191e97f24858b4b982738b33be1ed4) Importer(2089858483,192608db42251d675da83286b1cce702) (ScriptedImporter) -> (artifact id: 'c719246572391c5fd95ba5b467553c69') in 0.001524833 seconds
Number of updated asset objects reloaded before import = 0Number of asset objects unloaded after import = 16

========================================================================
Received Import Request.
  Time since last request: 0.000039 seconds.
  path: Assets/SimplePoly City - Low Poly Assets/Prefab/Natures/Natures_Grass Tile Small.prefab
  artifactKey: Guid(1b0084fb56aeb6e4e90f88a0def84cf0) Importer(2089858483,192608db42251d675da83286b1cce702)
Start importing Assets/SimplePoly City - Low Poly Assets/Prefab/Natures/Natures_Grass Tile Small.prefab using Guid(1b0084fb56aeb6e4e90f88a0def84cf0) Importer(2089858483,192608db42251d675da83286b1cce702) (ScriptedImporter) -> (artifact id: 'efb76c37aeab1c34b6c788cd77630aca') in 0.003192375 seconds
Number of updated asset objects reloaded before import = 0Number of asset objects unloaded after import = 8

========================================================================
Received Import Request.
  Time since last request: 0.000027 seconds.
  path: Assets/POLYGON city pack/Prefabs/Props/traffic_obj prefab.prefab
  artifactKey: Guid(b0c71b64a7dfbd74cb2f2acf7a3637a3) Importer(2089858483,192608db42251d675da83286b1cce702)
Start importing Assets/POLYGON city pack/Prefabs/Props/traffic_obj prefab.prefab using Guid(b0c71b64a7dfbd74cb2f2acf7a3637a3) Importer(2089858483,192608db42251d675da83286b1cce702) (ScriptedImporter) -> (artifact id: '8016e0495e58b479e16774036bd143f8') in 0.001501042 seconds
Number of updated asset objects reloaded before import = 0Number of asset objects unloaded after import = 10

========================================================================
Received Import Request.
  Time since last request: 0.000045 seconds.
  path: Assets/SimplePoly City - Low Poly Assets/Prefab/Natures/Natures_Fir Tree.prefab
  artifactKey: Guid(2509cc5763ca17f4598bf61fd585a93e) Importer(2089858483,192608db42251d675da83286b1cce702)
Start importing Assets/SimplePoly City - Low Poly Assets/Prefab/Natures/Natures_Fir Tree.prefab using Guid(2509cc5763ca17f4598bf61fd585a93e) Importer(2089858483,192608db42251d675da83286b1cce702) (ScriptedImporter) -> (artifact id: '609ceee99f72591e1eca6f30c1922a93') in 0.003033334 seconds
Number of updated asset objects reloaded before import = 0Number of asset objects unloaded after import = 8

========================================================================
Received Import Request.
  Time since last request: 0.000024 seconds.
  path: Assets/SimplePoly City - Low Poly Assets/Prefab/Buildings/Building_House_04_color01.prefab
  artifactKey: Guid(63243ce2fd6113e4384abc2d949cb799) Importer(2089858483,192608db42251d675da83286b1cce702)
Start importing Assets/SimplePoly City - Low Poly Assets/Prefab/Buildings/Building_House_04_color01.prefab using Guid(63243ce2fd6113e4384abc2d949cb799) Importer(2089858483,192608db42251d675da83286b1cce702) (ScriptedImporter) -> (artifact id: '462b4afa440945b347e7e2104819b5d0') in 0.004083583 seconds
Number of updated asset objects reloaded before import = 0Number of asset objects unloaded after import = 8

========================================================================
Received Import Request.
  Time since last request: 0.000021 seconds.
  path: Assets/SimplePoly City - Low Poly Assets/Prefab/Props/Props_Street Light.prefab
  artifactKey: Guid(b8ee657c6800ab849bb30b4375d02323) Importer(2089858483,192608db42251d675da83286b1cce702)
Start importing Assets/SimplePoly City - Low Poly Assets/Prefab/Props/Props_Street Light.prefab using Guid(b8ee657c6800ab849bb30b4375d02323) Importer(2089858483,192608db42251d675da83286b1cce702) (ScriptedImporter) -> (artifact id: '41530ddf0e238f603820d4f25034d31b') in 0.003375709 seconds
Number of updated asset objects reloaded before import = 0Number of asset objects unloaded after import = 8

========================================================================
Received Import Request.
  Time since last request: 0.626320 seconds.
  path: Assets/assets/city/fantasy/pillarWood.fbx
  artifactKey: Guid(19104ac4246544e76aa0da515bbb58a2) Importer(2089858483,192608db42251d675da83286b1cce702)
Start importing Assets/assets/city/fantasy/pillarWood.fbx using Guid(19104ac4246544e76aa0da515bbb58a2) Importer(2089858483,192608db42251d675da83286b1cce702) (ScriptedImporter) -> (artifact id: 'b87cfadad7b9491a9cde97c409fffa07') in 0.014796958 seconds
Number of updated asset objects reloaded before import = 0Number of asset objects unloaded after import = 9

========================================================================
Received Import Request.
  Time since last request: 0.000046 seconds.
  path: Assets/assets/city/roads/bridge_pillar.fbx
  artifactKey: Guid(294e78f71372d4e5dba5de6f062a7af9) Importer(2089858483,192608db42251d675da83286b1cce702)
Start importing Assets/assets/city/roads/bridge_pillar.fbx using Guid(294e78f71372d4e5dba5de6f062a7af9) Importer(2089858483,192608db42251d675da83286b1cce702) (ScriptedImporter) -> (artifact id: 'ff15780da448b68cccb1ccb822fc2ce3') in 0.011242083 seconds
Number of updated asset objects reloaded before import = 0Number of asset objects unloaded after import = 9

========================================================================
Received Import Request.
  Time since last request: 0.000053 seconds.
  path: Assets/assets/city/roads/road_slantFlatHigh.fbx
  artifactKey: Guid(76510d3e9a318411eb8ed9554b83eb75) Importer(2089858483,192608db42251d675da83286b1cce702)
Start importing Assets/assets/city/roads/road_slantFlatHigh.fbx using Guid(76510d3e9a318411eb8ed9554b83eb75) Importer(2089858483,192608db42251d675da83286b1cce702) (ScriptedImporter) -> (artifact id: '509d0db0d4c6d5596a7aeab283675a05') in 0.011210458 seconds
Number of updated asset objects reloaded before import = 0Number of asset objects unloaded after import = 11

========================================================================
Received Import Request.
  Time since last request: 0.000042 seconds.
  path: Assets/assets/city/fantasy/roofCornerInner.fbx
  artifactKey: Guid(e34a4414485e149948d252ab0885d883) Importer(2089858483,192608db42251d675da83286b1cce702)
Start importing Assets/assets/city/fantasy/roofCornerInner.fbx using Guid(e34a4414485e149948d252ab0885d883) Importer(2089858483,192608db42251d675da83286b1cce702) (ScriptedImporter) -> (artifact id: '5d6c1a0d0bdfb8429a893422e1c3a397') in 0.009328625 seconds
Number of updated asset objects reloaded before import = 0Number of asset objects unloaded after import = 10

========================================================================
Received Import Request.
  Time since last request: 0.000039 seconds.
  path: Assets/assets/city/racing/barrierWhite.fbx
  artifactKey: Guid(ad7cc976af617469ab4086c713ab4ea8) Importer(2089858483,192608db42251d675da83286b1cce702)
Start importing Assets/assets/city/racing/barrierWhite.fbx using Guid(ad7cc976af617469ab4086c713ab4ea8) Importer(2089858483,192608db42251d675da83286b1cce702) (ScriptedImporter) -> (artifact id: '1121cb1d07e04ef889063fa9f6e2e7cd') in 0.006851792 seconds
Number of updated asset objects reloaded before import = 0Number of asset objects unloaded after import = 8

========================================================================
Received Import Request.
  Time since last request: 0.000033 seconds.
  path: Assets/assets/city/roads/road_slantFlat.fbx
  artifactKey: Guid(a4627360a316140b381d5fd816a41e45) Importer(2089858483,192608db42251d675da83286b1cce702)
Start importing Assets/assets/city/roads/road_slantFlat.fbx using Guid(a4627360a316140b381d5fd816a41e45) Importer(2089858483,192608db42251d675da83286b1cce702) (ScriptedImporter) -> (artifact id: 'b1f666181b07598b292123825b576a94') in 0.009101791 seconds
Number of updated asset objects reloaded before import = 0Number of asset objects unloaded after import = 11

========================================================================
Received Import Request.
  Time since last request: 0.000033 seconds.
  path: Assets/assets/city/fantasy/roadEdge.fbx
  artifactKey: Guid(6904854c9debd435d85f6b2d4ed18bcf) Importer(2089858483,192608db42251d675da83286b1cce702)
Start importing Assets/assets/city/fantasy/roadEdge.fbx using Guid(6904854c9debd435d85f6b2d4ed18bcf) Importer(2089858483,192608db42251d675da83286b1cce702) (ScriptedImporter) -> (artifact id: '5c9ae0596452977bd8322d0f6991690f') in 0.007004292 seconds
Number of updated asset objects reloaded before import = 0Number of asset objects unloaded after import = 9

========================================================================
Received Import Request.
  Time since last request: 0.000050 seconds.
  path: Assets/POLYGON city pack/Meshes,textures/Shops_FBX/Materials/Facade.mat
  artifactKey: Guid(141bde82e16e07b4888cde3a9d83b32d) Importer(2089858483,192608db42251d675da83286b1cce702)
Start importing Assets/POLYGON city pack/Meshes,textures/Shops_FBX/Materials/Facade.mat using Guid(141bde82e16e07b4888cde3a9d83b32d) Importer(2089858483,192608db42251d675da83286b1cce702) (ScriptedImporter) -> (artifact id: '36443e86b91f362704375bba85077f50') in 0.001599292 seconds
Number of updated asset objects reloaded before import = 0Number of asset objects unloaded after import = 1

========================================================================
Received Import Request.
  Time since last request: 0.000058 seconds.
  path: Assets/assets/city/suburban/house_type06.fbx
  artifactKey: Guid(80a20aeb1f5a141f4978fd2d25179972) Importer(2089858483,192608db42251d675da83286b1cce702)
Start importing Assets/assets/city/suburban/house_type06.fbx using Guid(80a20aeb1f5a141f4978fd2d25179972) Importer(2089858483,192608db42251d675da83286b1cce702) (ScriptedImporter) -> (artifact id: '1342f12c301830557f830b2126c4e2c0') in 0.009198 seconds
Number of updated asset objects reloaded before import = 0Number of asset objects unloaded after import = 12

========================================================================
Received Import Request.
  Time since last request: 0.000031 seconds.
  path: Assets/POLYGON city pack/Meshes,textures/Buildings_FBX/Materials/Material.002.mat
  artifactKey: Guid(8261c10d70539fa4db047fe726ff1f09) Importer(2089858483,192608db42251d675da83286b1cce702)
Start importing Assets/POLYGON city pack/Meshes,textures/Buildings_FBX/Materials/Material.002.mat using Guid(8261c10d70539fa4db047fe726ff1f09) Importer(2089858483,192608db42251d675da83286b1cce702) (ScriptedImporter) -> (artifact id: '61d2925c2b934b48243a1fe5bd78bb57') in 0.002507542 seconds
Number of updated asset objects reloaded before import = 0Number of asset objects unloaded after import = 1

========================================================================
Received Import Request.
  Time since last request: 0.000071 seconds.
  path: Assets/POLYGON city pack/Meshes,textures/Buildings_FBX/Materials/doori.mat
  artifactKey: Guid(a51a43c0f1c7cb348b39459ec30f480b) Importer(2089858483,192608db42251d675da83286b1cce702)
Start importing Assets/POLYGON city pack/Meshes,textures/Buildings_FBX/Materials/doori.mat using Guid(a51a43c0f1c7cb348b39459ec30f480b) Importer(2089858483,192608db42251d675da83286b1cce702) (ScriptedImporter) -> (artifact id: '832a800cf006fdfb4adde7f694e278c1') in 0.001562166 seconds
Number of updated asset objects reloaded before import = 0Number of asset objects unloaded after import = 1

========================================================================
Received Import Request.
  Time since last request: 0.000052 seconds.
  path: Assets/assets/city/racing/overheadLights.fbx
  artifactKey: Guid(113d41f9005674244a69560d2e88f2a1) Importer(2089858483,192608db42251d675da83286b1cce702)
Start importing Assets/assets/city/racing/overheadLights.fbx using Guid(113d41f9005674244a69560d2e88f2a1) Importer(2089858483,192608db42251d675da83286b1cce702) (ScriptedImporter) -> (artifact id: '84b13896ca060d18110ec125b07bb37b') in 0.007338458 seconds
Number of updated asset objects reloaded before import = 0Number of asset objects unloaded after import = 10

========================================================================
Received Import Request.
  Time since last request: 0.000032 seconds.
  path: Assets/POLYGON city pack/Meshes,textures/Buildings_FBX/Materials/Fireleader.mat
  artifactKey: Guid(53bf46a7ef8b8694a9caa351cbfe4b21) Importer(2089858483,192608db42251d675da83286b1cce702)
Start importing Assets/POLYGON city pack/Meshes,textures/Buildings_FBX/Materials/Fireleader.mat using Guid(53bf46a7ef8b8694a9caa351cbfe4b21) Importer(2089858483,192608db42251d675da83286b1cce702) (ScriptedImporter) -> (artifact id: '2f3fc40540e38c71abceb655bbf4034f') in 0.002224 seconds
Number of updated asset objects reloaded before import = 0Number of asset objects unloaded after import = 1

========================================================================
Received Import Request.
  Time since last request: 0.000046 seconds.
  path: Assets/POLYGON city pack/Meshes,textures/Buildings_FBX/Materials/Windows 3.mat
  artifactKey: Guid(2f5a2fc8138763d48a258ec6f0c94ce5) Importer(2089858483,192608db42251d675da83286b1cce702)
Start importing Assets/POLYGON city pack/Meshes,textures/Buildings_FBX/Materials/Windows 3.mat using Guid(2f5a2fc8138763d48a258ec6f0c94ce5) Importer(2089858483,192608db42251d675da83286b1cce702) (ScriptedImporter) -> (artifact id: '7ea71d7bd453522a4e87f6d47ba10b25') in 0.001573875 seconds
Number of updated asset objects reloaded before import = 0Number of asset objects unloaded after import = 1

========================================================================
Received Import Request.
  Time since last request: 0.000044 seconds.
  path: Assets/POLYGON city pack/Meshes,textures/Buildings_FBX/Materials/anger stone 2.mat
  artifactKey: Guid(5e66ca8df67043744a0d5a72b8229bc1) Importer(2089858483,192608db42251d675da83286b1cce702)
Start importing Assets/POLYGON city pack/Meshes,textures/Buildings_FBX/Materials/anger stone 2.mat using Guid(5e66ca8df67043744a0d5a72b8229bc1) Importer(2089858483,192608db42251d675da83286b1cce702) (ScriptedImporter) -> (artifact id: '4804fdf1c361a7d69e1b0289a57bcab2') in 0.001458375 seconds
Number of updated asset objects reloaded before import = 0Number of asset objects unloaded after import = 1

========================================================================
Received Import Request.
  Time since last request: 0.000074 seconds.
  path: Assets/assets/city/racing/pitsOfficeRoof.fbx
  artifactKey: Guid(35a7a69806d964a10ad0660c90b644f7) Importer(2089858483,192608db42251d675da83286b1cce702)
Start importing Assets/assets/city/racing/pitsOfficeRoof.fbx using Guid(35a7a69806d964a10ad0660c90b644f7) Importer(2089858483,192608db42251d675da83286b1cce702) (ScriptedImporter) -> (artifact id: 'ce1b44c762e5e958c02b5d43f2b915ff') in 0.008781459 seconds
Number of updated asset objects reloaded before import = 0Number of asset objects unloaded after import = 11

========================================================================
Received Import Request.
  Time since last request: 0.000042 seconds.
  path: Assets/POLYGON city pack/Meshes,textures/Buildings_FBX/Materials/gold.mat
  artifactKey: Guid(464ea01e3f481db48bf31cdd67b313e9) Importer(2089858483,192608db42251d675da83286b1cce702)
Start importing Assets/POLYGON city pack/Meshes,textures/Buildings_FBX/Materials/gold.mat using Guid(464ea01e3f481db48bf31cdd67b313e9) Importer(2089858483,192608db42251d675da83286b1cce702) (ScriptedImporter) -> (artifact id: '4e9d64db0a75696ee7e520014ec55a2b') in 0.001736041 seconds
Number of updated asset objects reloaded before import = 0Number of asset objects unloaded after import = 1

========================================================================
Received Import Request.
  Time since last request: 0.000058 seconds.
  path: Assets/assets/city/roads/light_curvedCross.fbx
  artifactKey: Guid(9b0a217d0d4d24e7d93119207cb8a884) Importer(2089858483,192608db42251d675da83286b1cce702)
Start importing Assets/assets/city/roads/light_curvedCross.fbx using Guid(9b0a217d0d4d24e7d93119207cb8a884) Importer(2089858483,192608db42251d675da83286b1cce702) (ScriptedImporter) -> (artifact id: '746e96ef8d79b30d0896d0a867d8227c') in 0.007886333 seconds
Number of updated asset objects reloaded before import = 0Number of asset objects unloaded after import = 10

========================================================================
Received Import Request.
  Time since last request: 0.000036 seconds.
  path: Assets/POLYGON city pack/Meshes,textures/Buildings_FBX/Materials/Material.001.mat
  artifactKey: Guid(ceda5941b3a32cc45b14ca5d823a7874) Importer(2089858483,192608db42251d675da83286b1cce702)
Start importing Assets/POLYGON city pack/Meshes,textures/Buildings_FBX/Materials/Material.001.mat using Guid(ceda5941b3a32cc45b14ca5d823a7874) Importer(2089858483,192608db42251d675da83286b1cce702) (ScriptedImporter) -> (artifact id: '4d64f12a9a34903e4ba686fe4479f3bf') in 0.001592542 seconds
Number of updated asset objects reloaded before import = 0Number of asset objects unloaded after import = 1

========================================================================
Received Import Request.
  Time since last request: 0.000060 seconds.
  path: Assets/POLYGON city pack/Meshes,textures/Buildings_FBX/Materials/Fire_escape_04.mat
  artifactKey: Guid(12ccd3a845e37e3409541e3db2e2440c) Importer(2089858483,192608db42251d675da83286b1cce702)
Start importing Assets/POLYGON city pack/Meshes,textures/Buildings_FBX/Materials/Fire_escape_04.mat using Guid(12ccd3a845e37e3409541e3db2e2440c) Importer(2089858483,192608db42251d675da83286b1cce702) (ScriptedImporter) -> (artifact id: '86ae5be10280b6ff837c5e52db9d00c4') in 0.00137175 seconds
Number of updated asset objects reloaded before import = 0Number of asset objects unloaded after import = 1

========================================================================
Received Import Request.
  Time since last request: 0.000059 seconds.
  path: Assets/assets/city/racing/overhead.fbx
  artifactKey: Guid(c0f8fc3ffbe1b4a4f85f7edfbd718fb5) Importer(2089858483,192608db42251d675da83286b1cce702)
Start importing Assets/assets/city/racing/overhead.fbx using Guid(c0f8fc3ffbe1b4a4f85f7edfbd718fb5) Importer(2089858483,192608db42251d675da83286b1cce702) (ScriptedImporter) -> (artifact id: 'ecf7e6c8a154afbfc542533f1005ad19') in 0.006757917 seconds
Number of updated asset objects reloaded before import = 0Number of asset objects unloaded after import = 8

========================================================================
Received Import Request.
  Time since last request: 0.000044 seconds.
  path: Assets/POLYGON city pack/Meshes,textures/Buildings_FBX/Materials/Police_station_texture.mat
  artifactKey: Guid(58ce0120a571df04fb9aa5dfbcea8ea4) Importer(2089858483,192608db42251d675da83286b1cce702)
Start importing Assets/POLYGON city pack/Meshes,textures/Buildings_FBX/Materials/Police_station_texture.mat using Guid(58ce0120a571df04fb9aa5dfbcea8ea4) Importer(2089858483,192608db42251d675da83286b1cce702) (ScriptedImporter) -> (artifact id: 'b1754c293bdb43c821cb762b17379564') in 0.002137917 seconds
Number of updated asset objects reloaded before import = 0Number of asset objects unloaded after import = 2

========================================================================
Received Import Request.
  Time since last request: 0.000036 seconds.
  path: Assets/POLYGON city pack/Meshes,textures/Buildings_FBX/Materials/Windows_C.mat
  artifactKey: Guid(0274bdc4317ecdf4abe00f1ef7dc6c3d) Importer(2089858483,192608db42251d675da83286b1cce702)
Start importing Assets/POLYGON city pack/Meshes,textures/Buildings_FBX/Materials/Windows_C.mat using Guid(0274bdc4317ecdf4abe00f1ef7dc6c3d) Importer(2089858483,192608db42251d675da83286b1cce702) (ScriptedImporter) -> (artifact id: 'd4cfc8c782d9edaf3a7e11766447f8f0') in 0.001587125 seconds
Number of updated asset objects reloaded before import = 0Number of asset objects unloaded after import = 1

========================================================================
Received Import Request.
  Time since last request: 0.000058 seconds.
  path: Assets/POLYGON city pack/Meshes,textures/Buildings_FBX/Materials/WindowFrame.mat
  artifactKey: Guid(e0165b0c5174fd14e98654a3e2b21433) Importer(2089858483,192608db42251d675da83286b1cce702)
Start importing Assets/POLYGON city pack/Meshes,textures/Buildings_FBX/Materials/WindowFrame.mat using Guid(e0165b0c5174fd14e98654a3e2b21433) Importer(2089858483,192608db42251d675da83286b1cce702) (ScriptedImporter) -> (artifact id: '72bf79a4f3cb67d39c17bdcf0b9db939') in 0.001388834 seconds
Number of updated asset objects reloaded before import = 0Number of asset objects unloaded after import = 1

========================================================================
Received Import Request.
  Time since last request: 0.000056 seconds.
  path: Assets/POLYGON city pack/Meshes,textures/Buildings_FBX/Materials/Dirt.mat
  artifactKey: Guid(c2dfba99839747c44ad99dffdac09447) Importer(2089858483,192608db42251d675da83286b1cce702)
Start importing Assets/POLYGON city pack/Meshes,textures/Buildings_FBX/Materials/Dirt.mat using Guid(c2dfba99839747c44ad99dffdac09447) Importer(2089858483,192608db42251d675da83286b1cce702) (ScriptedImporter) -> (artifact id: '13316c474b72262d67f61a65c422a704') in 0.001313458 seconds
Number of updated asset objects reloaded before import = 0Number of asset objects unloaded after import = 1

========================================================================
Received Import Request.
  Time since last request: 0.000050 seconds.
  path: Assets/assets/city/fantasy/planksHalf.fbx
  artifactKey: Guid(cb3caad26e60843559ae3c8f2104a7a7) Importer(2089858483,192608db42251d675da83286b1cce702)
Start importing Assets/assets/city/fantasy/planksHalf.fbx using Guid(cb3caad26e60843559ae3c8f2104a7a7) Importer(2089858483,192608db42251d675da83286b1cce702) (ScriptedImporter) -> (artifact id: 'f58e17fb388d69096bb43abf3733134d') in 0.006146209 seconds
Number of updated asset objects reloaded before import = 0Number of asset objects unloaded after import = 11

========================================================================
Received Import Request.
  Time since last request: 0.000030 seconds.
  path: Assets/assets/city/suburban/path_long.fbx
  artifactKey: Guid(413b37abf98164b0286decd7a0e859e5) Importer(2089858483,192608db42251d675da83286b1cce702)
Start importing Assets/assets/city/suburban/path_long.fbx using Guid(413b37abf98164b0286decd7a0e859e5) Importer(2089858483,192608db42251d675da83286b1cce702) (ScriptedImporter) -> (artifact id: '15a1c4e54f399b880f568a6929a57678') in 0.006880459 seconds
Number of updated asset objects reloaded before import = 0Number of asset objects unloaded after import = 9

========================================================================
Received Import Request.
  Time since last request: 0.000023 seconds.
  path: Assets/POLYGON city pack/Meshes,textures/Buildings_FBX/Materials/Stone_02.mat
  artifactKey: Guid(71f545ed210932241a689b44b65aac35) Importer(2089858483,192608db42251d675da83286b1cce702)
Start importing Assets/POLYGON city pack/Meshes,textures/Buildings_FBX/Materials/Stone_02.mat using Guid(71f545ed210932241a689b44b65aac35) Importer(2089858483,192608db42251d675da83286b1cce702) (ScriptedImporter) -> (artifact id: '5b389380efe5621df6c408e7c21fe185') in 0.001482083 seconds
Number of updated asset objects reloaded before import = 0Number of asset objects unloaded after import = 1

========================================================================
Received Import Request.
  Time since last request: 0.000057 seconds.
  path: Assets/assets/city/roads/road_drivewaySingle.fbx
  artifactKey: Guid(5cd37ae48f715408ba513e30163ae9ce) Importer(2089858483,192608db42251d675da83286b1cce702)
Start importing Assets/assets/city/roads/road_drivewaySingle.fbx using Guid(5cd37ae48f715408ba513e30163ae9ce) Importer(2089858483,192608db42251d675da83286b1cce702) (ScriptedImporter) -> (artifact id: '40cfe4c2f83441c8078434839638d7ac') in 0.008419958 seconds
Number of updated asset objects reloaded before import = 0Number of asset objects unloaded after import = 11

========================================================================
Received Import Request.
  Time since last request: 0.000035 seconds.
  path: Assets/assets/city/roads/road_square.fbx
  artifactKey: Guid(ed356976ab83b41089899bfae656de55) Importer(2089858483,192608db42251d675da83286b1cce702)
Start importing Assets/assets/city/roads/road_square.fbx using Guid(ed356976ab83b41089899bfae656de55) Importer(2089858483,192608db42251d675da83286b1cce702) (ScriptedImporter) -> (artifact id: '907b9e28a4b8bf4f4d71da163f22c939') in 0.007448875 seconds
Number of updated asset objects reloaded before import = 0Number of asset objects unloaded after import = 10

========================================================================
Received Import Request.
  Time since last request: 0.000037 seconds.
  path: Assets/POLYGON city pack/Meshes,textures/Buildings_FBX/Materials/Grid_02.mat
  artifactKey: Guid(778957de9af04654cac8c1e2201952be) Importer(2089858483,192608db42251d675da83286b1cce702)
Start importing Assets/POLYGON city pack/Meshes,textures/Buildings_FBX/Materials/Grid_02.mat using Guid(778957de9af04654cac8c1e2201952be) Importer(2089858483,192608db42251d675da83286b1cce702) (ScriptedImporter) -> (artifact id: '535a7d071e18f5b654c8960e99bc32e9') in 0.001698041 seconds
Number of updated asset objects reloaded before import = 0Number of asset objects unloaded after import = 1

========================================================================
Received Import Request.
  Time since last request: 0.000059 seconds.
  path: Assets/assets/city/racing/pitsGarageCorner.fbx
  artifactKey: Guid(b5a53714662b24db59b919ecdd99fccd) Importer(2089858483,192608db42251d675da83286b1cce702)
Start importing Assets/assets/city/racing/pitsGarageCorner.fbx using Guid(b5a53714662b24db59b919ecdd99fccd) Importer(2089858483,192608db42251d675da83286b1cce702) (ScriptedImporter) -> (artifact id: '7f0a0eec19f2de57f77c7317c4e33aaf') in 0.009051334 seconds
Number of updated asset objects reloaded before import = 0Number of asset objects unloaded after import = 12

========================================================================
Received Import Request.
  Time since last request: 0.000033 seconds.
  path: Assets/assets/city/suburban/house_type11.fbx
  artifactKey: Guid(329d8e52f39964aea84be602c5dbc78b) Importer(2089858483,192608db42251d675da83286b1cce702)
Start importing Assets/assets/city/suburban/house_type11.fbx using Guid(329d8e52f39964aea84be602c5dbc78b) Importer(2089858483,192608db42251d675da83286b1cce702) (ScriptedImporter) -> (artifact id: '7d37036203c16d10e9ee0303d6677792') in 0.0091055 seconds
Number of updated asset objects reloaded before import = 0Number of asset objects unloaded after import = 12

========================================================================
Received Import Request.
  Time since last request: 0.000029 seconds.
  path: Assets/POLYGON city pack/Meshes,textures/Buildings_FBX/Materials/door  1.mat
  artifactKey: Guid(fe10dd8556885a949a8c84e6fa496980) Importer(2089858483,192608db42251d675da83286b1cce702)
Start importing Assets/POLYGON city pack/Meshes,textures/Buildings_FBX/Materials/door  1.mat using Guid(fe10dd8556885a949a8c84e6fa496980) Importer(2089858483,192608db42251d675da83286b1cce702) (ScriptedImporter) -> (artifact id: '60fcdf19da1cba29c550accf0411d8f9') in 0.001590042 seconds
Number of updated asset objects reloaded before import = 0Number of asset objects unloaded after import = 1

========================================================================
Received Import Request.
  Time since last request: 0.000073 seconds.
  path: Assets/POLYGON city pack/Meshes,textures/Buildings_FBX/Materials/Filter.mat
  artifactKey: Guid(0275251a6cd216b4d96e37f8d9996e8c) Importer(2089858483,192608db42251d675da83286b1cce702)
Start importing Assets/POLYGON city pack/Meshes,textures/Buildings_FBX/Materials/Filter.mat using Guid(0275251a6cd216b4d96e37f8d9996e8c) Importer(2089858483,192608db42251d675da83286b1cce702) (ScriptedImporter) -> (artifact id: '3d17b73be87e0c62b0a335889c0c6f42') in 0.001212334 seconds
Number of updated asset objects reloaded before import = 0Number of asset objects unloaded after import = 1

========================================================================
Received Import Request.
  Time since last request: 0.000198 seconds.
  path: Assets/POLYGON city pack/Meshes,textures/Buildings_FBX/Materials/railing.mat
  artifactKey: Guid(7e4b8a211d42c574395482d274da9cd4) Importer(2089858483,192608db42251d675da83286b1cce702)
Start importing Assets/POLYGON city pack/Meshes,textures/Buildings_FBX/Materials/railing.mat using Guid(7e4b8a211d42c574395482d274da9cd4) Importer(2089858483,192608db42251d675da83286b1cce702) (ScriptedImporter) -> (artifact id: '0f556d4c3fb694c03d701e8cd796ea9b') in 0.00122 seconds
Number of updated asset objects reloaded before import = 0Number of asset objects unloaded after import = 1

========================================================================
Received Import Request.
  Time since last request: 0.000060 seconds.
  path: Assets/POLYGON city pack/Meshes,textures/Buildings_FBX/Materials/roof.mat
  artifactKey: Guid(89ae238c6a4235a49b63779e62923640) Importer(2089858483,192608db42251d675da83286b1cce702)
Start importing Assets/POLYGON city pack/Meshes,textures/Buildings_FBX/Materials/roof.mat using Guid(89ae238c6a4235a49b63779e62923640) Importer(2089858483,192608db42251d675da83286b1cce702) (ScriptedImporter) -> (artifact id: 'bb053cbe546741b587b69ec66b6872fb') in 0.001228125 seconds
Number of updated asset objects reloaded before import = 0Number of asset objects unloaded after import = 1

========================================================================
Received Import Request.
  Time since last request: 0.000073 seconds.
  path: Assets/assets/city/roads/road_sideBarrier.fbx
  artifactKey: Guid(8ba20cb5891a54ecbbaa1813d6d3d04b) Importer(2089858483,192608db42251d675da83286b1cce702)
Start importing Assets/assets/city/roads/road_sideBarrier.fbx using Guid(8ba20cb5891a54ecbbaa1813d6d3d04b) Importer(2089858483,192608db42251d675da83286b1cce702) (ScriptedImporter) -> (artifact id: '63a1f6411f9daea6a04466a4c49ead7c') in 0.007681458 seconds
Number of updated asset objects reloaded before import = 0Number of asset objects unloaded after import = 8

========================================================================
Received Import Request.
  Time since last request: 0.000044 seconds.
  path: Assets/POLYGON city pack/Meshes,textures/Buildings_FBX/Materials/Roof_01.mat
  artifactKey: Guid(08605f27c83df654998896c4f649d3d8) Importer(2089858483,192608db42251d675da83286b1cce702)
Start importing Assets/POLYGON city pack/Meshes,textures/Buildings_FBX/Materials/Roof_01.mat using Guid(08605f27c83df654998896c4f649d3d8) Importer(2089858483,192608db42251d675da83286b1cce702) (ScriptedImporter) -> (artifact id: '3701f9fa35d8e552f424480bd503c52f') in 0.001732709 seconds
Number of updated asset objects reloaded before import = 0Number of asset objects unloaded after import = 1

========================================================================
Received Import Request.
  Time since last request: 0.000062 seconds.
  path: Assets/POLYGON city pack/Meshes,textures/Buildings_FBX/Materials/WhiteWood.mat
  artifactKey: Guid(5f273051f61813b4ab4a858d0cc95614) Importer(2089858483,192608db42251d675da83286b1cce702)
Start importing Assets/POLYGON city pack/Meshes,textures/Buildings_FBX/Materials/WhiteWood.mat using Guid(5f273051f61813b4ab4a858d0cc95614) Importer(2089858483,192608db42251d675da83286b1cce702) (ScriptedImporter) -> (artifact id: 'd439f3d85117cc9fdf819b9bf50bb64e') in 0.001630417 seconds
Number of updated asset objects reloaded before import = 0Number of asset objects unloaded after import = 1

========================================================================
Received Import Request.
  Time since last request: 0.000064 seconds.
  path: Assets/POLYGON city pack/Meshes,textures/Buildings_FBX/Materials/Facade1.mat
  artifactKey: Guid(829d9cf9a914aa348a239d27492d2b2d) Importer(2089858483,192608db42251d675da83286b1cce702)
Start importing Assets/POLYGON city pack/Meshes,textures/Buildings_FBX/Materials/Facade1.mat using Guid(829d9cf9a914aa348a239d27492d2b2d) Importer(2089858483,192608db42251d675da83286b1cce702) (ScriptedImporter) -> (artifact id: 'dd8e030bca340f240987c9ee633ed519') in 0.00144325 seconds
Number of updated asset objects reloaded before import = 0Number of asset objects unloaded after import = 1

========================================================================
Received Import Request.
  Time since last request: 0.000062 seconds.
  path: Assets/assets/city/roads/road_curveIntersectionBarrier.fbx
  artifactKey: Guid(01c0c17d39d85411b89a5b6fae4fd447) Importer(2089858483,192608db42251d675da83286b1cce702)
Start importing Assets/assets/city/roads/road_curveIntersectionBarrier.fbx using Guid(01c0c17d39d85411b89a5b6fae4fd447) Importer(2089858483,192608db42251d675da83286b1cce702) (ScriptedImporter) -> (artifact id: 'ba75b3ffb5db0db56bc15645bc955438') in 0.0066595 seconds
Number of updated asset objects reloaded before import = 0Number of asset objects unloaded after import = 8

========================================================================
Received Import Request.
  Time since last request: 0.000028 seconds.
  path: Assets/POLYGON city pack/Meshes,textures/Buildings_FBX/Materials/white.mat
  artifactKey: Guid(0ffdfe26f007c39478c7274248dcea0e) Importer(2089858483,192608db42251d675da83286b1cce702)
Start importing Assets/POLYGON city pack/Meshes,textures/Buildings_FBX/Materials/white.mat using Guid(0ffdfe26f007c39478c7274248dcea0e) Importer(2089858483,192608db42251d675da83286b1cce702) (ScriptedImporter) -> (artifact id: '8779d6f620ebfa08a2a3d4cfa97e1edd') in 0.001435125 seconds
Number of updated asset objects reloaded before import = 0Number of asset objects unloaded after import = 1

========================================================================
Received Import Request.
  Time since last request: 0.000062 seconds.
  path: Assets/assets/city/suburban/fence_short.fbx
  artifactKey: Guid(e731cef06d7714bdfa77503f83976457) Importer(2089858483,192608db42251d675da83286b1cce702)
Start importing Assets/assets/city/suburban/fence_short.fbx using Guid(e731cef06d7714bdfa77503f83976457) Importer(2089858483,192608db42251d675da83286b1cce702) (ScriptedImporter) -> (artifact id: 'f522f3eb7466aec968b051692b63210f') in 0.00679875 seconds
Number of updated asset objects reloaded before import = 0Number of asset objects unloaded after import = 8

========================================================================
Received Import Request.
  Time since last request: 0.000041 seconds.
  path: Assets/assets/city/suburban/house_type01.fbx
  artifactKey: Guid(805c453fc3ed947a78a3c5602b2f76e0) Importer(2089858483,192608db42251d675da83286b1cce702)
Start importing Assets/assets/city/suburban/house_type01.fbx using Guid(805c453fc3ed947a78a3c5602b2f76e0) Importer(2089858483,192608db42251d675da83286b1cce702) (ScriptedImporter) -> (artifact id: '4d03cd7b939c2e100a75d2fe56dd23dc') in 0.009461708 seconds
Number of updated asset objects reloaded before import = 0Number of asset objects unloaded after import = 12

========================================================================
Received Import Request.
  Time since last request: 0.000050 seconds.
  path: Assets/assets/city/racing/flagCheckers.fbx
  artifactKey: Guid(081c61e00d8de47a0bbbd83422768ba4) Importer(2089858483,192608db42251d675da83286b1cce702)
Start importing Assets/assets/city/racing/flagCheckers.fbx using Guid(081c61e00d8de47a0bbbd83422768ba4) Importer(2089858483,192608db42251d675da83286b1cce702) (ScriptedImporter) -> (artifact id: '9967424fd53d2594fce0c7d21079a0b5') in 0.0089785 seconds
Number of updated asset objects reloaded before import = 0Number of asset objects unloaded after import = 16

========================================================================
Received Import Request.
  Time since last request: 0.000032 seconds.
  path: Assets/POLYGON city pack/Meshes,textures/Buildings_FBX/Materials/Blue.mat
  artifactKey: Guid(e3ee103f69edbd64fb062ac94de5f32c) Importer(2089858483,192608db42251d675da83286b1cce702)
Start importing Assets/POLYGON city pack/Meshes,textures/Buildings_FBX/Materials/Blue.mat using Guid(e3ee103f69edbd64fb062ac94de5f32c) Importer(2089858483,192608db42251d675da83286b1cce702) (ScriptedImporter) -> (artifact id: '191fb3da2da0dec156b14b0a673f4a3d') in 0.00159875 seconds
Number of updated asset objects reloaded before import = 0Number of asset objects unloaded after import = 1

========================================================================
Received Import Request.
  Time since last request: 0.000051 seconds.
  path: Assets/POLYGON city pack/Meshes,textures/Shops_FBX/Materials/Door_frame.mat
  artifactKey: Guid(b038c6f91aacb7642a76a2f2a241388f) Importer(2089858483,192608db42251d675da83286b1cce702)
Start importing Assets/POLYGON city pack/Meshes,textures/Shops_FBX/Materials/Door_frame.mat using Guid(b038c6f91aacb7642a76a2f2a241388f) Importer(2089858483,192608db42251d675da83286b1cce702) (ScriptedImporter) -> (artifact id: 'db022dfd7819fd6fdd321a37f8f60073') in 0.002236875 seconds
Number of updated asset objects reloaded before import = 0Number of asset objects unloaded after import = 1

========================================================================
Received Import Request.
  Time since last request: 0.000051 seconds.
  path: Assets/assets/city/racing/overheadRoundColored.fbx
  artifactKey: Guid(39b277b5b45f04e4c9d700ddaeb7e9f4) Importer(2089858483,192608db42251d675da83286b1cce702)
Start importing Assets/assets/city/racing/overheadRoundColored.fbx using Guid(39b277b5b45f04e4c9d700ddaeb7e9f4) Importer(2089858483,192608db42251d675da83286b1cce702) (ScriptedImporter) -> (artifact id: '8804996cb2a3d2716d6aba2a0530bdc0') in 0.006964417 seconds
Number of updated asset objects reloaded before import = 0Number of asset objects unloaded after import = 9

========================================================================
Received Import Request.
  Time since last request: 0.000031 seconds.
  path: Assets/assets/city/suburban/fence_wide.fbx
  artifactKey: Guid(fe5b6c8f1eb2c46f89e4c0c34fef26ac) Importer(2089858483,192608db42251d675da83286b1cce702)
Start importing Assets/assets/city/suburban/fence_wide.fbx using Guid(fe5b6c8f1eb2c46f89e4c0c34fef26ac) Importer(2089858483,192608db42251d675da83286b1cce702) (ScriptedImporter) -> (artifact id: 'f4585d6f3210009f9cfacf433cfacf77') in 0.00765275 seconds
Number of updated asset objects reloaded before import = 0Number of asset objects unloaded after import = 8

========================================================================
Received Import Request.
  Time since last request: 0.000030 seconds.
  path: Assets/POLYGON city pack/Meshes,textures/Buildings_FBX/Materials/Ouside.mat
  artifactKey: Guid(52ee13d2187aa1746a4e16fb6274b8db) Importer(2089858483,192608db42251d675da83286b1cce702)
Start importing Assets/POLYGON city pack/Meshes,textures/Buildings_FBX/Materials/Ouside.mat using Guid(52ee13d2187aa1746a4e16fb6274b8db) Importer(2089858483,192608db42251d675da83286b1cce702) (ScriptedImporter) -> (artifact id: 'a53c778129abeeb1c5a093991534b95f') in 0.00166475 seconds
Number of updated asset objects reloaded before import = 0Number of asset objects unloaded after import = 1

========================================================================
Received Import Request.
  Time since last request: 0.000056 seconds.
  path: Assets/POLYGON city pack/Meshes,textures/Buildings_FBX/Materials/door 2.mat
  artifactKey: Guid(ca6e3d94c4ac2c146b6a34fa1599fa94) Importer(2089858483,192608db42251d675da83286b1cce702)
Start importing Assets/POLYGON city pack/Meshes,textures/Buildings_FBX/Materials/door 2.mat using Guid(ca6e3d94c4ac2c146b6a34fa1599fa94) Importer(2089858483,192608db42251d675da83286b1cce702) (ScriptedImporter) -> (artifact id: '1d8a775fbc9db3b8fdb7dd083a966200') in 0.001567417 seconds
Number of updated asset objects reloaded before import = 0Number of asset objects unloaded after import = 1

========================================================================
Received Import Request.
  Time since last request: 0.000052 seconds.
  path: Assets/POLYGON city pack/Meshes,textures/Buildings_FBX/Materials/Platt 1.mat
  artifactKey: Guid(f4150965db08c5f4e8c84db04176be17) Importer(2089858483,192608db42251d675da83286b1cce702)
Start importing Assets/POLYGON city pack/Meshes,textures/Buildings_FBX/Materials/Platt 1.mat using Guid(f4150965db08c5f4e8c84db04176be17) Importer(2089858483,192608db42251d675da83286b1cce702) (ScriptedImporter) -> (artifact id: '4edb3f154d8b3186d21bf0ebe55482ef') in 0.001519875 seconds
Number of updated asset objects reloaded before import = 0Number of asset objects unloaded after import = 1

========================================================================
Received Import Request.
  Time since last request: 0.000041 seconds.
  path: Assets/assets/city/suburban/house_type17.fbx
  artifactKey: Guid(4fd7194869ad94fc09a77a63720e1bf3) Importer(2089858483,192608db42251d675da83286b1cce702)
Start importing Assets/assets/city/suburban/house_type17.fbx using Guid(4fd7194869ad94fc09a77a63720e1bf3) Importer(2089858483,192608db42251d675da83286b1cce702) (ScriptedImporter) -> (artifact id: 'd989b79af6feb15f859f71ed52013917') in 0.00985775 seconds
Number of updated asset objects reloaded before import = 0Number of asset objects unloaded after import = 12

========================================================================
Received Import Request.
  Time since last request: 0.000032 seconds.
  path: Assets/POLYGON city pack/Meshes,textures/Buildings_FBX/Materials/Door_01.mat
  artifactKey: Guid(74ef0091517dbba4f9faefc45b1c1984) Importer(2089858483,192608db42251d675da83286b1cce702)
Start importing Assets/POLYGON city pack/Meshes,textures/Buildings_FBX/Materials/Door_01.mat using Guid(74ef0091517dbba4f9faefc45b1c1984) Importer(2089858483,192608db42251d675da83286b1cce702) (ScriptedImporter) -> (artifact id: '855ab04db69fa36a839e6fccb0d16dc2') in 0.001645709 seconds
Number of updated asset objects reloaded before import = 0Number of asset objects unloaded after import = 1

========================================================================
Received Import Request.
  Time since last request: 0.000053 seconds.
  path: Assets/assets/city/roads/road_curvePavement.fbx
  artifactKey: Guid(8ecf1f83ab8bc4376b324a94158c7ef7) Importer(2089858483,192608db42251d675da83286b1cce702)
Start importing Assets/assets/city/roads/road_curvePavement.fbx using Guid(8ecf1f83ab8bc4376b324a94158c7ef7) Importer(2089858483,192608db42251d675da83286b1cce702) (ScriptedImporter) -> (artifact id: '867b6b326f5cfc874c79d9cce39b0fad') in 0.008436708 seconds
Number of updated asset objects reloaded before import = 0Number of asset objects unloaded after import = 11

========================================================================
Received Import Request.
  Time since last request: 0.000025 seconds.
  path: Assets/assets/city/racing/camera_exclusive.fbx
  artifactKey: Guid(16767f0b4043e434baf1691417d13034) Importer(2089858483,192608db42251d675da83286b1cce702)
Start importing Assets/assets/city/racing/camera_exclusive.fbx using Guid(16767f0b4043e434baf1691417d13034) Importer(2089858483,192608db42251d675da83286b1cce702) (ScriptedImporter) -> (artifact id: 'ef35403f8564bbb47be2fe33c48a318c') in 0.008161708 seconds
Number of updated asset objects reloaded before import = 0Number of asset objects unloaded after import = 10

========================================================================
Received Import Request.
  Time since last request: 0.000032 seconds.
  path: Assets/assets/city/suburban/fence_medium.fbx
  artifactKey: Guid(42fbb57348f474fb4bfd84e2714a3d21) Importer(2089858483,192608db42251d675da83286b1cce702)
Start importing Assets/assets/city/suburban/fence_medium.fbx using Guid(42fbb57348f474fb4bfd84e2714a3d21) Importer(2089858483,192608db42251d675da83286b1cce702) (ScriptedImporter) -> (artifact id: 'abd54cdcb50b97686ea2d0dbc5138b6d') in 0.006309583 seconds
Number of updated asset objects reloaded before import = 0Number of asset objects unloaded after import = 8

========================================================================
Received Import Request.
  Time since last request: 0.000040 seconds.
  path: Assets/assets/city/roads/road_intersectionBarrier.fbx
  artifactKey: Guid(f9320f7deeb79456c9a3e96201b2b95b) Importer(2089858483,192608db42251d675da83286b1cce702)
Start importing Assets/assets/city/roads/road_intersectionBarrier.fbx using Guid(f9320f7deeb79456c9a3e96201b2b95b) Importer(2089858483,192608db42251d675da83286b1cce702) (ScriptedImporter) -> (artifact id: '08d13b2b88faff876bf1e1a288d6f4dd') in 0.007173709 seconds
Number of updated asset objects reloaded before import = 0Number of asset objects unloaded after import = 8

========================================================================
Received Import Request.
  Time since last request: 0.000026 seconds.
  path: Assets/assets/city/racing/railDouble.fbx
  artifactKey: Guid(1af95a7b42ed04a2cb34f9c8b04f58b6) Importer(2089858483,192608db42251d675da83286b1cce702)
Start importing Assets/assets/city/racing/railDouble.fbx using Guid(1af95a7b42ed04a2cb34f9c8b04f58b6) Importer(2089858483,192608db42251d675da83286b1cce702) (ScriptedImporter) -> (artifact id: 'bec8a77c1c2c5d0e3733c939f56f2b21') in 0.006802708 seconds
Number of updated asset objects reloaded before import = 0Number of asset objects unloaded after import = 8

========================================================================
Received Import Request.
  Time since last request: 0.000030 seconds.
  path: Assets/assets/city/suburban/tree_large.fbx
  artifactKey: Guid(4f1bcb6f95443463ea69f3f7b9126db4) Importer(2089858483,192608db42251d675da83286b1cce702)
Start importing Assets/assets/city/suburban/tree_large.fbx using Guid(4f1bcb6f95443463ea69f3f7b9126db4) Importer(2089858483,192608db42251d675da83286b1cce702) (ScriptedImporter) -> (artifact id: '55718843054029a100d7e23cf1b5d8fb') in 0.006578458 seconds
Number of updated asset objects reloaded before import = 0Number of asset objects unloaded after import = 9

========================================================================
Received Import Request.
  Time since last request: 0.000048 seconds.
  path: Assets/assets/city/roads/light_squareDouble.fbx
  artifactKey: Guid(f070f93fb798b4ee797e45494a68d3e7) Importer(2089858483,192608db42251d675da83286b1cce702)
Start importing Assets/assets/city/roads/light_squareDouble.fbx using Guid(f070f93fb798b4ee797e45494a68d3e7) Importer(2089858483,192608db42251d675da83286b1cce702) (ScriptedImporter) -> (artifact id: '8e2d62d262fabc299f865acbebab8c59') in 0.007582625 seconds
Number of updated asset objects reloaded before import = 0Number of asset objects unloaded after import = 9

========================================================================
Received Import Request.
  Time since last request: 0.000038 seconds.
  path: Assets/assets/city/roads/road_crossroadBarrier.fbx
  artifactKey: Guid(793e198da435c42f89a54a4e380afae1) Importer(2089858483,192608db42251d675da83286b1cce702)
Start importing Assets/assets/city/roads/road_crossroadBarrier.fbx using Guid(793e198da435c42f89a54a4e380afae1) Importer(2089858483,192608db42251d675da83286b1cce702) (ScriptedImporter) -> (artifact id: 'b8bec9ab477439cc4f27e02260a9762e') in 0.007634209 seconds
Number of updated asset objects reloaded before import = 0Number of asset objects unloaded after import = 8

========================================================================
Received Import Request.
  Time since last request: 0.000047 seconds.
  path: Assets/POLYGON city pack/Meshes,textures/Buildings_FBX/Materials/Floor_01.mat
  artifactKey: Guid(c98df0547c58aa749a2db6d753e69ba0) Importer(2089858483,192608db42251d675da83286b1cce702)
Start importing Assets/POLYGON city pack/Meshes,textures/Buildings_FBX/Materials/Floor_01.mat using Guid(c98df0547c58aa749a2db6d753e69ba0) Importer(2089858483,192608db42251d675da83286b1cce702) (ScriptedImporter) -> (artifact id: 'ac2e4b487648fbf9b0c2780ba30af5e3') in 0.001527167 seconds
Number of updated asset objects reloaded before import = 0Number of asset objects unloaded after import = 1

========================================================================
Received Import Request.
  Time since last request: 0.000052 seconds.
  path: Assets/POLYGON city pack/Meshes,textures/Buildings_FBX/Materials/Roof_02.mat
  artifactKey: Guid(6fda799ef25e85f4c9db6c12d671ca20) Importer(2089858483,192608db42251d675da83286b1cce702)
Start importing Assets/POLYGON city pack/Meshes,textures/Buildings_FBX/Materials/Roof_02.mat using Guid(6fda799ef25e85f4c9db6c12d671ca20) Importer(2089858483,192608db42251d675da83286b1cce702) (ScriptedImporter) -> (artifact id: 'fb1753c16d1d04c33a40f951a80afe8f') in 0.001361541 seconds
Number of updated asset objects reloaded before import = 0Number of asset objects unloaded after import = 1

========================================================================
Received Import Request.
  Time since last request: 0.000069 seconds.
  path: Assets/assets/city/roads/road_bend.fbx
  artifactKey: Guid(8338f5b2aacce4eec918b57566b8c206) Importer(2089858483,192608db42251d675da83286b1cce702)
Start importing Assets/assets/city/roads/road_bend.fbx using Guid(8338f5b2aacce4eec918b57566b8c206) Importer(2089858483,192608db42251d675da83286b1cce702) (ScriptedImporter) -> (artifact id: 'e458d679e8e6117320c1dbf25473f352') in 0.008381541 seconds
Number of updated asset objects reloaded before import = 0Number of asset objects unloaded after import = 11

========================================================================
Received Import Request.
  Time since last request: 0.000032 seconds.
  path: Assets/assets/city/suburban/driveway_short.fbx
  artifactKey: Guid(6db1b593ce26c4e1a83370048180c3f9) Importer(2089858483,192608db42251d675da83286b1cce702)
Start importing Assets/assets/city/suburban/driveway_short.fbx using Guid(6db1b593ce26c4e1a83370048180c3f9) Importer(2089858483,192608db42251d675da83286b1cce702) (ScriptedImporter) -> (artifact id: '18988dcaced37531a961cfc8909039a3') in 0.007147292 seconds
Number of updated asset objects reloaded before import = 0Number of asset objects unloaded after import = 9

========================================================================
Received Import Request.
  Time since last request: 0.000040 seconds.
  path: Assets/assets/city/roads/road_slant.fbx
  artifactKey: Guid(4f753ba63bfc84a5892590c68db9427b) Importer(2089858483,192608db42251d675da83286b1cce702)
Start importing Assets/assets/city/roads/road_slant.fbx using Guid(4f753ba63bfc84a5892590c68db9427b) Importer(2089858483,192608db42251d675da83286b1cce702) (ScriptedImporter) -> (artifact id: '7a167cd6af2d11861a55b42342aa4229') in 0.008505667 seconds
Number of updated asset objects reloaded before import = 0Number of asset objects unloaded after import = 11

========================================================================
Received Import Request.
  Time since last request: 0.000026 seconds.
  path: Assets/assets/city/racing/flagCheckersSmall.fbx
  artifactKey: Guid(a1721d54decdb48638ac4f06b4b80c38) Importer(2089858483,192608db42251d675da83286b1cce702)
Start importing Assets/assets/city/racing/flagCheckersSmall.fbx using Guid(a1721d54decdb48638ac4f06b4b80c38) Importer(2089858483,192608db42251d675da83286b1cce702) (ScriptedImporter) -> (artifact id: '9cd06aaefbcf35d6fa8725d6d84a9a85') in 0.008448209 seconds
Number of updated asset objects reloaded before import = 0Number of asset objects unloaded after import = 11

========================================================================
Received Import Request.
  Time since last request: 0.000039 seconds.
  path: Assets/assets/city/racing/overheadRound.fbx
  artifactKey: Guid(00979b21457aa49ebab432bc2a6edfda) Importer(2089858483,192608db42251d675da83286b1cce702)
Start importing Assets/assets/city/racing/overheadRound.fbx using Guid(00979b21457aa49ebab432bc2a6edfda) Importer(2089858483,192608db42251d675da83286b1cce702) (ScriptedImporter) -> (artifact id: 'b81ffa830fd5b8cf78b58f8d748848fb') in 0.00693125 seconds
Number of updated asset objects reloaded before import = 0Number of asset objects unloaded after import = 9

========================================================================
Received Import Request.
  Time since last request: 0.000083 seconds.
  path: Assets/assets/city/racing/roadCornerLarger.fbx
  artifactKey: Guid(817ca47c938324b149e6c4a20cd7ed87) Importer(2089858483,192608db42251d675da83286b1cce702)
Start importing Assets/assets/city/racing/roadCornerLarger.fbx using Guid(817ca47c938324b149e6c4a20cd7ed87) Importer(2089858483,192608db42251d675da83286b1cce702) (ScriptedImporter) -> (artifact id: '26f796787e0c1fdc2fccf66b7a50c725') in 0.007955416 seconds
Number of updated asset objects reloaded before import = 0Number of asset objects unloaded after import = 10

========================================================================
Received Import Request.
  Time since last request: 0.000036 seconds.
  path: Assets/assets/city/racing/bannerTowerRed.fbx
  artifactKey: Guid(fca21b353c4dd4ccf808f24f6df8df87) Importer(2089858483,192608db42251d675da83286b1cce702)
Start importing Assets/assets/city/racing/bannerTowerRed.fbx using Guid(fca21b353c4dd4ccf808f24f6df8df87) Importer(2089858483,192608db42251d675da83286b1cce702) (ScriptedImporter) -> (artifact id: 'c6f52f14e71d721781a733c3bbff0af3') in 0.00788125 seconds
Number of updated asset objects reloaded before import = 0Number of asset objects unloaded after import = 10

========================================================================
Received Import Request.
  Time since last request: 0.000033 seconds.
  path: Assets/POLYGON city pack/Meshes,textures/Shops_FBX/Materials/Floor.mat
  artifactKey: Guid(c05e0bff53af79142814084621e03619) Importer(2089858483,192608db42251d675da83286b1cce702)
Start importing Assets/POLYGON city pack/Meshes,textures/Shops_FBX/Materials/Floor.mat using Guid(c05e0bff53af79142814084621e03619) Importer(2089858483,192608db42251d675da83286b1cce702) (ScriptedImporter) -> (artifact id: 'eacdef351fec01fc6eeb1fe9628ef11d') in 0.001696125 seconds
Number of updated asset objects reloaded before import = 0Number of asset objects unloaded after import = 1

========================================================================
Received Import Request.
  Time since last request: 0.000087 seconds.
  path: Assets/assets/city/racing/lightRedDouble.fbx
  artifactKey: Guid(4e36b827c19164d3aa10edc37c144c65) Importer(2089858483,192608db42251d675da83286b1cce702)
Start importing Assets/assets/city/racing/lightRedDouble.fbx using Guid(4e36b827c19164d3aa10edc37c144c65) Importer(2089858483,192608db42251d675da83286b1cce702) (ScriptedImporter) -> (artifact id: '01ef6b0cef86ce1379ee240d36bbe1e2') in 0.010593708 seconds
Number of updated asset objects reloaded before import = 0Number of asset objects unloaded after import = 12

========================================================================
Received Import Request.
  Time since last request: 0.000033 seconds.
  path: Assets/POLYGON city pack/Meshes,textures/Buildings_FBX/Materials/house 2.mat
  artifactKey: Guid(3cff9137f1a87124f9a04830bc19dd06) Importer(2089858483,192608db42251d675da83286b1cce702)
Start importing Assets/POLYGON city pack/Meshes,textures/Buildings_FBX/Materials/house 2.mat using Guid(3cff9137f1a87124f9a04830bc19dd06) Importer(2089858483,192608db42251d675da83286b1cce702) (ScriptedImporter) -> (artifact id: 'cb954239b60599192950c3e361c6aa7d') in 0.001747333 seconds
Number of updated asset objects reloaded before import = 0Number of asset objects unloaded after import = 1

========================================================================
Received Import Request.
  Time since last request: 0.000064 seconds.
  path: Assets/POLYGON city pack/Meshes,textures/Buildings_FBX/Materials/window frames.mat
  artifactKey: Guid(1fbb09465271527499c15fd77d45baf9) Importer(2089858483,192608db42251d675da83286b1cce702)
Start importing Assets/POLYGON city pack/Meshes,textures/Buildings_FBX/Materials/window frames.mat using Guid(1fbb09465271527499c15fd77d45baf9) Importer(2089858483,192608db42251d675da83286b1cce702) (ScriptedImporter) -> (artifact id: '9cc46dea7251ca90fdfb6eb49525ff94') in 0.00145025 seconds
Number of updated asset objects reloaded before import = 0Number of asset objects unloaded after import = 1

========================================================================
Received Import Request.
  Time since last request: 0.000091 seconds.
  path: Assets/POLYGON city pack/Meshes,textures/Buildings_FBX/Materials/Lines.mat
  artifactKey: Guid(09ba2d6708b5e1a4fb0050faf64d43a2) Importer(2089858483,192608db42251d675da83286b1cce702)
Start importing Assets/POLYGON city pack/Meshes,textures/Buildings_FBX/Materials/Lines.mat using Guid(09ba2d6708b5e1a4fb0050faf64d43a2) Importer(2089858483,192608db42251d675da83286b1cce702) (ScriptedImporter) -> (artifact id: 'b49847aa60954dad9f26ccb5b20c03d5') in 0.001506625 seconds
Number of updated asset objects reloaded before import = 0Number of asset objects unloaded after import = 1

========================================================================
Received Import Request.
  Time since last request: 0.000063 seconds.
  path: Assets/assets/city/roads/road_slantCurve.fbx
  artifactKey: Guid(6cabc9061671449be90117dce6e3e445) Importer(2089858483,192608db42251d675da83286b1cce702)
Start importing Assets/assets/city/roads/road_slantCurve.fbx using Guid(6cabc9061671449be90117dce6e3e445) Importer(2089858483,192608db42251d675da83286b1cce702) (ScriptedImporter) -> (artifact id: 'cb0edb9032e85e5aab239fc8b20f4d68') in 0.008447458 seconds
Number of updated asset objects reloaded before import = 0Number of asset objects unloaded after import = 11

========================================================================
Received Import Request.
  Time since last request: 0.000034 seconds.
  path: Assets/assets/city/racing/roadCornerBridgeLarge.fbx
  artifactKey: Guid(8d4f812a92ee94a47901b05ff6a21ed9) Importer(2089858483,192608db42251d675da83286b1cce702)
Start importing Assets/assets/city/racing/roadCornerBridgeLarge.fbx using Guid(8d4f812a92ee94a47901b05ff6a21ed9) Importer(2089858483,192608db42251d675da83286b1cce702) (ScriptedImporter) -> (artifact id: '80719ac7d88763640e97eb4864f91df4') in 0.008062125 seconds
Number of updated asset objects reloaded before import = 0Number of asset objects unloaded after import = 10

========================================================================
Received Import Request.
  Time since last request: 0.000033 seconds.
  path: Assets/assets/city/fantasy/rockWide.fbx
  artifactKey: Guid(6106c6802e2fd4e349f71768552eccf4) Importer(2089858483,192608db42251d675da83286b1cce702)
Start importing Assets/assets/city/fantasy/rockWide.fbx using Guid(6106c6802e2fd4e349f71768552eccf4) Importer(2089858483,192608db42251d675da83286b1cce702) (ScriptedImporter) -> (artifact id: 'c96dfc811e0dfee98cdb98fd41b0505a') in 0.006669167 seconds
Number of updated asset objects reloaded before import = 0Number of asset objects unloaded after import = 8

========================================================================
Received Import Request.
  Time since last request: 0.000038 seconds.
  path: Assets/assets/city/fantasy/polesHorizontal.fbx
  artifactKey: Guid(b8342d88b86b54e9a8fcacd0c70ec8f4) Importer(2089858483,192608db42251d675da83286b1cce702)
Start importing Assets/assets/city/fantasy/polesHorizontal.fbx using Guid(b8342d88b86b54e9a8fcacd0c70ec8f4) Importer(2089858483,192608db42251d675da83286b1cce702) (ScriptedImporter) -> (artifact id: '6c14a3a51c66e3d56d0760bfffb406de') in 0.005877458 seconds
Number of updated asset objects reloaded before import = 0Number of asset objects unloaded after import = 8

========================================================================
Received Import Request.
  Time since last request: 0.144841 seconds.
  path: Assets/POLYGON city pack/Meshes,textures/Shops_FBX/Materials/Grid_texture.mat
  artifactKey: Guid(928b61234d75021409b88eb67c742fc9) Importer(2089858483,192608db42251d675da83286b1cce702)
Start importing Assets/POLYGON city pack/Meshes,textures/Shops_FBX/Materials/Grid_texture.mat using Guid(928b61234d75021409b88eb67c742fc9) Importer(2089858483,192608db42251d675da83286b1cce702) (ScriptedImporter) -> (artifact id: '212b7ee9036c1e222c6875ef77024287') in 0.002890833 seconds
Number of updated asset objects reloaded before import = 0Number of asset objects unloaded after import = 1

========================================================================
Received Import Request.
  Time since last request: 0.000112 seconds.
  path: Assets/POLYGON city pack/Meshes,textures/props_FBX/Materials/Material.003.mat
  artifactKey: Guid(81e1d7ebe67ba0c44b3e60932668a05f) Importer(2089858483,192608db42251d675da83286b1cce702)
Start importing Assets/POLYGON city pack/Meshes,textures/props_FBX/Materials/Material.003.mat using Guid(81e1d7ebe67ba0c44b3e60932668a05f) Importer(2089858483,192608db42251d675da83286b1cce702) (ScriptedImporter) -> (artifact id: 'cfb1e46d80ed82e7c81a640ea246740f') in 0.00361575 seconds
Number of updated asset objects reloaded before import = 0Number of asset objects unloaded after import = 1

========================================================================
Received Import Request.
  Time since last request: 0.000075 seconds.
  path: Assets/POLYGON city pack/Meshes,textures/props_FBX/Materials/stone 1.001.mat
  artifactKey: Guid(2ecf354ed0946714f893a92099170305) Importer(2089858483,192608db42251d675da83286b1cce702)
Start importing Assets/POLYGON city pack/Meshes,textures/props_FBX/Materials/stone 1.001.mat using Guid(2ecf354ed0946714f893a92099170305) Importer(2089858483,192608db42251d675da83286b1cce702) (ScriptedImporter) -> (artifact id: 'f80779bbcd59141bba642dcb4b4cf656') in 0.002310125 seconds
Number of updated asset objects reloaded before import = 0Number of asset objects unloaded after import = 1

========================================================================
Received Import Request.
  Time since last request: 0.000084 seconds.
  path: Assets/POLYGON city pack/Meshes,textures/lamps fbx/Materials/Material.015.mat
  artifactKey: Guid(d0201c7896e067445adb45c0333a6702) Importer(2089858483,192608db42251d675da83286b1cce702)
Start importing Assets/POLYGON city pack/Meshes,textures/lamps fbx/Materials/Material.015.mat using Guid(d0201c7896e067445adb45c0333a6702) Importer(2089858483,192608db42251d675da83286b1cce702) (ScriptedImporter) -> (artifact id: '58c2b4b44891d58b2336e7e61d9b36f5') in 0.002320834 seconds
Number of updated asset objects reloaded before import = 0Number of asset objects unloaded after import = 1

========================================================================
Received Import Request.
  Time since last request: 0.000075 seconds.
  path: Assets/POLYGON city pack/Meshes,textures/props_FBX/Materials/light 1 b.002.mat
  artifactKey: Guid(fcc327e5aeec4824face700fbf709864) Importer(2089858483,192608db42251d675da83286b1cce702)
Start importing Assets/POLYGON city pack/Meshes,textures/props_FBX/Materials/light 1 b.002.mat using Guid(fcc327e5aeec4824face700fbf709864) Importer(2089858483,192608db42251d675da83286b1cce702) (ScriptedImporter) -> (artifact id: '283cb83d93a083435e5a9071662e6d03') in 0.00205525 seconds
Number of updated asset objects reloaded before import = 0Number of asset objects unloaded after import = 1

========================================================================
Received Import Request.
  Time since last request: 0.000067 seconds.
  path: Assets/POLYGON city pack/Meshes,textures/props_FBX/Materials/light 1 a.002.mat
  artifactKey: Guid(00ce394a25dd83145ba807b6cb9600ad) Importer(2089858483,192608db42251d675da83286b1cce702)
Start importing Assets/POLYGON city pack/Meshes,textures/props_FBX/Materials/light 1 a.002.mat using Guid(00ce394a25dd83145ba807b6cb9600ad) Importer(2089858483,192608db42251d675da83286b1cce702) (ScriptedImporter) -> (artifact id: 'da6e6447ea6bc2c12cc80315384f9bbb') in 0.001926042 seconds
Number of updated asset objects reloaded before import = 0Number of asset objects unloaded after import = 1

========================================================================
Received Import Request.
  Time since last request: 0.000072 seconds.
  path: Assets/POLYGON city pack/Meshes,textures/Shops_FBX/Materials/Info_sign_02.mat
  artifactKey: Guid(e331b1f033562c044b1c30e0d83b5977) Importer(2089858483,192608db42251d675da83286b1cce702)
Start importing Assets/POLYGON city pack/Meshes,textures/Shops_FBX/Materials/Info_sign_02.mat using Guid(e331b1f033562c044b1c30e0d83b5977) Importer(2089858483,192608db42251d675da83286b1cce702) (ScriptedImporter) -> (artifact id: '170caf993234a2313cd660bb8bb0f94f') in 0.001970959 seconds
Number of updated asset objects reloaded before import = 0Number of asset objects unloaded after import = 1

========================================================================
Received Import Request.
  Time since last request: 0.000066 seconds.
  path: Assets/POLYGON city pack/Meshes,textures/props_FBX/Materials/dirt.mat
  artifactKey: Guid(0c50fe24e93dc9847b96913991ec9543) Importer(2089858483,192608db42251d675da83286b1cce702)
Start importing Assets/POLYGON city pack/Meshes,textures/props_FBX/Materials/dirt.mat using Guid(0c50fe24e93dc9847b96913991ec9543) Importer(2089858483,192608db42251d675da83286b1cce702) (ScriptedImporter) -> (artifact id: '97f9819eed8670c3797a2966353b0429') in 0.002381292 seconds
Number of updated asset objects reloaded before import = 0Number of asset objects unloaded after import = 1

========================================================================
Received Import Request.
  Time since last request: 0.000090 seconds.
  path: Assets/POLYGON city pack/Meshes,textures/ways_FBX/Materials/Street.008.mat
  artifactKey: Guid(58eb9a48986124d4cb11c696feb43f44) Importer(2089858483,192608db42251d675da83286b1cce702)
Start importing Assets/POLYGON city pack/Meshes,textures/ways_FBX/Materials/Street.008.mat using Guid(58eb9a48986124d4cb11c696feb43f44) Importer(2089858483,192608db42251d675da83286b1cce702) (ScriptedImporter) -> (artifact id: 'f2cb85e63def5b729fd00a4e11a5b308') in 0.002024791 seconds
Number of updated asset objects reloaded before import = 0Number of asset objects unloaded after import = 1

========================================================================
Received Import Request.
  Time since last request: 0.000303 seconds.
  path: Assets/POLYGON city pack/Meshes,textures/props_FBX/Materials/stone 1.002.mat
  artifactKey: Guid(524f02e6b6851d7489fc69c281f1fd04) Importer(2089858483,192608db42251d675da83286b1cce702)
Start importing Assets/POLYGON city pack/Meshes,textures/props_FBX/Materials/stone 1.002.mat using Guid(524f02e6b6851d7489fc69c281f1fd04) Importer(2089858483,192608db42251d675da83286b1cce702) (ScriptedImporter) -> (artifact id: 'a0d7c1db75fffa3572684649e34d68be') in 0.002141583 seconds
Number of updated asset objects reloaded before import = 0Number of asset objects unloaded after import = 1

========================================================================
Received Import Request.
  Time since last request: 0.000150 seconds.
  path: Assets/POLYGON city pack/Meshes,textures/ways_FBX/Materials/SideWalk.009.mat
  artifactKey: Guid(72b537efdeef38e46b6fbe56b36e3676) Importer(2089858483,192608db42251d675da83286b1cce702)
Start importing Assets/POLYGON city pack/Meshes,textures/ways_FBX/Materials/SideWalk.009.mat using Guid(72b537efdeef38e46b6fbe56b36e3676) Importer(2089858483,192608db42251d675da83286b1cce702) (ScriptedImporter) -> (artifact id: '7c5aeaceed606407afa90cc400485f35') in 0.002408833 seconds
Number of updated asset objects reloaded before import = 0Number of asset objects unloaded after import = 1

========================================================================
Received Import Request.
  Time since last request: 0.000066 seconds.
  path: Assets/SimplePoly City - Low Poly Assets/Prefab/Vehicles/Vehicle with Separated Wheels/Vehicle_Container_color01_separate.prefab
  artifactKey: Guid(b836817eff26a034bbd13884590ce648) Importer(2089858483,192608db42251d675da83286b1cce702)
Start importing Assets/SimplePoly City - Low Poly Assets/Prefab/Vehicles/Vehicle with Separated Wheels/Vehicle_Container_color01_separate.prefab using Guid(b836817eff26a034bbd13884590ce648) Importer(2089858483,192608db42251d675da83286b1cce702) (ScriptedImporter) -> (artifact id: '71d3fcf942b8eba64c25253813b8ac28') in 0.003143542 seconds
Number of updated asset objects reloaded before import = 0Number of asset objects unloaded after import = 39

========================================================================
Received Import Request.
  Time since last request: 0.000033 seconds.
  path: Assets/POLYGON city pack/Meshes,textures/props_FBX/Materials/phone booth texture.mat
  artifactKey: Guid(040aa5d7b63b1d34f8d64b6e9242c482) Importer(2089858483,192608db42251d675da83286b1cce702)
Start importing Assets/POLYGON city pack/Meshes,textures/props_FBX/Materials/phone booth texture.mat using Guid(040aa5d7b63b1d34f8d64b6e9242c482) Importer(2089858483,192608db42251d675da83286b1cce702) (ScriptedImporter) -> (artifact id: '8e42e274bf69c89929d17d271315792f') in 0.002483375 seconds
Number of updated asset objects reloaded before import = 0Number of asset objects unloaded after import = 2

========================================================================
Received Import Request.
  Time since last request: 0.000032 seconds.
  path: Assets/POLYGON city pack/Meshes,textures/props_FBX/Materials/Grass.mat
  artifactKey: Guid(cf541363ff7987b49909c09eeb42ffff) Importer(2089858483,192608db42251d675da83286b1cce702)
Start importing Assets/POLYGON city pack/Meshes,textures/props_FBX/Materials/Grass.mat using Guid(cf541363ff7987b49909c09eeb42ffff) Importer(2089858483,192608db42251d675da83286b1cce702) (ScriptedImporter) -> (artifact id: '769eb82e906609b486bccdafa057bfe7') in 0.001549916 seconds
Number of updated asset objects reloaded before import = 0Number of asset objects unloaded after import = 1

========================================================================
Received Import Request.
  Time since last request: 0.000060 seconds.
  path: Assets/POLYGON city pack/Meshes,textures/props_FBX/Materials/grid.mat
  artifactKey: Guid(11d838f3683235243b5e3277e4c6dec6) Importer(2089858483,192608db42251d675da83286b1cce702)
Start importing Assets/POLYGON city pack/Meshes,textures/props_FBX/Materials/grid.mat using Guid(11d838f3683235243b5e3277e4c6dec6) Importer(2089858483,192608db42251d675da83286b1cce702) (ScriptedImporter) -> (artifact id: 'bcc4f2a36ed1c6c79b922f767475e356') in 0.001463833 seconds
Number of updated asset objects reloaded before import = 0Number of asset objects unloaded after import = 1

========================================================================
Received Import Request.
  Time since last request: 0.000055 seconds.
  path: Assets/SimplePoly City - Low Poly Assets/Prefab/Vehicles/Vehicle with Separated Wheels/Vehicle_Bus_color03_separate.prefab
  artifactKey: Guid(e1697ef5073defa458e40968ffff2b30) Importer(2089858483,192608db42251d675da83286b1cce702)
Start importing Assets/SimplePoly City - Low Poly Assets/Prefab/Vehicles/Vehicle with Separated Wheels/Vehicle_Bus_color03_separate.prefab using Guid(e1697ef5073defa458e40968ffff2b30) Importer(2089858483,192608db42251d675da83286b1cce702) (ScriptedImporter) -> (artifact id: '84f6be8b6ba45f8bb47a060c9dcb1732') in 0.001973334 seconds
Number of updated asset objects reloaded before import = 0Number of asset objects unloaded after import = 29

========================================================================
Received Import Request.
  Time since last request: 0.000025 seconds.
  path: Assets/SimplePoly City - Low Poly Assets/Prefab/Vehicles/Vehicle with Separated Wheels/Vehicle_Truck_color01_separate.prefab
  artifactKey: Guid(636cb627739652c418fcc4f683a138b1) Importer(2089858483,192608db42251d675da83286b1cce702)
Start importing Assets/SimplePoly City - Low Poly Assets/Prefab/Vehicles/Vehicle with Separated Wheels/Vehicle_Truck_color01_separate.prefab using Guid(636cb627739652c418fcc4f683a138b1) Importer(2089858483,192608db42251d675da83286b1cce702) (ScriptedImporter) -> (artifact id: '2823d1c149337895f671cb823b33de9d') in 0.002227042 seconds
Number of updated asset objects reloaded before import = 0Number of asset objects unloaded after import = 39

========================================================================
Received Import Request.
  Time since last request: 0.000038 seconds.
  path: Assets/POLYGON city pack/Meshes,textures/props_FBX/Materials/stone 1.004.mat
  artifactKey: Guid(eafbfbabc16e79c47a5bb52432fbeefb) Importer(2089858483,192608db42251d675da83286b1cce702)
Start importing Assets/POLYGON city pack/Meshes,textures/props_FBX/Materials/stone 1.004.mat using Guid(eafbfbabc16e79c47a5bb52432fbeefb) Importer(2089858483,192608db42251d675da83286b1cce702) (ScriptedImporter) -> (artifact id: 'e67b375371b784c614dc6980f80ef2f7') in 0.001886292 seconds
Number of updated asset objects reloaded before import = 0Number of asset objects unloaded after import = 1

========================================================================
Received Import Request.
  Time since last request: 0.000064 seconds.
  path: Assets/POLYGON city pack/Meshes,textures/Shops_FBX/Materials/green.mat
  artifactKey: Guid(8b297f7e4b86abd4284d00ab8b355ecf) Importer(2089858483,192608db42251d675da83286b1cce702)
Start importing Assets/POLYGON city pack/Meshes,textures/Shops_FBX/Materials/green.mat using Guid(8b297f7e4b86abd4284d00ab8b355ecf) Importer(2089858483,192608db42251d675da83286b1cce702) (ScriptedImporter) -> (artifact id: '0017f03e70f52c232051e2596f4dbeb1') in 0.001636958 seconds
Number of updated asset objects reloaded before import = 0Number of asset objects unloaded after import = 1

========================================================================
Received Import Request.
  Time since last request: 0.000070 seconds.
  path: Assets/POLYGON city pack/Meshes,textures/props_FBX/Materials/bench 2 texture.mat
  artifactKey: Guid(16b51c3b85c41bd4c9abe08cf48bca5a) Importer(2089858483,192608db42251d675da83286b1cce702)
Start importing Assets/POLYGON city pack/Meshes,textures/props_FBX/Materials/bench 2 texture.mat using Guid(16b51c3b85c41bd4c9abe08cf48bca5a) Importer(2089858483,192608db42251d675da83286b1cce702) (ScriptedImporter) -> (artifact id: '6e3fd14592d5fa35fbea318518b0b197') in 0.002737167 seconds
Number of updated asset objects reloaded before import = 0Number of asset objects unloaded after import = 2

========================================================================
Received Import Request.
  Time since last request: 0.000041 seconds.
  path: Assets/POLYGON city pack/Meshes,textures/traffic signs FBX/Materials/traffic sign 6.mat
  artifactKey: Guid(165549cc1e5123648ab066b67ebfa017) Importer(2089858483,192608db42251d675da83286b1cce702)
Start importing Assets/POLYGON city pack/Meshes,textures/traffic signs FBX/Materials/traffic sign 6.mat using Guid(165549cc1e5123648ab066b67ebfa017) Importer(2089858483,192608db42251d675da83286b1cce702) (ScriptedImporter) -> (artifact id: '5238cd3cc66b46074da57d31f9d7788b') in 0.002076125 seconds
Number of updated asset objects reloaded before import = 0Number of asset objects unloaded after import = 2

========================================================================
Received Import Request.
  Time since last request: 0.000046 seconds.
  path: Assets/POLYGON city pack/Meshes,textures/Shops_FBX/Materials/Windows_01.mat
  artifactKey: Guid(70f2d2cd11b423f4a833930ec7631749) Importer(2089858483,192608db42251d675da83286b1cce702)
Start importing Assets/POLYGON city pack/Meshes,textures/Shops_FBX/Materials/Windows_01.mat using Guid(70f2d2cd11b423f4a833930ec7631749) Importer(2089858483,192608db42251d675da83286b1cce702) (ScriptedImporter) -> (artifact id: '3912e55bb4f7b1a3b1d0bec4bcd9e023') in 0.001526083 seconds
Number of updated asset objects reloaded before import = 0Number of asset objects unloaded after import = 1

========================================================================
Received Import Request.
  Time since last request: 0.000058 seconds.
  path: Assets/POLYGON city pack/Meshes,textures/Shops_FBX/Materials/Roof_01.mat
  artifactKey: Guid(94696599c927f2f4098bd1a6d5daddb4) Importer(2089858483,192608db42251d675da83286b1cce702)
Start importing Assets/POLYGON city pack/Meshes,textures/Shops_FBX/Materials/Roof_01.mat using Guid(94696599c927f2f4098bd1a6d5daddb4) Importer(2089858483,192608db42251d675da83286b1cce702) (ScriptedImporter) -> (artifact id: '27d01cbcaedd13ee89ae8e3305ca5ad3') in 0.001308042 seconds
Number of updated asset objects reloaded before import = 0Number of asset objects unloaded after import = 1

========================================================================
Received Import Request.
  Time since last request: 0.000085 seconds.
  path: Assets/POLYGON city pack/Meshes,textures/ways_FBX/Materials/Sideway.009.mat
  artifactKey: Guid(111b0762854dc784080604489b423201) Importer(2089858483,192608db42251d675da83286b1cce702)
Start importing Assets/POLYGON city pack/Meshes,textures/ways_FBX/Materials/Sideway.009.mat using Guid(111b0762854dc784080604489b423201) Importer(2089858483,192608db42251d675da83286b1cce702) (ScriptedImporter) -> (artifact id: '583ec3e5049dfaff252b6b447e981038') in 0.001473791 seconds
Number of updated asset objects reloaded before import = 0Number of asset objects unloaded after import = 1

========================================================================
Received Import Request.
  Time since last request: 0.000078 seconds.
  path: Assets/POLYGON city pack/Meshes,textures/props_FBX/Materials/Food_seller_car.mat
  artifactKey: Guid(942eb5b8ac496754caa18960c27c7ab1) Importer(2089858483,192608db42251d675da83286b1cce702)
Start importing Assets/POLYGON city pack/Meshes,textures/props_FBX/Materials/Food_seller_car.mat using Guid(942eb5b8ac496754caa18960c27c7ab1) Importer(2089858483,192608db42251d675da83286b1cce702) (ScriptedImporter) -> (artifact id: 'bef8b0a51a634aa861c4d9e09dc7e03b') in 0.001395459 seconds
Number of updated asset objects reloaded before import = 0Number of asset objects unloaded after import = 1

========================================================================
Received Import Request.
  Time since last request: 0.000054 seconds.
  path: Assets/POLYGON city pack/Meshes,textures/lamps fbx/Materials/Material.009.mat
  artifactKey: Guid(fdec1f7b46d435c4485bc8d2d836cb42) Importer(2089858483,192608db42251d675da83286b1cce702)
Start importing Assets/POLYGON city pack/Meshes,textures/lamps fbx/Materials/Material.009.mat using Guid(fdec1f7b46d435c4485bc8d2d836cb42) Importer(2089858483,192608db42251d675da83286b1cce702) (ScriptedImporter) -> (artifact id: 'b80d4c1805f414772a2e414a8b25cd3a') in 0.001274792 seconds
Number of updated asset objects reloaded before import = 0Number of asset objects unloaded after import = 1

========================================================================
Received Import Request.
  Time since last request: 0.000058 seconds.
  path: Assets/POLYGON city pack/Meshes,textures/Shops_FBX/Materials/Stone.mat
  artifactKey: Guid(888d455db8034284ba368aabb44339ff) Importer(2089858483,192608db42251d675da83286b1cce702)
Start importing Assets/POLYGON city pack/Meshes,textures/Shops_FBX/Materials/Stone.mat using Guid(888d455db8034284ba368aabb44339ff) Importer(2089858483,192608db42251d675da83286b1cce702) (ScriptedImporter) -> (artifact id: 'b42366f24f26569f0def2d8dd82823e0') in 0.001402 seconds
Number of updated asset objects reloaded before import = 0Number of asset objects unloaded after import = 1

========================================================================
Received Import Request.
  Time since last request: 0.000046 seconds.
  path: Assets/POLYGON city pack/Meshes,textures/ways_FBX/Materials/Sideway.003.mat
  artifactKey: Guid(ba45161c1c3c5744eaeed4955bf3f28b) Importer(2089858483,192608db42251d675da83286b1cce702)
Start importing Assets/POLYGON city pack/Meshes,textures/ways_FBX/Materials/Sideway.003.mat using Guid(ba45161c1c3c5744eaeed4955bf3f28b) Importer(2089858483,192608db42251d675da83286b1cce702) (ScriptedImporter) -> (artifact id: '0906ab6654ed35dda57c2cdda2e5d0c5') in 0.001412541 seconds
Number of updated asset objects reloaded before import = 0Number of asset objects unloaded after import = 1

========================================================================
Received Import Request.
  Time since last request: 0.000065 seconds.
  path: Assets/POLYGON city pack/Meshes,textures/props_FBX/Materials/drain 1.mat
  artifactKey: Guid(08925b01849af2d4cbb70f1b8c092116) Importer(2089858483,192608db42251d675da83286b1cce702)
Start importing Assets/POLYGON city pack/Meshes,textures/props_FBX/Materials/drain 1.mat using Guid(08925b01849af2d4cbb70f1b8c092116) Importer(2089858483,192608db42251d675da83286b1cce702) (ScriptedImporter) -> (artifact id: '3f94282cf3f76a42065ef972faf080f0') in 0.002247542 seconds
Number of updated asset objects reloaded before import = 0Number of asset objects unloaded after import = 1

========================================================================
Received Import Request.
  Time since last request: 0.000060 seconds.
  path: Assets/POLYGON city pack/Meshes,textures/props_FBX/Materials/big trash bin texture.mat
  artifactKey: Guid(85964dd2572020442a3be6557b6806c7) Importer(2089858483,192608db42251d675da83286b1cce702)
Start importing Assets/POLYGON city pack/Meshes,textures/props_FBX/Materials/big trash bin texture.mat using Guid(85964dd2572020442a3be6557b6806c7) Importer(2089858483,192608db42251d675da83286b1cce702) (ScriptedImporter) -> (artifact id: 'd256d88b4aeb2d9ca521d64a95d70a0a') in 0.001966167 seconds
Number of updated asset objects reloaded before import = 0Number of asset objects unloaded after import = 2

========================================================================
Received Import Request.
  Time since last request: 0.000038 seconds.
  path: Assets/POLYGON city pack/Meshes,textures/ways_FBX/Materials/SideWalk.013.mat
  artifactKey: Guid(d64e70829bc09b94d802e007d6609cf1) Importer(2089858483,192608db42251d675da83286b1cce702)
Start importing Assets/POLYGON city pack/Meshes,textures/ways_FBX/Materials/SideWalk.013.mat using Guid(d64e70829bc09b94d802e007d6609cf1) Importer(2089858483,192608db42251d675da83286b1cce702) (ScriptedImporter) -> (artifact id: 'adc0cba804f53b25f1366dd266a0fce3') in 0.001511917 seconds
Number of updated asset objects reloaded before import = 0Number of asset objects unloaded after import = 1

========================================================================
Received Import Request.
  Time since last request: 0.000056 seconds.
  path: Assets/POLYGON city pack/Meshes,textures/Shops_FBX/Materials/Metal.mat
  artifactKey: Guid(1b90c39ac2e752540903e202baf5df56) Importer(2089858483,192608db42251d675da83286b1cce702)
Start importing Assets/POLYGON city pack/Meshes,textures/Shops_FBX/Materials/Metal.mat using Guid(1b90c39ac2e752540903e202baf5df56) Importer(2089858483,192608db42251d675da83286b1cce702) (ScriptedImporter) -> (artifact id: '40d29287c5e1a520b4d778496822fb2d') in 0.001527958 seconds
Number of updated asset objects reloaded before import = 0Number of asset objects unloaded after import = 1

========================================================================
Received Import Request.
  Time since last request: 0.000063 seconds.
  path: Assets/POLYGON city pack/Meshes,textures/Shops_FBX/Materials/Windows_02.mat
  artifactKey: Guid(3332d65825f2e15488cfe619e7546ffc) Importer(2089858483,192608db42251d675da83286b1cce702)
Start importing Assets/POLYGON city pack/Meshes,textures/Shops_FBX/Materials/Windows_02.mat using Guid(3332d65825f2e15488cfe619e7546ffc) Importer(2089858483,192608db42251d675da83286b1cce702) (ScriptedImporter) -> (artifact id: '19c9bf58a2b96d3cbb95b0deb25c1551') in 0.001403667 seconds
Number of updated asset objects reloaded before import = 0Number of asset objects unloaded after import = 1

========================================================================
Received Import Request.
  Time since last request: 0.000049 seconds.
  path: Assets/POLYGON city pack/Meshes,textures/props_FBX/Materials/stone 1.007.mat
  artifactKey: Guid(83d6af4db1d4d074098fae2c56f626d1) Importer(2089858483,192608db42251d675da83286b1cce702)
Start importing Assets/POLYGON city pack/Meshes,textures/props_FBX/Materials/stone 1.007.mat using Guid(83d6af4db1d4d074098fae2c56f626d1) Importer(2089858483,192608db42251d675da83286b1cce702) (ScriptedImporter) -> (artifact id: '6523254bc3f89baa9084681d25b33df9') in 0.001311042 seconds
Number of updated asset objects reloaded before import = 0Number of asset objects unloaded after import = 1

========================================================================
Received Import Request.
  Time since last request: 0.000056 seconds.
  path: Assets/POLYGON city pack/Meshes,textures/props_FBX/Materials/televersion antenna.mat
  artifactKey: Guid(b6183d9c1ec5b4a459eb0a08657d18ed) Importer(2089858483,192608db42251d675da83286b1cce702)
Start importing Assets/POLYGON city pack/Meshes,textures/props_FBX/Materials/televersion antenna.mat using Guid(b6183d9c1ec5b4a459eb0a08657d18ed) Importer(2089858483,192608db42251d675da83286b1cce702) (ScriptedImporter) -> (artifact id: '7eb589e3993db82bb6767961bfee39f3') in 0.001603834 seconds
Number of updated asset objects reloaded before import = 0Number of asset objects unloaded after import = 2

========================================================================
Received Import Request.
  Time since last request: 0.000033 seconds.
  path: Assets/SimplePoly City - Low Poly Assets/Prefab/Vehicles/Vehicle with Static Wheels/Vehicle_SUV_color03.prefab
  artifactKey: Guid(00d77ce56096de34eb6645947a0f8925) Importer(2089858483,192608db42251d675da83286b1cce702)
Start importing Assets/SimplePoly City - Low Poly Assets/Prefab/Vehicles/Vehicle with Static Wheels/Vehicle_SUV_color03.prefab using Guid(00d77ce56096de34eb6645947a0f8925) Importer(2089858483,192608db42251d675da83286b1cce702) (ScriptedImporter) -> (artifact id: 'fdf028d6d447d54d0378410a1ff54699') in 0.004136042 seconds
Number of updated asset objects reloaded before import = 0Number of asset objects unloaded after import = 8

========================================================================
Received Import Request.
  Time since last request: 0.000028 seconds.
  path: Assets/POLYGON city pack/Meshes,textures/ways_FBX/Materials/Street.mat
  artifactKey: Guid(06605a076c06da8468d90ee71a9ee427) Importer(2089858483,192608db42251d675da83286b1cce702)
Start importing Assets/POLYGON city pack/Meshes,textures/ways_FBX/Materials/Street.mat using Guid(06605a076c06da8468d90ee71a9ee427) Importer(2089858483,192608db42251d675da83286b1cce702) (ScriptedImporter) -> (artifact id: '39eb73859bfaa284b081ae42bb0d8242') in 0.001582625 seconds
Number of updated asset objects reloaded before import = 0Number of asset objects unloaded after import = 1

========================================================================
Received Import Request.
  Time since last request: 0.000054 seconds.
  path: Assets/POLYGON city pack/Meshes,textures/ways_FBX/Materials/SideWalk.002.mat
  artifactKey: Guid(e3b9dcacab1ef4241a426b5145b0614e) Importer(2089858483,192608db42251d675da83286b1cce702)
Start importing Assets/POLYGON city pack/Meshes,textures/ways_FBX/Materials/SideWalk.002.mat using Guid(e3b9dcacab1ef4241a426b5145b0614e) Importer(2089858483,192608db42251d675da83286b1cce702) (ScriptedImporter) -> (artifact id: '39e0845f758f93cbd7a75015184d8833') in 0.001519792 seconds
Number of updated asset objects reloaded before import = 0Number of asset objects unloaded after import = 1

========================================================================
Received Import Request.
  Time since last request: 0.000061 seconds.
  path: Assets/POLYGON city pack/Meshes,textures/props_FBX/Materials/light 1 a.001.mat
  artifactKey: Guid(2cf284bdae2eb9043886eb2aa7209709) Importer(2089858483,192608db42251d675da83286b1cce702)
Start importing Assets/POLYGON city pack/Meshes,textures/props_FBX/Materials/light 1 a.001.mat using Guid(2cf284bdae2eb9043886eb2aa7209709) Importer(2089858483,192608db42251d675da83286b1cce702) (ScriptedImporter) -> (artifact id: '12e6df9ffda09622aaf0eacd4a2b8020') in 0.001545833 seconds
Number of updated asset objects reloaded before import = 0Number of asset objects unloaded after import = 1

========================================================================
Received Import Request.
  Time since last request: 0.000046 seconds.
  path: Assets/POLYGON city pack/Meshes,textures/props_FBX/Materials/light 2 a_.mat
  artifactKey: Guid(99c23ee46edcb174f9e5065badc8c433) Importer(2089858483,192608db42251d675da83286b1cce702)
Start importing Assets/POLYGON city pack/Meshes,textures/props_FBX/Materials/light 2 a_.mat using Guid(99c23ee46edcb174f9e5065badc8c433) Importer(2089858483,192608db42251d675da83286b1cce702) (ScriptedImporter) -> (artifact id: 'b2b0c0b059d89c1a652256c68838f994') in 0.001502666 seconds
Number of updated asset objects reloaded before import = 0Number of asset objects unloaded after import = 1

========================================================================
Received Import Request.
  Time since last request: 0.000051 seconds.
  path: Assets/POLYGON city pack/Meshes,textures/ways_FBX/Materials/Sideway.002.mat
  artifactKey: Guid(0b6cd9686375033449130cf148bcca8a) Importer(2089858483,192608db42251d675da83286b1cce702)
Start importing Assets/POLYGON city pack/Meshes,textures/ways_FBX/Materials/Sideway.002.mat using Guid(0b6cd9686375033449130cf148bcca8a) Importer(2089858483,192608db42251d675da83286b1cce702) (ScriptedImporter) -> (artifact id: '5b592ae1adce0c5d29bf2f0cbc36d1b1') in 0.001449125 seconds
Number of updated asset objects reloaded before import = 0Number of asset objects unloaded after import = 1

========================================================================
Received Import Request.
  Time since last request: 0.000052 seconds.
  path: Assets/POLYGON city pack/Meshes,textures/props_FBX/Materials/light 1 b.mat
  artifactKey: Guid(5312fe8c10f23fe4eb907954a8f14e92) Importer(2089858483,192608db42251d675da83286b1cce702)
Start importing Assets/POLYGON city pack/Meshes,textures/props_FBX/Materials/light 1 b.mat using Guid(5312fe8c10f23fe4eb907954a8f14e92) Importer(2089858483,192608db42251d675da83286b1cce702) (ScriptedImporter) -> (artifact id: 'd633e5e528a8355cbad2ea0967012f69') in 0.001346792 seconds
Number of updated asset objects reloaded before import = 0Number of asset objects unloaded after import = 1

========================================================================
Received Import Request.
  Time since last request: 0.000063 seconds.
  path: Assets/POLYGON city pack/Meshes,textures/traffic signs FBX/Materials/parking sign.mat
  artifactKey: Guid(0f5ddd6b44e585643a5a1f13ef748f10) Importer(2089858483,192608db42251d675da83286b1cce702)
Start importing Assets/POLYGON city pack/Meshes,textures/traffic signs FBX/Materials/parking sign.mat using Guid(0f5ddd6b44e585643a5a1f13ef748f10) Importer(2089858483,192608db42251d675da83286b1cce702) (ScriptedImporter) -> (artifact id: '9cd2fc2f0c99c1ba4896b52ed23c346a') in 0.001693833 seconds
Number of updated asset objects reloaded before import = 0Number of asset objects unloaded after import = 2

========================================================================
Received Import Request.
  Time since last request: 0.000036 seconds.
  path: Assets/POLYGON city pack/Meshes,textures/ways_FBX/Materials/SideWalk.mat
  artifactKey: Guid(48c1063ad10ddf8408199b21194a17f5) Importer(2089858483,192608db42251d675da83286b1cce702)
Start importing Assets/POLYGON city pack/Meshes,textures/ways_FBX/Materials/SideWalk.mat using Guid(48c1063ad10ddf8408199b21194a17f5) Importer(2089858483,192608db42251d675da83286b1cce702) (ScriptedImporter) -> (artifact id: '07e1bc2668bc3e59f16aee7c5a69926a') in 0.0023675 seconds
Number of updated asset objects reloaded before import = 0Number of asset objects unloaded after import = 1

========================================================================
Received Import Request.
  Time since last request: 0.000057 seconds.
  path: Assets/POLYGON city pack/Meshes,textures/props_FBX/Materials/traffic_pot_texture.mat
  artifactKey: Guid(ed1425894d2dbd24f93f58a8b75651a3) Importer(2089858483,192608db42251d675da83286b1cce702)
Start importing Assets/POLYGON city pack/Meshes,textures/props_FBX/Materials/traffic_pot_texture.mat using Guid(ed1425894d2dbd24f93f58a8b75651a3) Importer(2089858483,192608db42251d675da83286b1cce702) (ScriptedImporter) -> (artifact id: 'b68bb75b3b6f7bdd307d7c2d151b5da8') in 0.001978042 seconds
Number of updated asset objects reloaded before import = 0Number of asset objects unloaded after import = 2

========================================================================
Received Import Request.
  Time since last request: 0.000068 seconds.
  path: Assets/POLYGON city pack/Meshes,textures/props_FBX/Materials/stone 2.002.mat
  artifactKey: Guid(f9863ca1c5d132e4fbaf67d1ee85a2f9) Importer(2089858483,192608db42251d675da83286b1cce702)
Start importing Assets/POLYGON city pack/Meshes,textures/props_FBX/Materials/stone 2.002.mat using Guid(f9863ca1c5d132e4fbaf67d1ee85a2f9) Importer(2089858483,192608db42251d675da83286b1cce702) (ScriptedImporter) -> (artifact id: '11fbd5dd9e219ea6ead40ee3ce83bd75') in 0.001688334 seconds
Number of updated asset objects reloaded before import = 0Number of asset objects unloaded after import = 1

========================================================================
Received Import Request.
  Time since last request: 0.000055 seconds.
  path: Assets/SimplePoly City - Low Poly Assets/Prefab/Vehicles/Vehicle with Static Wheels/Vehicle_Container_color01.prefab
  artifactKey: Guid(979de0ac65f6d2b48a89e9088986637f) Importer(2089858483,192608db42251d675da83286b1cce702)
Start importing Assets/SimplePoly City - Low Poly Assets/Prefab/Vehicles/Vehicle with Static Wheels/Vehicle_Container_color01.prefab using Guid(979de0ac65f6d2b48a89e9088986637f) Importer(2089858483,192608db42251d675da83286b1cce702) (ScriptedImporter) -> (artifact id: '3fc5c53b40b25b157524ed6e3fec2ae6') in 0.003269875 seconds
Number of updated asset objects reloaded before import = 0Number of asset objects unloaded after import = 8

========================================================================
Received Import Request.
  Time since last request: 0.000052 seconds.
  path: Assets/POLYGON city pack/Meshes,textures/props_FBX/Materials/light.mat
  artifactKey: Guid(d3841d7a81a2f7d4dbd89b0bb003f7ce) Importer(2089858483,192608db42251d675da83286b1cce702)
Start importing Assets/POLYGON city pack/Meshes,textures/props_FBX/Materials/light.mat using Guid(d3841d7a81a2f7d4dbd89b0bb003f7ce) Importer(2089858483,192608db42251d675da83286b1cce702) (ScriptedImporter) -> (artifact id: '2e1256c0b9b23122580aa41426f417b6') in 0.001851375 seconds
Number of updated asset objects reloaded before import = 0Number of asset objects unloaded after import = 1

========================================================================
Received Import Request.
  Time since last request: 0.000082 seconds.
  path: Assets/POLYGON city pack/Meshes,textures/ways_FBX/Materials/Street.006.mat
  artifactKey: Guid(db1e9477ba471f24189c7db0d02f0724) Importer(2089858483,192608db42251d675da83286b1cce702)
Start importing Assets/POLYGON city pack/Meshes,textures/ways_FBX/Materials/Street.006.mat using Guid(db1e9477ba471f24189c7db0d02f0724) Importer(2089858483,192608db42251d675da83286b1cce702) (ScriptedImporter) -> (artifact id: '4e5fecf838b3e03d19f301ec5479d575') in 0.001816208 seconds
Number of updated asset objects reloaded before import = 0Number of asset objects unloaded after import = 1

========================================================================
Received Import Request.
  Time since last request: 0.000093 seconds.
  path: Assets/POLYGON city pack/Meshes,textures/Shops_FBX/Materials/Pole.mat
  artifactKey: Guid(a91010901bdc49b408500133d7fab774) Importer(2089858483,192608db42251d675da83286b1cce702)
Start importing Assets/POLYGON city pack/Meshes,textures/Shops_FBX/Materials/Pole.mat using Guid(a91010901bdc49b408500133d7fab774) Importer(2089858483,192608db42251d675da83286b1cce702) (ScriptedImporter) -> (artifact id: 'ea65070eaf1c674a101d1e425059d377') in 0.001877292 seconds
Number of updated asset objects reloaded before import = 0Number of asset objects unloaded after import = 1

========================================================================
Received Import Request.
  Time since last request: 0.000052 seconds.
  path: Assets/SimplePoly City - Low Poly Assets/Prefab/Vehicles/Vehicle with Static Wheels/Vehicle_Container_color03.prefab
  artifactKey: Guid(d20839e362efa3d4baa3d2ce1b4f2df4) Importer(2089858483,192608db42251d675da83286b1cce702)
Start importing Assets/SimplePoly City - Low Poly Assets/Prefab/Vehicles/Vehicle with Static Wheels/Vehicle_Container_color03.prefab using Guid(d20839e362efa3d4baa3d2ce1b4f2df4) Importer(2089858483,192608db42251d675da83286b1cce702) (ScriptedImporter) -> (artifact id: 'f366a87e28ced061f47e815c43e8cc69') in 0.005038333 seconds
Number of updated asset objects reloaded before import = 0Number of asset objects unloaded after import = 8

========================================================================
Received Import Request.
  Time since last request: 0.000030 seconds.
  path: Assets/POLYGON city pack/Meshes,textures/props_FBX/Materials/Flower 1 blue mix.mat
  artifactKey: Guid(143b1724ce3ad7948897d5f1634ca2f0) Importer(2089858483,192608db42251d675da83286b1cce702)
Start importing Assets/POLYGON city pack/Meshes,textures/props_FBX/Materials/Flower 1 blue mix.mat using Guid(143b1724ce3ad7948897d5f1634ca2f0) Importer(2089858483,192608db42251d675da83286b1cce702) (ScriptedImporter) -> (artifact id: '84ec386b5ba3e6fcb5683f0e0a3f13f8') in 0.00174775 seconds
Number of updated asset objects reloaded before import = 0Number of asset objects unloaded after import = 1

========================================================================
Received Import Request.
  Time since last request: 0.000074 seconds.
  path: Assets/SimplePoly City - Low Poly Assets/Prefab/Vehicles/Vehicle with Static Wheels/Vehicle_Truck_color02.prefab
  artifactKey: Guid(e218686c5655fad46a02ebfb004972ee) Importer(2089858483,192608db42251d675da83286b1cce702)
Start importing Assets/SimplePoly City - Low Poly Assets/Prefab/Vehicles/Vehicle with Static Wheels/Vehicle_Truck_color02.prefab using Guid(e218686c5655fad46a02ebfb004972ee) Importer(2089858483,192608db42251d675da83286b1cce702) (ScriptedImporter) -> (artifact id: 'd1a3e8a2cf086f7ccc8a8dcfe0fbc548') in 0.003391459 seconds
Number of updated asset objects reloaded before import = 0Number of asset objects unloaded after import = 8

========================================================================
Received Import Request.
  Time since last request: 0.000029 seconds.
  path: Assets/SimplePoly City - Low Poly Assets/Prefab/Vehicles/Vehicle with Separated Wheels/Vehicle_Container_color03_separate.prefab
  artifactKey: Guid(a8a6e2e210e71bc4ab5ba85122928ac8) Importer(2089858483,192608db42251d675da83286b1cce702)
Start importing Assets/SimplePoly City - Low Poly Assets/Prefab/Vehicles/Vehicle with Separated Wheels/Vehicle_Container_color03_separate.prefab using Guid(a8a6e2e210e71bc4ab5ba85122928ac8) Importer(2089858483,192608db42251d675da83286b1cce702) (ScriptedImporter) -> (artifact id: '91cc9ae1b2199bb4383695f0af868b73') in 0.002017333 seconds
Number of updated asset objects reloaded before import = 0Number of asset objects unloaded after import = 39

========================================================================
Received Import Request.
  Time since last request: 0.000031 seconds.
  path: Assets/SimplePoly City - Low Poly Assets/Prefab/Vehicles/Vehicle with Static Wheels/Vehicle_Truck_color01.prefab
  artifactKey: Guid(cffe1734bc43bcb47b6433ebca05c04c) Importer(2089858483,192608db42251d675da83286b1cce702)
Start importing Assets/SimplePoly City - Low Poly Assets/Prefab/Vehicles/Vehicle with Static Wheels/Vehicle_Truck_color01.prefab using Guid(cffe1734bc43bcb47b6433ebca05c04c) Importer(2089858483,192608db42251d675da83286b1cce702) (ScriptedImporter) -> (artifact id: 'e7ac64c2e621260f8077b96f4aaa0d1b') in 0.004052208 seconds
Number of updated asset objects reloaded before import = 0Number of asset objects unloaded after import = 8

========================================================================
Received Import Request.
  Time since last request: 0.000049 seconds.
  path: Assets/POLYGON city pack/Meshes,textures/ways_FBX/Materials/Sideway.006.mat
  artifactKey: Guid(b189a2b6cbbdd284b92ba18fae38a10f) Importer(2089858483,192608db42251d675da83286b1cce702)
Start importing Assets/POLYGON city pack/Meshes,textures/ways_FBX/Materials/Sideway.006.mat using Guid(b189a2b6cbbdd284b92ba18fae38a10f) Importer(2089858483,192608db42251d675da83286b1cce702) (ScriptedImporter) -> (artifact id: '763f0ad455d506a1a6b448823cff230f') in 0.001781 seconds
Number of updated asset objects reloaded before import = 0Number of asset objects unloaded after import = 1

========================================================================
Received Import Request.
  Time since last request: 0.000072 seconds.
  path: Assets/POLYGON city pack/Meshes,textures/props_FBX/Materials/parking meter texture.mat
  artifactKey: Guid(9dc8ae2502df1844a8905d34bb429973) Importer(2089858483,192608db42251d675da83286b1cce702)
Start importing Assets/POLYGON city pack/Meshes,textures/props_FBX/Materials/parking meter texture.mat using Guid(9dc8ae2502df1844a8905d34bb429973) Importer(2089858483,192608db42251d675da83286b1cce702) (ScriptedImporter) -> (artifact id: 'de0d8905e9a07fd9d32d54c78960b2b8') in 0.001903041 seconds
Number of updated asset objects reloaded before import = 0Number of asset objects unloaded after import = 1

========================================================================
Received Import Request.
  Time since last request: 0.000054 seconds.
  path: Assets/POLYGON city pack/Meshes,textures/props_FBX/Materials/leafes.mat
  artifactKey: Guid(144d0d90c4ed5154b83f6fcbd40b4bbb) Importer(2089858483,192608db42251d675da83286b1cce702)
Start importing Assets/POLYGON city pack/Meshes,textures/props_FBX/Materials/leafes.mat using Guid(144d0d90c4ed5154b83f6fcbd40b4bbb) Importer(2089858483,192608db42251d675da83286b1cce702) (ScriptedImporter) -> (artifact id: '6e44fa2413c493384892426697be9c57') in 0.001666875 seconds
Number of updated asset objects reloaded before import = 0Number of asset objects unloaded after import = 1

========================================================================
Received Import Request.
  Time since last request: 0.000057 seconds.
  path: Assets/POLYGON city pack/Meshes,textures/props_FBX/Materials/stone 2.006.mat
  artifactKey: Guid(1ed0a01ba5785ce4e8fa6450bf3db1d4) Importer(2089858483,192608db42251d675da83286b1cce702)
Start importing Assets/POLYGON city pack/Meshes,textures/props_FBX/Materials/stone 2.006.mat using Guid(1ed0a01ba5785ce4e8fa6450bf3db1d4) Importer(2089858483,192608db42251d675da83286b1cce702) (ScriptedImporter) -> (artifact id: '9c19e203a6cced04e6e42e40a92bf703') in 0.001530209 seconds
Number of updated asset objects reloaded before import = 0Number of asset objects unloaded after import = 1

========================================================================
Received Import Request.
  Time since last request: 0.000064 seconds.
  path: Assets/POLYGON city pack/Meshes,textures/props_FBX/Materials/Pot.mat
  artifactKey: Guid(c2fb6465c106b734ab1ee5a166e2a7c1) Importer(2089858483,192608db42251d675da83286b1cce702)
Start importing Assets/POLYGON city pack/Meshes,textures/props_FBX/Materials/Pot.mat using Guid(c2fb6465c106b734ab1ee5a166e2a7c1) Importer(2089858483,192608db42251d675da83286b1cce702) (ScriptedImporter) -> (artifact id: 'e7f268f22d32cdd852b19cb729e2526c') in 0.001309333 seconds
Number of updated asset objects reloaded before import = 0Number of asset objects unloaded after import = 1

========================================================================
Received Import Request.
  Time since last request: 0.000056 seconds.
  path: Assets/SimplePoly City - Low Poly Assets/Prefab/Vehicles/Vehicle with Separated Wheels/Vehicle_Car_color01_separate.prefab
  artifactKey: Guid(d267fbb9e36c6e4458c9a8756d725a79) Importer(2089858483,192608db42251d675da83286b1cce702)
Start importing Assets/SimplePoly City - Low Poly Assets/Prefab/Vehicles/Vehicle with Separated Wheels/Vehicle_Car_color01_separate.prefab using Guid(d267fbb9e36c6e4458c9a8756d725a79) Importer(2089858483,192608db42251d675da83286b1cce702) (ScriptedImporter) -> (artifact id: 'c52b18298b476f4bf854c1a114d1a0a7') in 0.001833583 seconds
Number of updated asset objects reloaded before import = 0Number of asset objects unloaded after import = 29

========================================================================
Received Import Request.
  Time since last request: 0.000024 seconds.
  path: Assets/POLYGON city pack/Meshes,textures/props_FBX/Materials/props_FBX.mat
  artifactKey: Guid(b742fdefd42bf3549b791027d360d214) Importer(2089858483,192608db42251d675da83286b1cce702)
Start importing Assets/POLYGON city pack/Meshes,textures/props_FBX/Materials/props_FBX.mat using Guid(b742fdefd42bf3549b791027d360d214) Importer(2089858483,192608db42251d675da83286b1cce702) (ScriptedImporter) -> (artifact id: '4e89917b948368671a8767fab124b768') in 0.001287708 seconds
Number of updated asset objects reloaded before import = 0Number of asset objects unloaded after import = 1

========================================================================
Received Import Request.
  Time since last request: 0.000049 seconds.
  path: Assets/POLYGON city pack/Meshes,textures/Shops_FBX/Materials/Stone_02.mat
  artifactKey: Guid(ff2268827d421224a8c204a5b4f31123) Importer(2089858483,192608db42251d675da83286b1cce702)
Start importing Assets/POLYGON city pack/Meshes,textures/Shops_FBX/Materials/Stone_02.mat using Guid(ff2268827d421224a8c204a5b4f31123) Importer(2089858483,192608db42251d675da83286b1cce702) (ScriptedImporter) -> (artifact id: '9c2bc5446b602c446f271db2786db12f') in 0.001954292 seconds
Number of updated asset objects reloaded before import = 0Number of asset objects unloaded after import = 1

========================================================================
Received Import Request.
  Time since last request: 0.000063 seconds.
  path: Assets/POLYGON city pack/Meshes,textures/lamps fbx/Materials/Material.016.mat
  artifactKey: Guid(6b202c0eb52218642a907c98d38ec954) Importer(2089858483,192608db42251d675da83286b1cce702)
Start importing Assets/POLYGON city pack/Meshes,textures/lamps fbx/Materials/Material.016.mat using Guid(6b202c0eb52218642a907c98d38ec954) Importer(2089858483,192608db42251d675da83286b1cce702) (ScriptedImporter) -> (artifact id: 'b3214c35056645d169526ee11fe48e4e') in 0.001477375 seconds
Number of updated asset objects reloaded before import = 0Number of asset objects unloaded after import = 1

========================================================================
Received Import Request.
  Time since last request: 0.000063 seconds.
  path: Assets/POLYGON city pack/Meshes,textures/Shops_FBX/Materials/Roof.mat
  artifactKey: Guid(bd1ab28fe60715946b403aaa00417e43) Importer(2089858483,192608db42251d675da83286b1cce702)
Start importing Assets/POLYGON city pack/Meshes,textures/Shops_FBX/Materials/Roof.mat using Guid(bd1ab28fe60715946b403aaa00417e43) Importer(2089858483,192608db42251d675da83286b1cce702) (ScriptedImporter) -> (artifact id: 'd9ed53a16977fd7623d29b53b04ff5ad') in 0.001791584 seconds
Number of updated asset objects reloaded before import = 0Number of asset objects unloaded after import = 1

========================================================================
Received Import Request.
  Time since last request: 0.000054 seconds.
  path: Assets/POLYGON city pack/Meshes,textures/ways_FBX/Materials/SideWalk.008.mat
  artifactKey: Guid(4fc6211f28fc443459368b71696598bb) Importer(2089858483,192608db42251d675da83286b1cce702)
Start importing Assets/POLYGON city pack/Meshes,textures/ways_FBX/Materials/SideWalk.008.mat using Guid(4fc6211f28fc443459368b71696598bb) Importer(2089858483,192608db42251d675da83286b1cce702) (ScriptedImporter) -> (artifact id: '1ffbfb2ff2cf2eed9b0550a587d82291') in 0.001449166 seconds
Number of updated asset objects reloaded before import = 0Number of asset objects unloaded after import = 1

========================================================================
Received Import Request.
  Time since last request: 0.000050 seconds.
  path: Assets/POLYGON city pack/Meshes,textures/props_FBX/Materials/coke_machine_texture.mat
  artifactKey: Guid(c6dfa098ec9d68d45af4d8f2bdb6a118) Importer(2089858483,192608db42251d675da83286b1cce702)
Start importing Assets/POLYGON city pack/Meshes,textures/props_FBX/Materials/coke_machine_texture.mat using Guid(c6dfa098ec9d68d45af4d8f2bdb6a118) Importer(2089858483,192608db42251d675da83286b1cce702) (ScriptedImporter) -> (artifact id: '0a83b168f631ee057baab23c2488ead7') in 0.001353042 seconds
Number of updated asset objects reloaded before import = 0Number of asset objects unloaded after import = 1

========================================================================
Received Import Request.
  Time since last request: 0.000053 seconds.
  path: Assets/POLYGON city pack/Meshes,textures/props_FBX/Materials/Food_seller_stand_textureAD.mat
  artifactKey: Guid(20b832b9b7d8ace48bf5c7b77df3ea28) Importer(2089858483,192608db42251d675da83286b1cce702)
Start importing Assets/POLYGON city pack/Meshes,textures/props_FBX/Materials/Food_seller_stand_textureAD.mat using Guid(20b832b9b7d8ace48bf5c7b77df3ea28) Importer(2089858483,192608db42251d675da83286b1cce702) (ScriptedImporter) -> (artifact id: '61870eb678c1576988dba2c7e343cade') in 0.001932833 seconds
Number of updated asset objects reloaded before import = 0Number of asset objects unloaded after import = 2

Editor requested this worker to shutdown with reason: Scaling down because of idle timeout
AssetImportWorkerClient::OnTransportError - code=2 error=End of file
AssetImportWorker is now disconnected from the server
Process exiting
