Unity Editor version:    6000.2.14f1 (589824c1fc31)
Branch:                  6000.2/staging
Build type:              Release
Batch mode:              YES
macOS version:           Version 26.2 (Build 25C56)
Darwin version:          25.2.0
Architecture:            arm64
Running under Rosetta:   NO
Available memory:        24576 MB
Date:                    2026-01-29T14:22:04Z
[Licensing::Module] Trying to connect to existing licensing client channel...
[Licensing::IpcConnector] Successfully connected to: "LicenseClient-justuskopke" at "2026-01-29T14:22:04.948944Z"

COMMAND LINE ARGUMENTS:
/Applications/Unity/Hub/Editor/6000.2.14f1/Unity.app/Contents/MacOS/Unity
-adb2
-batchMode
-noUpm
-name
AssetImportWorker1
-projectPath
/Users/justuskopke/Documents/car-game
-logFile
Logs/AssetImportWorker1.log
-srvPort
56587
-licensingIpc
LicenseClient-justuskopke
-job-worker-count
5
-background-job-worker-count
8
-gc-helper-count
1
-name AssetImport
Successfully changed project path to: /Users/justuskopke/Documents/car-game
/Users/justuskopke/Documents/car-game
[UnityMemory] Configuration Parameters - Can be set up in boot.config
    "memorysetup-allocator-temp-initial-block-size-main=262144"
    "memorysetup-allocator-temp-initial-block-size-worker=262144"
    "memorysetup-bucket-allocator-granularity=16"
    "memorysetup-bucket-allocator-bucket-count=8"
    "memorysetup-bucket-allocator-block-size=33554432"
    "memorysetup-bucket-allocator-block-count=8"
    "memorysetup-main-allocator-block-size=16777216"
    "memorysetup-thread-allocator-block-size=16777216"
    "memorysetup-gfx-main-allocator-block-size=16777216"
    "memorysetup-gfx-thread-allocator-block-size=16777216"
    "memorysetup-cache-allocator-block-size=4194304"
    "memorysetup-typetree-allocator-block-size=2097152"
    "memorysetup-profiler-bucket-allocator-granularity=16"
    "memorysetup-profiler-bucket-allocator-bucket-count=8"
    "memorysetup-profiler-bucket-allocator-block-size=33554432"
    "memorysetup-profiler-bucket-allocator-block-count=8"
    "memorysetup-profiler-allocator-block-size=16777216"
    "memorysetup-profiler-editor-allocator-block-size=1048576"
    "memorysetup-temp-allocator-size-main=16777216"
    "memorysetup-job-temp-allocator-block-size=2097152"
    "memorysetup-job-temp-allocator-block-size-background=1048576"
    "memorysetup-job-temp-allocator-reduction-small-platforms=262144"
    "memorysetup-temp-allocator-size-background-worker=32768"
    "memorysetup-temp-allocator-size-job-worker=262144"
    "memorysetup-temp-allocator-size-preload-manager=33554432"
    "memorysetup-temp-allocator-size-nav-mesh-worker=65536"
    "memorysetup-temp-allocator-size-audio-worker=65536"
    "memorysetup-temp-allocator-size-cloud-worker=32768"
    "memorysetup-temp-allocator-size-gi-baking-worker=262144"
    "memorysetup-temp-allocator-size-gi-baking-worker=262144"
    "memorysetup-temp-allocator-size-gi-baking-worker=262144"
    "memorysetup-temp-allocator-size-gi-baking-worker=262144"
    "memorysetup-temp-allocator-size-gi-baking-worker=262144"
    "memorysetup-temp-allocator-size-gfx=262144"
Player connection [8587996224]  Target information:

Player connection [8587996224]  * "[IP] 127.51.68.120 [Port] 0 [Flags] 2 [Guid] 2218605455 [EditorId] 2218605455 [Version] 1048832 [Id] OSXEditor(0,MacBook-Pro-von-Justus.local) [Debug] 1 [PackageName] OSXEditor [ProjectName] Editor" 

Player connection [8587996224]  * "[IP] 192.0.0.2 [Port] 0 [Flags] 2 [Guid] 2218605455 [EditorId] 2218605455 [Version] 1048832 [Id] OSXEditor(0,MacBook-Pro-von-Justus.local) [Debug] 1 [PackageName] OSXEditor [ProjectName] Editor" 

Player connection [8587996224] Host joined multi-casting on [225.0.0.222:54997]...
Player connection [8587996224] Host joined alternative multi-casting on [225.0.0.222:34997]...
JobSystem: Creating JobQueue using job-worker-count value 5
Input System module state changed to: Initialized.
[Physics::Module] Initialized fallback backend.
[Physics::Module] Id: 0xdecafbad
Library Redirect Path: Library/
[Physics::Module] Selected backend.
[Physics::Module] Name: PhysX
[Physics::Module] Id: 0xf2b8ea05
[Physics::Module] SDK Version: 4.1.2
[Physics::Module] Integration Version: 1.0.0
[Physics::Module] Threading Mode: Multi-Threaded
Refreshing native plugins compatible for Editor in 2.05 ms, found 1 plugins.
Preloading 0 native plugins for Editor in 0.00 ms.
Initialize engine version: 6000.2.14f1 (589824c1fc31)
[Subsystems] Discovering subsystems at path /Applications/Unity/Hub/Editor/6000.2.14f1/Unity.app/Contents/Resources/UnitySubsystems
[Subsystems] Discovering subsystems at path /Users/justuskopke/Documents/car-game/Assets
GfxDevice: creating device client; kGfxThreadingModeNonThreaded
 preferred device: Apple M4 Pro (high power)
Metal devices available: 1
0: Apple M4 Pro (high power)
Using device Apple M4 Pro (high power)
Initializing Metal device caps: Apple M4 Pro
Mac GPU Family: 2
Apple GPU Family: 9
MSL Version: 3.0
Has Float MSAA: 1
Has Float Filtering: 1
ReadWrite Texture Tier: 2
Initialize mono
Mono path[0] = '/Applications/Unity/Hub/Editor/6000.2.14f1/Unity.app/Contents/Managed'
Mono path[1] = '/Applications/Unity/Hub/Editor/6000.2.14f1/Unity.app/Contents/MonoBleedingEdge/lib/mono/unityjit-macos'
Mono config path = '/Applications/Unity/Hub/Editor/6000.2.14f1/Unity.app/Contents/MonoBleedingEdge/etc'
Using monoOptions --debugger-agent=transport=dt_socket,embedding=1,server=y,suspend=n,address=127.0.0.1:56473
Begin MonoManager ReloadAssembly
Registering precompiled unity dll's ...
Register platform support module: /Applications/Unity/Hub/Editor/6000.2.14f1/Unity.app/Contents/PlaybackEngines/MacStandaloneSupport/UnityEditor.OSXStandalone.Extensions.dll
Registered in 0.000906 seconds.
- Loaded All Assemblies, in  0.214 seconds
Native extension for OSXStandalone target not found
Mono: successfully reloaded assembly
- Finished resetting the current domain, in  0.211 seconds
Domain Reload Profiling: 425ms
	BeginReloadAssembly (85ms)
		ExecutionOrderSort (0ms)
		DisableScriptedObjects (0ms)
		BackupInstance (0ms)
		ReleaseScriptingObjects (0ms)
		CreateAndSetChildDomain (0ms)
	RebuildCommonClasses (18ms)
	RebuildNativeTypeToScriptingClass (7ms)
	initialDomainReloadingComplete (21ms)
	LoadAllAssembliesAndSetupDomain (82ms)
		LoadAssemblies (85ms)
		RebuildTransferFunctionScriptingTraits (0ms)
		AnalyzeDomain (81ms)
			TypeCache.Refresh (79ms)
				TypeCache.ScanAssembly (71ms)
			BuildScriptInfoCaches (0ms)
			ResolveRequiredComponents (1ms)
	FinalizeReload (211ms)
		ReleaseScriptCaches (0ms)
		RebuildScriptCaches (0ms)
		SetupLoadedEditorAssemblies (191ms)
			LogAssemblyErrors (0ms)
			InitializePlatformSupportModulesInManaged (19ms)
			SetLoadedEditorAssemblies (3ms)
			BeforeProcessingInitializeOnLoad (50ms)
			ProcessInitializeOnLoadAttributes (77ms)
			ProcessInitializeOnLoadMethodAttributes (42ms)
			AfterProcessingInitializeOnLoad (0ms)
			EditorAssembliesLoaded (0ms)
		ExecutionOrderSort2 (0ms)
		AwakeInstancesAfterBackupRestoration (0ms)
[Licensing::Client] Handshaking with LicensingClient:
  Version:                 1.17.4+4293ba1
  Session Id:              eba261a8ad6e40a6b910d727a03fae41
  Correlation Id:          b87f0c23600e0cde5e817db6b87b2916
  External correlation Id: 1065627062890707621
  Machine Id:              WTxEPUq/gL/zQjS16cSUnyjyOXk=
[Licensing::Module] Successfully connected to LicensingClient on channel: "LicenseClient-justuskopke" (connect: 0.00s, validation: 0.00s, handshake: 0.80s)
[Licensing::IpcConnector] Successfully connected to: "LicenseClient-justuskopke-notifications" at "2026-01-29T14:22:05.754171Z"
[Licensing::Module] Licensing Background thread has ended after 0.81s
[CoreBusinessMetrics] Unexpected thread when updating session info.
========================================================================
Worker process is ready to serve import requests
Import Worker Mode flag is 0x00
Begin MonoManager ReloadAssembly
[Licensing::Client] Successfully resolved entitlement details
[Licensing::Module] License group:
  Id: 5773601527044-UnityPersXXXX
  Product: Unity Personal
  Type: Assigned
  Expiration: Unlimited
- Loaded All Assemblies, in  0.308 seconds
Refreshing native plugins compatible for Editor in 0.21 ms, found 1 plugins.
Native extension for OSXStandalone target not found
Package Manager log level set to [2]
[Package Manager] Failed to launch server process. Reason: Unity was launched with the -noUpm command-line argument
[Package Manager] Unable to send message (not connected to server process).
[Package Manager] Cannot connect to Unity Package Manager local server
Mono: successfully reloaded assembly
- Finished resetting the current domain, in  0.310 seconds
Domain Reload Profiling: 618ms
	BeginReloadAssembly (63ms)
		ExecutionOrderSort (0ms)
		DisableScriptedObjects (3ms)
		BackupInstance (0ms)
		ReleaseScriptingObjects (0ms)
		CreateAndSetChildDomain (11ms)
	RebuildCommonClasses (18ms)
	RebuildNativeTypeToScriptingClass (6ms)
	initialDomainReloadingComplete (14ms)
	LoadAllAssembliesAndSetupDomain (207ms)
		LoadAssemblies (154ms)
		RebuildTransferFunctionScriptingTraits (0ms)
		AnalyzeDomain (81ms)
			TypeCache.Refresh (68ms)
				TypeCache.ScanAssembly (59ms)
			BuildScriptInfoCaches (10ms)
			ResolveRequiredComponents (2ms)
	FinalizeReload (310ms)
		ReleaseScriptCaches (0ms)
		RebuildScriptCaches (0ms)
		SetupLoadedEditorAssemblies (262ms)
			LogAssemblyErrors (0ms)
			InitializePlatformSupportModulesInManaged (1ms)
			SetLoadedEditorAssemblies (2ms)
			BeforeProcessingInitializeOnLoad (66ms)
			ProcessInitializeOnLoadAttributes (182ms)
			ProcessInitializeOnLoadMethodAttributes (10ms)
			AfterProcessingInitializeOnLoad (0ms)
			EditorAssembliesLoaded (0ms)
		ExecutionOrderSort2 (0ms)
		AwakeInstancesAfterBackupRestoration (1ms)
Launching external process: /Applications/Unity/Hub/Editor/6000.2.14f1/Unity.app/Contents/Tools/UnityShaderCompiler
Launched and connected shader compiler UnityShaderCompiler after 0.02 seconds
Refreshing native plugins compatible for Editor in 0.17 ms, found 1 plugins.
Preloading 0 native plugins for Editor in 0.00 ms.
Unloading 0 Unused Serialized files (Serialized files now loaded: 0)
Unloading 3446 unused Assets / (0.6 MB). Loaded Objects now: 3938.
Memory consumption went from 82.7 MB to 82.1 MB.
Total: 3.265792 ms (FindLiveObjects: 0.298667 ms CreateObjectMapping: 0.070833 ms MarkObjects: 2.492375 ms  DeleteObjects: 0.403584 ms)

========================================================================
Received Import Request.
  Time since last request: 65195.276758 seconds.
  path: Assets/SimplePoly City - Low Poly Assets/Materials/Vehicle_Truck_color01.mat
  artifactKey: Guid(8d937782c962a9044a28c21514c73ffb) Importer(2089858483,192608db42251d675da83286b1cce702)
Start importing Assets/SimplePoly City - Low Poly Assets/Materials/Vehicle_Truck_color01.mat using Guid(8d937782c962a9044a28c21514c73ffb) Importer(2089858483,192608db42251d675da83286b1cce702) (ScriptedImporter) -> (artifact id: 'b39badbdbe5fd14d1903a8f88d5778c7') in 0.037127 seconds
Number of updated asset objects reloaded before import = 0Number of asset objects unloaded after import = 2

========================================================================
Received Import Request.
  Time since last request: 0.000037 seconds.
  path: Assets/Scenes/SampleScene/ReflectionProbe-0.exr
  artifactKey: Guid(dc23c1e600d1e4da2af49eaa52661118) Importer(2089858483,192608db42251d675da83286b1cce702)
Start importing Assets/Scenes/SampleScene/ReflectionProbe-0.exr using Guid(dc23c1e600d1e4da2af49eaa52661118) Importer(2089858483,192608db42251d675da83286b1cce702) (ScriptedImporter) -> (artifact id: '641bac79bd9ab9650e29c484dead3008') in 0.023909208 seconds
Number of updated asset objects reloaded before import = 0Number of asset objects unloaded after import = 1

========================================================================
Received Import Request.
  Time since last request: 0.000050 seconds.
  path: Assets/SimplePoly City - Low Poly Assets/Materials/Vehicle_Pick up Truck_color02.mat
  artifactKey: Guid(94d51beb0fcd7044885fa789ac899eb1) Importer(2089858483,192608db42251d675da83286b1cce702)
Start importing Assets/SimplePoly City - Low Poly Assets/Materials/Vehicle_Pick up Truck_color02.mat using Guid(94d51beb0fcd7044885fa789ac899eb1) Importer(2089858483,192608db42251d675da83286b1cce702) (ScriptedImporter) -> (artifact id: 'e9e45c93f1bc8e67cc1148a269b74e2d') in 0.002251 seconds
Number of updated asset objects reloaded before import = 0Number of asset objects unloaded after import = 2

========================================================================
Received Import Request.
  Time since last request: 0.000033 seconds.
  path: Assets/SimplePoly City - Low Poly Assets/Materials/Building_House_02_color02.mat
  artifactKey: Guid(b66f907b85259674ca69f1732a632bcd) Importer(2089858483,192608db42251d675da83286b1cce702)
Start importing Assets/SimplePoly City - Low Poly Assets/Materials/Building_House_02_color02.mat using Guid(b66f907b85259674ca69f1732a632bcd) Importer(2089858483,192608db42251d675da83286b1cce702) (ScriptedImporter) -> (artifact id: '57264e8e134e992349ca59ba00d8d885') in 0.002405041 seconds
Number of updated asset objects reloaded before import = 0Number of asset objects unloaded after import = 2

========================================================================
Received Import Request.
  Time since last request: 0.000081 seconds.
  path: Assets/tire.cs
  artifactKey: Guid(807b0c735698d4a80941fdd8fcf0ee35) Importer(2089858483,192608db42251d675da83286b1cce702)
Start importing Assets/tire.cs using Guid(807b0c735698d4a80941fdd8fcf0ee35) Importer(2089858483,192608db42251d675da83286b1cce702) (ScriptedImporter) -> (artifact id: 'f5d36dbb7c50bdc5fc0280b3ecbe201b') in 0.003329958 seconds
Number of updated asset objects reloaded before import = 0Number of asset objects unloaded after import = 0

========================================================================
Received Import Request.
  Time since last request: 0.000072 seconds.
  path: Assets/SimplePoly City - Low Poly Assets/Materials/Vehicle_Police Car.mat
  artifactKey: Guid(ca1eb6db662c95e47b63cb150cf463f9) Importer(2089858483,192608db42251d675da83286b1cce702)
Start importing Assets/SimplePoly City - Low Poly Assets/Materials/Vehicle_Police Car.mat using Guid(ca1eb6db662c95e47b63cb150cf463f9) Importer(2089858483,192608db42251d675da83286b1cce702) (ScriptedImporter) -> (artifact id: '85a9f04cdef3befb05472560f5cc4f53') in 0.00247 seconds
Number of updated asset objects reloaded before import = 0Number of asset objects unloaded after import = 2

========================================================================
Received Import Request.
  Time since last request: 0.000051 seconds.
  path: Assets/SimplePoly City - Low Poly Assets/Materials/Props_BillBoard_small.mat
  artifactKey: Guid(dcbee53a8041c594aaf20d616c6ed33a) Importer(2089858483,192608db42251d675da83286b1cce702)
Start importing Assets/SimplePoly City - Low Poly Assets/Materials/Props_BillBoard_small.mat using Guid(dcbee53a8041c594aaf20d616c6ed33a) Importer(2089858483,192608db42251d675da83286b1cce702) (ScriptedImporter) -> (artifact id: 'dc2c00a420d8b03fb5d545e07a21f682') in 0.002773167 seconds
Number of updated asset objects reloaded before import = 0Number of asset objects unloaded after import = 2

========================================================================
Received Import Request.
  Time since last request: 0.000054 seconds.
  path: Assets/SimplePoly City - Low Poly Assets/Materials/Vehicle_Car_color01.mat
  artifactKey: Guid(c55cd13c983151f488686d50353a716f) Importer(2089858483,192608db42251d675da83286b1cce702)
Start importing Assets/SimplePoly City - Low Poly Assets/Materials/Vehicle_Car_color01.mat using Guid(c55cd13c983151f488686d50353a716f) Importer(2089858483,192608db42251d675da83286b1cce702) (ScriptedImporter) -> (artifact id: '236104573b33bec5d5953f6500aedc1e') in 0.001996416 seconds
Number of updated asset objects reloaded before import = 0Number of asset objects unloaded after import = 2

========================================================================
Received Import Request.
  Time since last request: 0.000035 seconds.
  path: Assets/SimplePoly City - Low Poly Assets/Materials/Building_Shoes Shop.mat
  artifactKey: Guid(25119463e811d3c4c82a0d92a6e1c561) Importer(2089858483,192608db42251d675da83286b1cce702)
Start importing Assets/SimplePoly City - Low Poly Assets/Materials/Building_Shoes Shop.mat using Guid(25119463e811d3c4c82a0d92a6e1c561) Importer(2089858483,192608db42251d675da83286b1cce702) (ScriptedImporter) -> (artifact id: '10a43b0c484d9ddda1b5a20a55e069f8') in 0.002166666 seconds
Number of updated asset objects reloaded before import = 0Number of asset objects unloaded after import = 2

========================================================================
Received Import Request.
  Time since last request: 0.000020 seconds.
  path: Assets/SimplePoly City - Low Poly Assets/Models/Building Sky_big_color01.fbx
  artifactKey: Guid(152095147e5492c41a9718b9b09863a4) Importer(2089858483,192608db42251d675da83286b1cce702)
Start importing Assets/SimplePoly City - Low Poly Assets/Models/Building Sky_big_color01.fbx using Guid(152095147e5492c41a9718b9b09863a4) Importer(2089858483,192608db42251d675da83286b1cce702) (ScriptedImporter) -> (artifact id: '9841dd5a7ea9500d2ca0ae76730a5411') in 0.024054125 seconds
Number of updated asset objects reloaded before import = 0Number of asset objects unloaded after import = 9

========================================================================
Received Import Request.
  Time since last request: 0.000026 seconds.
  path: Assets/SimplePoly City - Low Poly Assets/Materials/Building_Residential_color03.mat
  artifactKey: Guid(503a5bca82bfa754d93ab882c47b76d1) Importer(2089858483,192608db42251d675da83286b1cce702)
Start importing Assets/SimplePoly City - Low Poly Assets/Materials/Building_Residential_color03.mat using Guid(503a5bca82bfa754d93ab882c47b76d1) Importer(2089858483,192608db42251d675da83286b1cce702) (ScriptedImporter) -> (artifact id: '50018a4fe87b23fc96c860bac7d15eef') in 0.002242125 seconds
Number of updated asset objects reloaded before import = 0Number of asset objects unloaded after import = 2

========================================================================
Received Import Request.
  Time since last request: 0.000050 seconds.
  path: Assets/LightCollider.cs
  artifactKey: Guid(b509e6a3851f0481baf870549b15ba6c) Importer(2089858483,192608db42251d675da83286b1cce702)
Start importing Assets/LightCollider.cs using Guid(b509e6a3851f0481baf870549b15ba6c) Importer(2089858483,192608db42251d675da83286b1cce702) (ScriptedImporter) -> (artifact id: 'b77dd6f3c489786e9e39125771c91964') in 0.001742208 seconds
Number of updated asset objects reloaded before import = 0Number of asset objects unloaded after import = 0

========================================================================
Received Import Request.
  Time since last request: 0.000077 seconds.
  path: Assets/SimplePoly City - Low Poly Assets/Materials/Building_Clothing.mat
  artifactKey: Guid(906011f6bacf9c9479526c7df3eacc75) Importer(2089858483,192608db42251d675da83286b1cce702)
Start importing Assets/SimplePoly City - Low Poly Assets/Materials/Building_Clothing.mat using Guid(906011f6bacf9c9479526c7df3eacc75) Importer(2089858483,192608db42251d675da83286b1cce702) (ScriptedImporter) -> (artifact id: '5d4f9064a6a549d5f8699e46d85a5df9') in 0.001856125 seconds
Number of updated asset objects reloaded before import = 0Number of asset objects unloaded after import = 2

========================================================================
Received Import Request.
  Time since last request: 0.000044 seconds.
  path: Assets/SimplePoly City - Low Poly Assets/Materials/Building_Fruits  Shop.mat
  artifactKey: Guid(ae4c28532c8b3154a80bef6e9ca5939c) Importer(2089858483,192608db42251d675da83286b1cce702)
Start importing Assets/SimplePoly City - Low Poly Assets/Materials/Building_Fruits  Shop.mat using Guid(ae4c28532c8b3154a80bef6e9ca5939c) Importer(2089858483,192608db42251d675da83286b1cce702) (ScriptedImporter) -> (artifact id: '7601458c29d2cdbb5faf22b44100c007') in 0.00176225 seconds
Number of updated asset objects reloaded before import = 0Number of asset objects unloaded after import = 2

========================================================================
Received Import Request.
  Time since last request: 0.000049 seconds.
  path: Assets/SimplePoly City - Low Poly Assets/Models/Building_Auto Service.fbx
  artifactKey: Guid(c886fb979d2b589419f4cd3003261086) Importer(2089858483,192608db42251d675da83286b1cce702)
Start importing Assets/SimplePoly City - Low Poly Assets/Models/Building_Auto Service.fbx using Guid(c886fb979d2b589419f4cd3003261086) Importer(2089858483,192608db42251d675da83286b1cce702) (ScriptedImporter) -> (artifact id: '282a6891c78e05e34bc63e47bdc00239') in 0.008374708 seconds
Number of updated asset objects reloaded before import = 0Number of asset objects unloaded after import = 9

========================================================================
Received Import Request.
  Time since last request: 0.000047 seconds.
  path: Assets/Scenes/SampleScene/LightingData.asset
  artifactKey: Guid(a0366b238959e409b831def955df8e13) Importer(2089858483,192608db42251d675da83286b1cce702)
Start importing Assets/Scenes/SampleScene/LightingData.asset using Guid(a0366b238959e409b831def955df8e13) Importer(2089858483,192608db42251d675da83286b1cce702) (ScriptedImporter) -> (artifact id: 'a7c2ccf21ca94d204d65534a7f8b7451') in 0.002336 seconds
Number of updated asset objects reloaded before import = 0Number of asset objects unloaded after import = 5

========================================================================
Received Import Request.
  Time since last request: 0.000064 seconds.
  path: Assets/SimplePoly City - Low Poly Assets/Materials/Props_BillBoard_medium.mat
  artifactKey: Guid(8a98f40ab24c33a4cb2d6dd96393db82) Importer(2089858483,192608db42251d675da83286b1cce702)
Start importing Assets/SimplePoly City - Low Poly Assets/Materials/Props_BillBoard_medium.mat using Guid(8a98f40ab24c33a4cb2d6dd96393db82) Importer(2089858483,192608db42251d675da83286b1cce702) (ScriptedImporter) -> (artifact id: 'ac046b8702cb1ad229c64d49e1f74750') in 0.002110375 seconds
Number of updated asset objects reloaded before import = 0Number of asset objects unloaded after import = 2

========================================================================
Received Import Request.
  Time since last request: 0.000114 seconds.
  path: Assets/SimplePoly City - Low Poly Assets/Models/Building_Bakery.fbx
  artifactKey: Guid(ea9803764c3c1e74b83f6dda1cfa0885) Importer(2089858483,192608db42251d675da83286b1cce702)
Start importing Assets/SimplePoly City - Low Poly Assets/Models/Building_Bakery.fbx using Guid(ea9803764c3c1e74b83f6dda1cfa0885) Importer(2089858483,192608db42251d675da83286b1cce702) (ScriptedImporter) -> (artifact id: '1a8d7501e80a71843717d0413ea6f546') in 0.018661042 seconds
Number of updated asset objects reloaded before import = 0Number of asset objects unloaded after import = 9

========================================================================
Received Import Request.
  Time since last request: 0.000035 seconds.
  path: Assets/SimplePoly City - Low Poly Assets/Materials/Building_House_04_color03.mat
  artifactKey: Guid(ecb113d6169c1ea49ae708ac05a9128c) Importer(2089858483,192608db42251d675da83286b1cce702)
Start importing Assets/SimplePoly City - Low Poly Assets/Materials/Building_House_04_color03.mat using Guid(ecb113d6169c1ea49ae708ac05a9128c) Importer(2089858483,192608db42251d675da83286b1cce702) (ScriptedImporter) -> (artifact id: 'a4635b529c1c2225f4de7f3b8dad68d0') in 0.003301916 seconds
Number of updated asset objects reloaded before import = 0Number of asset objects unloaded after import = 2

========================================================================
Received Import Request.
  Time since last request: 0.000053 seconds.
  path: Assets/SimplePoly City - Low Poly Assets/Materials/Building Sky_small_color01.mat
  artifactKey: Guid(cf528230e5d0dcd42ab2d20dcda96917) Importer(2089858483,192608db42251d675da83286b1cce702)
Start importing Assets/SimplePoly City - Low Poly Assets/Materials/Building Sky_small_color01.mat using Guid(cf528230e5d0dcd42ab2d20dcda96917) Importer(2089858483,192608db42251d675da83286b1cce702) (ScriptedImporter) -> (artifact id: '087379cd529eb00cac09b79c0e622aab') in 0.005410042 seconds
Number of updated asset objects reloaded before import = 0Number of asset objects unloaded after import = 2

========================================================================
Received Import Request.
  Time since last request: 0.000032 seconds.
  path: Assets/SimplePoly City - Low Poly Assets/Models/Building_Coffee Shop.fbx
  artifactKey: Guid(a120bc9095fe23d458dc299a94dc00a8) Importer(2089858483,192608db42251d675da83286b1cce702)
Start importing Assets/SimplePoly City - Low Poly Assets/Models/Building_Coffee Shop.fbx using Guid(a120bc9095fe23d458dc299a94dc00a8) Importer(2089858483,192608db42251d675da83286b1cce702) (ScriptedImporter) -> (artifact id: '2e812e7f13c1d78ac8ff4c49d0f885e1') in 0.007296333 seconds
Number of updated asset objects reloaded before import = 0Number of asset objects unloaded after import = 9

========================================================================
Received Import Request.
  Time since last request: 0.000050 seconds.
  path: Assets/SimplePoly City - Low Poly Assets/Materials/Building_House_03_color02.mat
  artifactKey: Guid(759ae00b1dd8b674794d18b46f674c55) Importer(2089858483,192608db42251d675da83286b1cce702)
Start importing Assets/SimplePoly City - Low Poly Assets/Materials/Building_House_03_color02.mat using Guid(759ae00b1dd8b674794d18b46f674c55) Importer(2089858483,192608db42251d675da83286b1cce702) (ScriptedImporter) -> (artifact id: '0be021b783ee651823f3b992f9d5116a') in 0.002776 seconds
Number of updated asset objects reloaded before import = 0Number of asset objects unloaded after import = 2

========================================================================
Received Import Request.
  Time since last request: 0.000040 seconds.
  path: Assets/POLYGON city pack/Materials/Night.mat
  artifactKey: Guid(2693a75b9cc71fb4bae0674a2e512e59) Importer(2089858483,192608db42251d675da83286b1cce702)
Start importing Assets/POLYGON city pack/Materials/Night.mat using Guid(2693a75b9cc71fb4bae0674a2e512e59) Importer(2089858483,192608db42251d675da83286b1cce702) (ScriptedImporter) -> (artifact id: '272591e55699f007861811100992e7c7') in 0.00323275 seconds
Number of updated asset objects reloaded before import = 0Number of asset objects unloaded after import = 1

========================================================================
Received Import Request.
  Time since last request: 0.000056 seconds.
  path: Assets/SimplePoly City - Low Poly Assets/Materials/Props_Props_01.mat
  artifactKey: Guid(1b96474fd045dce4a8b2ffba96618392) Importer(2089858483,192608db42251d675da83286b1cce702)
Start importing Assets/SimplePoly City - Low Poly Assets/Materials/Props_Props_01.mat using Guid(1b96474fd045dce4a8b2ffba96618392) Importer(2089858483,192608db42251d675da83286b1cce702) (ScriptedImporter) -> (artifact id: 'a164303d1bd5c7cc79bc20cddc5b5bf1') in 0.0019045 seconds
Number of updated asset objects reloaded before import = 0Number of asset objects unloaded after import = 2

========================================================================
Received Import Request.
  Time since last request: 0.000086 seconds.
  path: Assets/SimplePoly City - Low Poly Assets/Materials/Vehicle_Taxi.mat
  artifactKey: Guid(24c20333a6b79874298a79151051f9fa) Importer(2089858483,192608db42251d675da83286b1cce702)
Start importing Assets/SimplePoly City - Low Poly Assets/Materials/Vehicle_Taxi.mat using Guid(24c20333a6b79874298a79151051f9fa) Importer(2089858483,192608db42251d675da83286b1cce702) (ScriptedImporter) -> (artifact id: '6857b0304604ffa40c261c6e7d4eb866') in 0.001862875 seconds
Number of updated asset objects reloaded before import = 0Number of asset objects unloaded after import = 2

========================================================================
Received Import Request.
  Time since last request: 0.000035 seconds.
  path: Assets/SimplePoly City - Low Poly Assets/Demo/SimplePoly City - Low Poly Assets_Demo Scene.unity
  artifactKey: Guid(7e6d3f4e5d896154ab4438845532ac3e) Importer(2089858483,192608db42251d675da83286b1cce702)
Start importing Assets/SimplePoly City - Low Poly Assets/Demo/SimplePoly City - Low Poly Assets_Demo Scene.unity using Guid(7e6d3f4e5d896154ab4438845532ac3e) Importer(2089858483,192608db42251d675da83286b1cce702) (ScriptedImporter) -> (artifact id: '63e91c76b7749a84fec221f1a7f34a1a') in 0.001388125 seconds
Number of updated asset objects reloaded before import = 0Number of asset objects unloaded after import = 1

========================================================================
Received Import Request.
  Time since last request: 0.000119 seconds.
  path: Assets/SimplePoly City - Low Poly Assets/Materials/Road Concrete Tile.mat
  artifactKey: Guid(791087fbdef01f44fb204ef3dc5e6db8) Importer(2089858483,192608db42251d675da83286b1cce702)
Start importing Assets/SimplePoly City - Low Poly Assets/Materials/Road Concrete Tile.mat using Guid(791087fbdef01f44fb204ef3dc5e6db8) Importer(2089858483,192608db42251d675da83286b1cce702) (ScriptedImporter) -> (artifact id: 'ee2054fd9e560c5d79671a2ecfd361c9') in 0.003050333 seconds
Number of updated asset objects reloaded before import = 0Number of asset objects unloaded after import = 2

========================================================================
Received Import Request.
  Time since last request: 0.000047 seconds.
  path: Assets/SimplePoly City - Low Poly Assets/Materials/Building_Gas Station.mat
  artifactKey: Guid(5008df5fba3101c4c81e4cf6b008c663) Importer(2089858483,192608db42251d675da83286b1cce702)
Start importing Assets/SimplePoly City - Low Poly Assets/Materials/Building_Gas Station.mat using Guid(5008df5fba3101c4c81e4cf6b008c663) Importer(2089858483,192608db42251d675da83286b1cce702) (ScriptedImporter) -> (artifact id: '3e4a59dcc279a4e91e78cd7e4afd994f') in 0.002035833 seconds
Number of updated asset objects reloaded before import = 0Number of asset objects unloaded after import = 2

========================================================================
Received Import Request.
  Time since last request: 0.000057 seconds.
  path: Assets/SimplePoly City - Low Poly Assets/Materials/Building_Pizza.mat
  artifactKey: Guid(98387a5e673a6ab4dbed345505f5ca07) Importer(2089858483,192608db42251d675da83286b1cce702)
Start importing Assets/SimplePoly City - Low Poly Assets/Materials/Building_Pizza.mat using Guid(98387a5e673a6ab4dbed345505f5ca07) Importer(2089858483,192608db42251d675da83286b1cce702) (ScriptedImporter) -> (artifact id: '1d8e64e0cfd8caa6e96c255034feb775') in 0.001992833 seconds
Number of updated asset objects reloaded before import = 0Number of asset objects unloaded after import = 2

========================================================================
Received Import Request.
  Time since last request: 0.559811 seconds.
  path: Assets/SimplePoly City - Low Poly Assets/Models/Building_Gas Station.fbx
  artifactKey: Guid(25449c1a4c4ca004ead70b6c0889695b) Importer(2089858483,192608db42251d675da83286b1cce702)
Start importing Assets/SimplePoly City - Low Poly Assets/Models/Building_Gas Station.fbx using Guid(25449c1a4c4ca004ead70b6c0889695b) Importer(2089858483,192608db42251d675da83286b1cce702) (ScriptedImporter) -> (artifact id: '6e01d7c14e7773452df1464d46f85c51') in 0.008332542 seconds
Number of updated asset objects reloaded before import = 0Number of asset objects unloaded after import = 9

========================================================================
Received Import Request.
  Time since last request: 0.000036 seconds.
  path: Assets/SimplePoly City - Low Poly Assets/Models/Props_Bench_1.fbx
  artifactKey: Guid(069faa75324807b4d99f059f6622d7c2) Importer(2089858483,192608db42251d675da83286b1cce702)
Start importing Assets/SimplePoly City - Low Poly Assets/Models/Props_Bench_1.fbx using Guid(069faa75324807b4d99f059f6622d7c2) Importer(2089858483,192608db42251d675da83286b1cce702) (ScriptedImporter) -> (artifact id: '8921d80a9d738b316e043e500fc39890') in 0.007926458 seconds
Number of updated asset objects reloaded before import = 0Number of asset objects unloaded after import = 9

========================================================================
Received Import Request.
  Time since last request: 0.000054 seconds.
  path: Assets/SimplePoly City - Low Poly Assets/Models/Vehicle_Bus.fbx
  artifactKey: Guid(0d82ae0493e1c264bad0588fde0a3d8a) Importer(2089858483,192608db42251d675da83286b1cce702)
Start importing Assets/SimplePoly City - Low Poly Assets/Models/Vehicle_Bus.fbx using Guid(0d82ae0493e1c264bad0588fde0a3d8a) Importer(2089858483,192608db42251d675da83286b1cce702) (ScriptedImporter) -> (artifact id: 'ad6352b441d3b932052e4c85259e582c') in 0.00951025 seconds
Number of updated asset objects reloaded before import = 0Number of asset objects unloaded after import = 9

========================================================================
Received Import Request.
  Time since last request: 0.000038 seconds.
  path: Assets/SimplePoly City - Low Poly Assets/Models/Props_Hydrant.fbx
  artifactKey: Guid(aa7a6aea7692eb346af29dcc7e73ee95) Importer(2089858483,192608db42251d675da83286b1cce702)
Start importing Assets/SimplePoly City - Low Poly Assets/Models/Props_Hydrant.fbx using Guid(aa7a6aea7692eb346af29dcc7e73ee95) Importer(2089858483,192608db42251d675da83286b1cce702) (ScriptedImporter) -> (artifact id: 'b4b4a9ba1405dcffd06ec77e7f3b42a2') in 0.008061625 seconds
Number of updated asset objects reloaded before import = 0Number of asset objects unloaded after import = 9

========================================================================
Received Import Request.
  Time since last request: 0.000041 seconds.
  path: Assets/SimplePoly City - Low Poly Assets/Models/Road Sidewalk.fbx
  artifactKey: Guid(be6b47deae1839141b5dea85228cfa3e) Importer(2089858483,192608db42251d675da83286b1cce702)
Start importing Assets/SimplePoly City - Low Poly Assets/Models/Road Sidewalk.fbx using Guid(be6b47deae1839141b5dea85228cfa3e) Importer(2089858483,192608db42251d675da83286b1cce702) (ScriptedImporter) -> (artifact id: '58edbdab6c7a0f2c4dc09897d3bc837a') in 0.008107417 seconds
Number of updated asset objects reloaded before import = 0Number of asset objects unloaded after import = 9

========================================================================
Received Import Request.
  Time since last request: 0.000292 seconds.
  path: Assets/SimplePoly City - Low Poly Assets/Models/Props_Roof prop air.fbx
  artifactKey: Guid(dccc704d9a70b064b8d29fe27fcbc17b) Importer(2089858483,192608db42251d675da83286b1cce702)
Start importing Assets/SimplePoly City - Low Poly Assets/Models/Props_Roof prop air.fbx using Guid(dccc704d9a70b064b8d29fe27fcbc17b) Importer(2089858483,192608db42251d675da83286b1cce702) (ScriptedImporter) -> (artifact id: '922489efedd1b5f58729fed521eb81d0') in 0.008904375 seconds
Number of updated asset objects reloaded before import = 0Number of asset objects unloaded after import = 9

========================================================================
Received Import Request.
  Time since last request: 0.000030 seconds.
  path: Assets/SimplePoly City - Low Poly Assets/Textures/Building Sky_big_color01.png
  artifactKey: Guid(276815996ac5b2144bdd94486e724ca4) Importer(2089858483,192608db42251d675da83286b1cce702)
Start importing Assets/SimplePoly City - Low Poly Assets/Textures/Building Sky_big_color01.png using Guid(276815996ac5b2144bdd94486e724ca4) Importer(2089858483,192608db42251d675da83286b1cce702) (ScriptedImporter) -> (artifact id: '7950f99eb8a67e82744a0b0b45f75b25') in 0.011694541 seconds
Number of updated asset objects reloaded before import = 0Number of asset objects unloaded after import = 1

========================================================================
Received Import Request.
  Time since last request: 0.000068 seconds.
  path: Assets/SimplePoly City - Low Poly Assets/Models/Natures_Bush_03.fbx
  artifactKey: Guid(878eb4575d3db2143bff9ebf5c266974) Importer(2089858483,192608db42251d675da83286b1cce702)
Start importing Assets/SimplePoly City - Low Poly Assets/Models/Natures_Bush_03.fbx using Guid(878eb4575d3db2143bff9ebf5c266974) Importer(2089858483,192608db42251d675da83286b1cce702) (ScriptedImporter) -> (artifact id: 'f437c0fdf602b93da401724c7afeb487') in 0.007571167 seconds
Number of updated asset objects reloaded before import = 0Number of asset objects unloaded after import = 9

========================================================================
Received Import Request.
  Time since last request: 0.000040 seconds.
  path: Assets/SimplePoly City - Low Poly Assets/Models/Road Corner_02.fbx
  artifactKey: Guid(b38a4b1b87a3b81429916ae40f4a3f6f) Importer(2089858483,192608db42251d675da83286b1cce702)
Start importing Assets/SimplePoly City - Low Poly Assets/Models/Road Corner_02.fbx using Guid(b38a4b1b87a3b81429916ae40f4a3f6f) Importer(2089858483,192608db42251d675da83286b1cce702) (ScriptedImporter) -> (artifact id: 'b65827df471d46b324e0da75891cc052') in 0.007536208 seconds
Number of updated asset objects reloaded before import = 0Number of asset objects unloaded after import = 9

========================================================================
Received Import Request.
  Time since last request: 0.000038 seconds.
  path: Assets/SimplePoly City - Low Poly Assets/Models/Props_Street Light.fbx
  artifactKey: Guid(ab761d05302615348a9aed34ccd58dd7) Importer(2089858483,192608db42251d675da83286b1cce702)
Start importing Assets/SimplePoly City - Low Poly Assets/Models/Props_Street Light.fbx using Guid(ab761d05302615348a9aed34ccd58dd7) Importer(2089858483,192608db42251d675da83286b1cce702) (ScriptedImporter) -> (artifact id: 'f1fe9b8ff4ca1983586ab5c2e8bcfbe4') in 0.008321833 seconds
Number of updated asset objects reloaded before import = 0Number of asset objects unloaded after import = 9

========================================================================
Received Import Request.
  Time since last request: 0.000041 seconds.
  path: Assets/SimplePoly City - Low Poly Assets/Models/Props_Roof Helipad.fbx
  artifactKey: Guid(b602d657274d2c24b88fe0f3fa83287b) Importer(2089858483,192608db42251d675da83286b1cce702)
Start importing Assets/SimplePoly City - Low Poly Assets/Models/Props_Roof Helipad.fbx using Guid(b602d657274d2c24b88fe0f3fa83287b) Importer(2089858483,192608db42251d675da83286b1cce702) (ScriptedImporter) -> (artifact id: '1a10c16ef5f1acde8107578b48a4a1dc') in 0.007154166 seconds
Number of updated asset objects reloaded before import = 0Number of asset objects unloaded after import = 9

========================================================================
Received Import Request.
  Time since last request: 0.000084 seconds.
  path: Assets/SimplePoly City - Low Poly Assets/Textures/Building Sky_big_color02.png
  artifactKey: Guid(076be1fece3e1944da63c954eb29d137) Importer(2089858483,192608db42251d675da83286b1cce702)
Start importing Assets/SimplePoly City - Low Poly Assets/Textures/Building Sky_big_color02.png using Guid(076be1fece3e1944da63c954eb29d137) Importer(2089858483,192608db42251d675da83286b1cce702) (ScriptedImporter) -> (artifact id: 'af900d6ada70dcb87b1ee6e5f597094d') in 0.005696833 seconds
Number of updated asset objects reloaded before import = 0Number of asset objects unloaded after import = 1

========================================================================
Received Import Request.
  Time since last request: 0.000061 seconds.
  path: Assets/SimplePoly City - Low Poly Assets/Models/Props_Windmill.fbx
  artifactKey: Guid(2605c818ea0c2df4092b898402e71aae) Importer(2089858483,192608db42251d675da83286b1cce702)
Start importing Assets/SimplePoly City - Low Poly Assets/Models/Props_Windmill.fbx using Guid(2605c818ea0c2df4092b898402e71aae) Importer(2089858483,192608db42251d675da83286b1cce702) (ScriptedImporter) -> (artifact id: '1e66d9ad17c9f47340ddc9d5f407a9d1') in 0.009784167 seconds
Number of updated asset objects reloaded before import = 0Number of asset objects unloaded after import = 14

========================================================================
Received Import Request.
  Time since last request: 0.000051 seconds.
  path: Assets/SimplePoly City - Low Poly Assets/Models/Vehicle_Truck_separate.fbx
  artifactKey: Guid(4d73dd8cdf5db944da1cd14e579cee1a) Importer(2089858483,192608db42251d675da83286b1cce702)
Start importing Assets/SimplePoly City - Low Poly Assets/Models/Vehicle_Truck_separate.fbx using Guid(4d73dd8cdf5db944da1cd14e579cee1a) Importer(2089858483,192608db42251d675da83286b1cce702) (ScriptedImporter) -> (artifact id: 'b4fa166d6915c7b2ecf85cf57e293e7d') in 0.014332042 seconds
Number of updated asset objects reloaded before import = 0Number of asset objects unloaded after import = 41

========================================================================
Received Import Request.
  Time since last request: 0.000027 seconds.
  path: Assets/SimplePoly City - Low Poly Assets/Models/Natures_Pot Bush_small.fbx
  artifactKey: Guid(2c5a85095f7a19d479cf428b0ed03e0b) Importer(2089858483,192608db42251d675da83286b1cce702)
Start importing Assets/SimplePoly City - Low Poly Assets/Models/Natures_Pot Bush_small.fbx using Guid(2c5a85095f7a19d479cf428b0ed03e0b) Importer(2089858483,192608db42251d675da83286b1cce702) (ScriptedImporter) -> (artifact id: '3d2cae76800eb0ef520f517a50d91c8f') in 0.0078315 seconds
Number of updated asset objects reloaded before import = 0Number of asset objects unloaded after import = 9

========================================================================
Received Import Request.
  Time since last request: 0.000033 seconds.
  path: Assets/SimplePoly City - Low Poly Assets/Models/Road Corner_01.fbx
  artifactKey: Guid(17f3d60dae6c4024d980ef9e7722acaa) Importer(2089858483,192608db42251d675da83286b1cce702)
Start importing Assets/SimplePoly City - Low Poly Assets/Models/Road Corner_01.fbx using Guid(17f3d60dae6c4024d980ef9e7722acaa) Importer(2089858483,192608db42251d675da83286b1cce702) (ScriptedImporter) -> (artifact id: '6b8df1a2062b1abf3bfd40d9f4eea6ef') in 0.008285583 seconds
Number of updated asset objects reloaded before import = 0Number of asset objects unloaded after import = 9

========================================================================
Received Import Request.
  Time since last request: 0.000027 seconds.
  path: Assets/SimplePoly City - Low Poly Assets/Models/Natures_Grass Bar.fbx
  artifactKey: Guid(60550932e430af1479cebb05e97130ae) Importer(2089858483,192608db42251d675da83286b1cce702)
Start importing Assets/SimplePoly City - Low Poly Assets/Models/Natures_Grass Bar.fbx using Guid(60550932e430af1479cebb05e97130ae) Importer(2089858483,192608db42251d675da83286b1cce702) (ScriptedImporter) -> (artifact id: 'b822361ded24e459b7c48e8e4a465855') in 0.008829375 seconds
Number of updated asset objects reloaded before import = 0Number of asset objects unloaded after import = 9

========================================================================
Received Import Request.
  Time since last request: 0.000037 seconds.
  path: Assets/SimplePoly City - Low Poly Assets/Models/Props_BillBoard_medium.fbx
  artifactKey: Guid(9cd32fb6a80b79741880fce089ce77f6) Importer(2089858483,192608db42251d675da83286b1cce702)
Start importing Assets/SimplePoly City - Low Poly Assets/Models/Props_BillBoard_medium.fbx using Guid(9cd32fb6a80b79741880fce089ce77f6) Importer(2089858483,192608db42251d675da83286b1cce702) (ScriptedImporter) -> (artifact id: 'cd8ff11cbd1066fdaf6054dbbb88335a') in 0.008100542 seconds
Number of updated asset objects reloaded before import = 0Number of asset objects unloaded after import = 9

========================================================================
Received Import Request.
  Time since last request: 0.000177 seconds.
  path: Assets/SimplePoly City - Low Poly Assets/Textures/Building_Bar.png
  artifactKey: Guid(dcf28aa94c297d441b5bb2e655c5b1a5) Importer(2089858483,192608db42251d675da83286b1cce702)
Start importing Assets/SimplePoly City - Low Poly Assets/Textures/Building_Bar.png using Guid(dcf28aa94c297d441b5bb2e655c5b1a5) Importer(2089858483,192608db42251d675da83286b1cce702) (ScriptedImporter) -> (artifact id: '661e0d75161c14756c524e327cf64d6f') in 0.0059235 seconds
Number of updated asset objects reloaded before import = 0Number of asset objects unloaded after import = 1

========================================================================
Received Import Request.
  Time since last request: 0.000071 seconds.
  path: Assets/SimplePoly City - Low Poly Assets/Models/Props_Bus Stop.fbx
  artifactKey: Guid(9e6e51a480e2d6f43878a5d789bd8704) Importer(2089858483,192608db42251d675da83286b1cce702)
Start importing Assets/SimplePoly City - Low Poly Assets/Models/Props_Bus Stop.fbx using Guid(9e6e51a480e2d6f43878a5d789bd8704) Importer(2089858483,192608db42251d675da83286b1cce702) (ScriptedImporter) -> (artifact id: '9a3d1e52c0474b66a6e46f391969faa8') in 0.00796 seconds
Number of updated asset objects reloaded before import = 0Number of asset objects unloaded after import = 9

========================================================================
Received Import Request.
  Time since last request: 0.000035 seconds.
  path: Assets/SimplePoly City - Low Poly Assets/Models/Natures_Rock_Big.fbx
  artifactKey: Guid(9af6d300c4b48bb4ebe9539c44d73f0c) Importer(2089858483,192608db42251d675da83286b1cce702)
Start importing Assets/SimplePoly City - Low Poly Assets/Models/Natures_Rock_Big.fbx using Guid(9af6d300c4b48bb4ebe9539c44d73f0c) Importer(2089858483,192608db42251d675da83286b1cce702) (ScriptedImporter) -> (artifact id: '2506ae2d5dca529d09aebf3d7f623d3b') in 0.007866084 seconds
Number of updated asset objects reloaded before import = 0Number of asset objects unloaded after import = 9

========================================================================
Received Import Request.
  Time since last request: 0.000054 seconds.
  path: Assets/SimplePoly City - Low Poly Assets/Textures/Building Sky_small_color02.png
  artifactKey: Guid(81c454060dd1fd74d9e2b2e1ca3d0a58) Importer(2089858483,192608db42251d675da83286b1cce702)
Start importing Assets/SimplePoly City - Low Poly Assets/Textures/Building Sky_small_color02.png using Guid(81c454060dd1fd74d9e2b2e1ca3d0a58) Importer(2089858483,192608db42251d675da83286b1cce702) (ScriptedImporter) -> (artifact id: '386b6761aaaff04cc3bf0560a5309847') in 0.0058685 seconds
Number of updated asset objects reloaded before import = 0Number of asset objects unloaded after import = 1

========================================================================
Received Import Request.
  Time since last request: 0.000061 seconds.
  path: Assets/SimplePoly City - Low Poly Assets/Models/Props_Coffee shop chair.fbx
  artifactKey: Guid(23816e0039304184c9d9f74b067ca30e) Importer(2089858483,192608db42251d675da83286b1cce702)
Start importing Assets/SimplePoly City - Low Poly Assets/Models/Props_Coffee shop chair.fbx using Guid(23816e0039304184c9d9f74b067ca30e) Importer(2089858483,192608db42251d675da83286b1cce702) (ScriptedImporter) -> (artifact id: 'd0a12b3d2155ae35337ae127d568fd60') in 0.009293166 seconds
Number of updated asset objects reloaded before import = 0Number of asset objects unloaded after import = 9

========================================================================
Received Import Request.
  Time since last request: 0.000028 seconds.
  path: Assets/SimplePoly City - Low Poly Assets/Models/Props_Traffic Control Barrier Fence.fbx
  artifactKey: Guid(fa854a4fa7fb0b04a93f71178fcc44a7) Importer(2089858483,192608db42251d675da83286b1cce702)
Start importing Assets/SimplePoly City - Low Poly Assets/Models/Props_Traffic Control Barrier Fence.fbx using Guid(fa854a4fa7fb0b04a93f71178fcc44a7) Importer(2089858483,192608db42251d675da83286b1cce702) (ScriptedImporter) -> (artifact id: '35d82cdd8c2a870f7be8d12dd428c8bb') in 0.007605042 seconds
Number of updated asset objects reloaded before import = 0Number of asset objects unloaded after import = 9

========================================================================
Received Import Request.
  Time since last request: 0.000026 seconds.
  path: Assets/SimplePoly City - Low Poly Assets/Models/Road Lane_02.fbx
  artifactKey: Guid(11b7c9a58a603e74caec54e139efb58d) Importer(2089858483,192608db42251d675da83286b1cce702)
Start importing Assets/SimplePoly City - Low Poly Assets/Models/Road Lane_02.fbx using Guid(11b7c9a58a603e74caec54e139efb58d) Importer(2089858483,192608db42251d675da83286b1cce702) (ScriptedImporter) -> (artifact id: '1430afc64e4c41eb8bcf82b12102d77e') in 0.007523 seconds
Number of updated asset objects reloaded before import = 0Number of asset objects unloaded after import = 9

========================================================================
Received Import Request.
  Time since last request: 0.000032 seconds.
  path: Assets/SimplePoly City - Low Poly Assets/Models/Road T_Intersection_02.fbx
  artifactKey: Guid(a6fe5bcbc6a87fb41af9ba32e09b0cda) Importer(2089858483,192608db42251d675da83286b1cce702)
Start importing Assets/SimplePoly City - Low Poly Assets/Models/Road T_Intersection_02.fbx using Guid(a6fe5bcbc6a87fb41af9ba32e09b0cda) Importer(2089858483,192608db42251d675da83286b1cce702) (ScriptedImporter) -> (artifact id: '0417de48ee7bb1f3398f6038689c708a') in 0.007996833 seconds
Number of updated asset objects reloaded before import = 0Number of asset objects unloaded after import = 9

========================================================================
Received Import Request.
  Time since last request: 1.540431 seconds.
  path: Assets/SimplePoly City - Low Poly Assets/Textures/Building_Drug Store.png
  artifactKey: Guid(a2ca9c84c117c3e4d9779bfccd3e1b4e) Importer(2089858483,192608db42251d675da83286b1cce702)
Start importing Assets/SimplePoly City - Low Poly Assets/Textures/Building_Drug Store.png using Guid(a2ca9c84c117c3e4d9779bfccd3e1b4e) Importer(2089858483,192608db42251d675da83286b1cce702) (ScriptedImporter) -> (artifact id: '54378febd7f6f8a3e39d63d8d0376167') in 0.005858083 seconds
Number of updated asset objects reloaded before import = 0Number of asset objects unloaded after import = 1

========================================================================
Received Import Request.
  Time since last request: 0.000058 seconds.
  path: Assets/SimplePoly City - Low Poly Assets/Textures/Vehicle_Container_2.png
  artifactKey: Guid(26083320078152146942aeac058c39ad) Importer(2089858483,192608db42251d675da83286b1cce702)
Start importing Assets/SimplePoly City - Low Poly Assets/Textures/Vehicle_Container_2.png using Guid(26083320078152146942aeac058c39ad) Importer(2089858483,192608db42251d675da83286b1cce702) (ScriptedImporter) -> (artifact id: '2832c6a5e679dd1473ed3567bbd31c01') in 0.004752792 seconds
Number of updated asset objects reloaded before import = 0Number of asset objects unloaded after import = 1

========================================================================
Received Import Request.
  Time since last request: 0.000104 seconds.
  path: Assets/SimplePoly City - Low Poly Assets/Textures/Building_Stadium.png
  artifactKey: Guid(96eac2b1cb544804b8e1ddc0c8c7e73e) Importer(2089858483,192608db42251d675da83286b1cce702)
Start importing Assets/SimplePoly City - Low Poly Assets/Textures/Building_Stadium.png using Guid(96eac2b1cb544804b8e1ddc0c8c7e73e) Importer(2089858483,192608db42251d675da83286b1cce702) (ScriptedImporter) -> (artifact id: '6a1108c9961924716a1f90e8f2fb8929') in 0.006485583 seconds
Number of updated asset objects reloaded before import = 0Number of asset objects unloaded after import = 1

========================================================================
Received Import Request.
  Time since last request: 0.000082 seconds.
  path: Assets/assets/nature/bridge_straight.fbx
  artifactKey: Guid(b642e8a1ea31a4c5699483ac2f439d30) Importer(2089858483,192608db42251d675da83286b1cce702)
Start importing Assets/assets/nature/bridge_straight.fbx using Guid(b642e8a1ea31a4c5699483ac2f439d30) Importer(2089858483,192608db42251d675da83286b1cce702) (ScriptedImporter) -> (artifact id: '3dfcdb574a912ec6b6212503dcd642a4') in 0.011002 seconds
Number of updated asset objects reloaded before import = 0Number of asset objects unloaded after import = 9

========================================================================
Received Import Request.
  Time since last request: 0.000058 seconds.
  path: Assets/assets/nature/cactus_short.fbx
  artifactKey: Guid(8fc38935780484aeba164bc9233bcb13) Importer(2089858483,192608db42251d675da83286b1cce702)
Start importing Assets/assets/nature/cactus_short.fbx using Guid(8fc38935780484aeba164bc9233bcb13) Importer(2089858483,192608db42251d675da83286b1cce702) (ScriptedImporter) -> (artifact id: '7aa8af40691de070798b37c4db30a48e') in 0.008502292 seconds
Number of updated asset objects reloaded before import = 0Number of asset objects unloaded after import = 8

========================================================================
Received Import Request.
  Time since last request: 0.000098 seconds.
  path: Assets/SimplePoly City - Low Poly Assets/Textures/Building_House_02_color03.png
  artifactKey: Guid(c8eafda441adc3e46951fc68b9da655a) Importer(2089858483,192608db42251d675da83286b1cce702)
Start importing Assets/SimplePoly City - Low Poly Assets/Textures/Building_House_02_color03.png using Guid(c8eafda441adc3e46951fc68b9da655a) Importer(2089858483,192608db42251d675da83286b1cce702) (ScriptedImporter) -> (artifact id: '208c508c02c8e1c1db4ddbcaa4b3e7cf') in 0.005893708 seconds
Number of updated asset objects reloaded before import = 0Number of asset objects unloaded after import = 1

========================================================================
Received Import Request.
  Time since last request: 0.000056 seconds.
  path: Assets/assets/nature/cliffBrown_blockHalf.fbx
  artifactKey: Guid(f5d96131bd3df444283c2352f368028a) Importer(2089858483,192608db42251d675da83286b1cce702)
Start importing Assets/assets/nature/cliffBrown_blockHalf.fbx using Guid(f5d96131bd3df444283c2352f368028a) Importer(2089858483,192608db42251d675da83286b1cce702) (ScriptedImporter) -> (artifact id: '3327fed5163bcc25805e39024a9fbb79') in 0.008516417 seconds
Number of updated asset objects reloaded before import = 0Number of asset objects unloaded after import = 9

========================================================================
Received Import Request.
  Time since last request: 0.000031 seconds.
  path: Assets/SimplePoly City - Low Poly Assets/Textures/Building_House_03_color01.png
  artifactKey: Guid(22102af343715b9418233bc6460f0a8d) Importer(2089858483,192608db42251d675da83286b1cce702)
Start importing Assets/SimplePoly City - Low Poly Assets/Textures/Building_House_03_color01.png using Guid(22102af343715b9418233bc6460f0a8d) Importer(2089858483,192608db42251d675da83286b1cce702) (ScriptedImporter) -> (artifact id: 'ba7af277b924770c40692cf2b1165fb2') in 0.004836834 seconds
Number of updated asset objects reloaded before import = 0Number of asset objects unloaded after import = 1

========================================================================
Received Import Request.
  Time since last request: 0.000099 seconds.
  path: Assets/SimplePoly City - Low Poly Assets/Textures/Vehicle_Pick up Truck_2.png
  artifactKey: Guid(a120475b7d3ac7543b8092f9fbc3adf4) Importer(2089858483,192608db42251d675da83286b1cce702)
Start importing Assets/SimplePoly City - Low Poly Assets/Textures/Vehicle_Pick up Truck_2.png using Guid(a120475b7d3ac7543b8092f9fbc3adf4) Importer(2089858483,192608db42251d675da83286b1cce702) (ScriptedImporter) -> (artifact id: '07ea3d5edf4034059c6cd892709ffe2f') in 0.005842167 seconds
Number of updated asset objects reloaded before import = 0Number of asset objects unloaded after import = 1

========================================================================
Received Import Request.
  Time since last request: 0.000170 seconds.
  path: Assets/assets/nature/bridge_side_stone.fbx
  artifactKey: Guid(558d85409258a42c78aa0ffbdb24189f) Importer(2089858483,192608db42251d675da83286b1cce702)
Start importing Assets/assets/nature/bridge_side_stone.fbx using Guid(558d85409258a42c78aa0ffbdb24189f) Importer(2089858483,192608db42251d675da83286b1cce702) (ScriptedImporter) -> (artifact id: '0f9157a90d01954c8ac2c01689aa2455') in 0.008009625 seconds
Number of updated asset objects reloaded before import = 0Number of asset objects unloaded after import = 9

========================================================================
Received Import Request.
  Time since last request: 0.000028 seconds.
  path: Assets/assets/nature/campfire_bricks.fbx
  artifactKey: Guid(827a2eab8f96e430db5d0eaed93b7e1c) Importer(2089858483,192608db42251d675da83286b1cce702)
Start importing Assets/assets/nature/campfire_bricks.fbx using Guid(827a2eab8f96e430db5d0eaed93b7e1c) Importer(2089858483,192608db42251d675da83286b1cce702) (ScriptedImporter) -> (artifact id: 'd70cc2cc90fa0b3d2f8b588bfa68ed5f') in 0.007227125 seconds
Number of updated asset objects reloaded before import = 0Number of asset objects unloaded after import = 8

========================================================================
Received Import Request.
  Time since last request: 0.000037 seconds.
  path: Assets/SimplePoly City - Low Poly Assets/Textures/Building_House_02_color02.png
  artifactKey: Guid(9cbdc88e77793ec4ab1d9f074f284bc5) Importer(2089858483,192608db42251d675da83286b1cce702)
Start importing Assets/SimplePoly City - Low Poly Assets/Textures/Building_House_02_color02.png using Guid(9cbdc88e77793ec4ab1d9f074f284bc5) Importer(2089858483,192608db42251d675da83286b1cce702) (ScriptedImporter) -> (artifact id: 'f02094f23e742267acbc63b1f95c30b9') in 0.005540708 seconds
Number of updated asset objects reloaded before import = 0Number of asset objects unloaded after import = 1

========================================================================
Received Import Request.
  Time since last request: 0.000029 seconds.
  path: Assets/assets/nature/cliffBrown_cornerInnerMid.fbx
  artifactKey: Guid(fcf61a204a5b64e5aa19766aa7238eee) Importer(2089858483,192608db42251d675da83286b1cce702)
Start importing Assets/assets/nature/cliffBrown_cornerInnerMid.fbx using Guid(fcf61a204a5b64e5aa19766aa7238eee) Importer(2089858483,192608db42251d675da83286b1cce702) (ScriptedImporter) -> (artifact id: 'b1cc03af194e1133b9e379881d18acb7') in 0.007909417 seconds
Number of updated asset objects reloaded before import = 0Number of asset objects unloaded after import = 8

========================================================================
Received Import Request.
  Time since last request: 0.000035 seconds.
  path: Assets/SimplePoly City - Low Poly Assets/Textures/Building_Residential_color03.png
  artifactKey: Guid(10b9114ae4fb5014c9989aa81e2f168f) Importer(2089858483,192608db42251d675da83286b1cce702)
Start importing Assets/SimplePoly City - Low Poly Assets/Textures/Building_Residential_color03.png using Guid(10b9114ae4fb5014c9989aa81e2f168f) Importer(2089858483,192608db42251d675da83286b1cce702) (ScriptedImporter) -> (artifact id: '23e9b0befb1f86397f155d15357f35b7') in 0.005282625 seconds
Number of updated asset objects reloaded before import = 0Number of asset objects unloaded after import = 1

========================================================================
Received Import Request.
  Time since last request: 0.000122 seconds.
  path: Assets/assets/cars/firetruck.fbx
  artifactKey: Guid(2aaf04044f3064a63b1e2c3c946134c4) Importer(2089858483,192608db42251d675da83286b1cce702)
Start importing Assets/assets/cars/firetruck.fbx using Guid(2aaf04044f3064a63b1e2c3c946134c4) Importer(2089858483,192608db42251d675da83286b1cce702) (ScriptedImporter) -> (artifact id: 'f513a0aa279ae09023f296ee91405ff9') in 0.014539584 seconds
Number of updated asset objects reloaded before import = 0Number of asset objects unloaded after import = 42

========================================================================
Received Import Request.
  Time since last request: 0.000033 seconds.
  path: Assets/assets/nature/cactus_tall 1.fbx
  artifactKey: Guid(8ac07f71694a648e78aeef35bf077451) Importer(2089858483,192608db42251d675da83286b1cce702)
Start importing Assets/assets/nature/cactus_tall 1.fbx using Guid(8ac07f71694a648e78aeef35bf077451) Importer(2089858483,192608db42251d675da83286b1cce702) (ScriptedImporter) -> (artifact id: '8f440e223166048aa95130e245d5f163') in 0.008728208 seconds
Number of updated asset objects reloaded before import = 0Number of asset objects unloaded after import = 8

========================================================================
Received Import Request.
  Time since last request: 0.000029 seconds.
  path: Assets/SimplePoly City - Low Poly Assets/Textures/Props_Props_01.png
  artifactKey: Guid(2e817d01da3930d47b77b96852314d63) Importer(2089858483,192608db42251d675da83286b1cce702)
Start importing Assets/SimplePoly City - Low Poly Assets/Textures/Props_Props_01.png using Guid(2e817d01da3930d47b77b96852314d63) Importer(2089858483,192608db42251d675da83286b1cce702) (ScriptedImporter) -> (artifact id: 'a840f36ebab92d4b42d7e7d325945fa4') in 0.005584666 seconds
Number of updated asset objects reloaded before import = 0Number of asset objects unloaded after import = 1

========================================================================
Received Import Request.
  Time since last request: 0.000029 seconds.
  path: Assets/assets/nature/bamboo.fbx
  artifactKey: Guid(5ccabc5622e8b43268bc44c46ba3090e) Importer(2089858483,192608db42251d675da83286b1cce702)
Start importing Assets/assets/nature/bamboo.fbx using Guid(5ccabc5622e8b43268bc44c46ba3090e) Importer(2089858483,192608db42251d675da83286b1cce702) (ScriptedImporter) -> (artifact id: '7d369eebc01ad23d454b8871b596534a') in 0.007730042 seconds
Number of updated asset objects reloaded before import = 0Number of asset objects unloaded after import = 8

========================================================================
Received Import Request.
  Time since last request: 0.000065 seconds.
  path: Assets/SimplePoly City - Low Poly Assets/Textures/Building_House_03_color02.png
  artifactKey: Guid(676d0d512f2b34a4a8452af3bc34a78f) Importer(2089858483,192608db42251d675da83286b1cce702)
Start importing Assets/SimplePoly City - Low Poly Assets/Textures/Building_House_03_color02.png using Guid(676d0d512f2b34a4a8452af3bc34a78f) Importer(2089858483,192608db42251d675da83286b1cce702) (ScriptedImporter) -> (artifact id: '4e03691b04bea4a0daa57c38abed0143') in 0.005318458 seconds
Number of updated asset objects reloaded before import = 0Number of asset objects unloaded after import = 1

========================================================================
Received Import Request.
  Time since last request: 0.000067 seconds.
  path: Assets/assets/nature/campfireStones_blocks.fbx
  artifactKey: Guid(f79e08f5520fa4ca6870df883ede465a) Importer(2089858483,192608db42251d675da83286b1cce702)
Start importing Assets/assets/nature/campfireStones_blocks.fbx using Guid(f79e08f5520fa4ca6870df883ede465a) Importer(2089858483,192608db42251d675da83286b1cce702) (ScriptedImporter) -> (artifact id: '8acdf011a4e1f8ca08fd03542ddf53ea') in 0.007318875 seconds
Number of updated asset objects reloaded before import = 0Number of asset objects unloaded after import = 8

========================================================================
Received Import Request.
  Time since last request: 0.000113 seconds.
  path: Assets/assets/nature/cliffBrown.fbx
  artifactKey: Guid(b586186905318477ea24b51e5cc741d4) Importer(2089858483,192608db42251d675da83286b1cce702)
Start importing Assets/assets/nature/cliffBrown.fbx using Guid(b586186905318477ea24b51e5cc741d4) Importer(2089858483,192608db42251d675da83286b1cce702) (ScriptedImporter) -> (artifact id: '037b8781b4174caf4bb1fe179399c048') in 0.007440292 seconds
Number of updated asset objects reloaded before import = 0Number of asset objects unloaded after import = 8

========================================================================
Received Import Request.
  Time since last request: 0.000032 seconds.
  path: Assets/assets/nature/cliffBrown_cornerInnerTop.fbx
  artifactKey: Guid(8159640f5663445b28508f32367e92f9) Importer(2089858483,192608db42251d675da83286b1cce702)
Start importing Assets/assets/nature/cliffBrown_cornerInnerTop.fbx using Guid(8159640f5663445b28508f32367e92f9) Importer(2089858483,192608db42251d675da83286b1cce702) (ScriptedImporter) -> (artifact id: '22bf836e21770664c2ce36e9f1646c17') in 0.007875375 seconds
Number of updated asset objects reloaded before import = 0Number of asset objects unloaded after import = 9

========================================================================
Received Import Request.
  Time since last request: 0.000028 seconds.
  path: Assets/SimplePoly City - Low Poly Assets/Textures/Vehicle_Bus_1.png
  artifactKey: Guid(ecaab76e4a44928409e626a300feff17) Importer(2089858483,192608db42251d675da83286b1cce702)
Start importing Assets/SimplePoly City - Low Poly Assets/Textures/Vehicle_Bus_1.png using Guid(ecaab76e4a44928409e626a300feff17) Importer(2089858483,192608db42251d675da83286b1cce702) (ScriptedImporter) -> (artifact id: '79ad83a61a91f47ae0db43750c53780b') in 0.004778667 seconds
Number of updated asset objects reloaded before import = 0Number of asset objects unloaded after import = 1

========================================================================
Received Import Request.
  Time since last request: 0.000040 seconds.
  path: Assets/assets/nature/campfire_large.fbx
  artifactKey: Guid(c8a28e5c0fe5749b4851a7dbacff8381) Importer(2089858483,192608db42251d675da83286b1cce702)
Start importing Assets/assets/nature/campfire_large.fbx using Guid(c8a28e5c0fe5749b4851a7dbacff8381) Importer(2089858483,192608db42251d675da83286b1cce702) (ScriptedImporter) -> (artifact id: 'e9be2e0b31bfe0bef015019667caf446') in 0.007236541 seconds
Number of updated asset objects reloaded before import = 0Number of asset objects unloaded after import = 8

========================================================================
Received Import Request.
  Time since last request: 0.000090 seconds.
  path: Assets/SimplePoly City - Low Poly Assets/Textures/Props_BillBoard_medium.png
  artifactKey: Guid(6072b375808a0114394ccc42008e4d54) Importer(2089858483,192608db42251d675da83286b1cce702)
Start importing Assets/SimplePoly City - Low Poly Assets/Textures/Props_BillBoard_medium.png using Guid(6072b375808a0114394ccc42008e4d54) Importer(2089858483,192608db42251d675da83286b1cce702) (ScriptedImporter) -> (artifact id: '52a298fa7c9930d9173afa6b146e27cb') in 0.005085375 seconds
Number of updated asset objects reloaded before import = 0Number of asset objects unloaded after import = 1

========================================================================
Received Import Request.
  Time since last request: 0.000060 seconds.
  path: Assets/assets/nature/campfireStones_rocks.fbx
  artifactKey: Guid(b392b48ab024647acaa0d6d88d887884) Importer(2089858483,192608db42251d675da83286b1cce702)
Start importing Assets/assets/nature/campfireStones_rocks.fbx using Guid(b392b48ab024647acaa0d6d88d887884) Importer(2089858483,192608db42251d675da83286b1cce702) (ScriptedImporter) -> (artifact id: 'cf94f4e4e47d5037f899dd7136461975') in 0.00811275 seconds
Number of updated asset objects reloaded before import = 0Number of asset objects unloaded after import = 8

========================================================================
Received Import Request.
  Time since last request: 0.000038 seconds.
  path: Assets/assets/cars/truckFlat.fbx
  artifactKey: Guid(2be5a400419d442a2a8acde21bf3a868) Importer(2089858483,192608db42251d675da83286b1cce702)
Start importing Assets/assets/cars/truckFlat.fbx using Guid(2be5a400419d442a2a8acde21bf3a868) Importer(2089858483,192608db42251d675da83286b1cce702) (ScriptedImporter) -> (artifact id: '33a1d42364f057d1c5db2e86acdd5be5') in 0.013536958 seconds
Number of updated asset objects reloaded before import = 0Number of asset objects unloaded after import = 36

========================================================================
Received Import Request.
  Time since last request: 0.000059 seconds.
  path: Assets/assets/cars/truck.fbx
  artifactKey: Guid(83685dcc32f864e46aed334fbdedfcde) Importer(2089858483,192608db42251d675da83286b1cce702)
Start importing Assets/assets/cars/truck.fbx using Guid(83685dcc32f864e46aed334fbdedfcde) Importer(2089858483,192608db42251d675da83286b1cce702) (ScriptedImporter) -> (artifact id: 'abf9ebc75fd161f7a51a596110afeda2') in 0.013987792 seconds
Number of updated asset objects reloaded before import = 0Number of asset objects unloaded after import = 37

========================================================================
Received Import Request.
  Time since last request: 0.000029 seconds.
  path: Assets/assets/nature/bed.fbx
  artifactKey: Guid(5031883b4be88444da75538571743437) Importer(2089858483,192608db42251d675da83286b1cce702)
Start importing Assets/assets/nature/bed.fbx using Guid(5031883b4be88444da75538571743437) Importer(2089858483,192608db42251d675da83286b1cce702) (ScriptedImporter) -> (artifact id: '329cbc71c172a8dbe32794b7c0706e79') in 0.009256709 seconds
Number of updated asset objects reloaded before import = 0Number of asset objects unloaded after import = 10

========================================================================
Received Import Request.
  Time since last request: 0.000035 seconds.
  path: Assets/SimplePoly City - Low Poly Assets/Textures/Building_Pizza.png
  artifactKey: Guid(0cf2b5e2d8e8aba41b18787cd9399b4b) Importer(2089858483,192608db42251d675da83286b1cce702)
Start importing Assets/SimplePoly City - Low Poly Assets/Textures/Building_Pizza.png using Guid(0cf2b5e2d8e8aba41b18787cd9399b4b) Importer(2089858483,192608db42251d675da83286b1cce702) (ScriptedImporter) -> (artifact id: '54865e6fe91c756e669ac3423847a514') in 0.004997083 seconds
Number of updated asset objects reloaded before import = 0Number of asset objects unloaded after import = 1

========================================================================
Received Import Request.
  Time since last request: 0.000096 seconds.
  path: Assets/assets/cars/tractorShovel.fbx
  artifactKey: Guid(2f08228c23a0b44e29ef306d2111097d) Importer(2089858483,192608db42251d675da83286b1cce702)
Start importing Assets/assets/cars/tractorShovel.fbx using Guid(2f08228c23a0b44e29ef306d2111097d) Importer(2089858483,192608db42251d675da83286b1cce702) (ScriptedImporter) -> (artifact id: 'b6201c3116b37d609401cb249b4eedd5') in 0.013999417 seconds
Number of updated asset objects reloaded before import = 0Number of asset objects unloaded after import = 45

========================================================================
Received Import Request.
  Time since last request: 0.000035 seconds.
  path: Assets/assets/cars/raceFuture.fbx
  artifactKey: Guid(e16a8a1cd665e4a96bd5c42d02749348) Importer(2089858483,192608db42251d675da83286b1cce702)
Start importing Assets/assets/cars/raceFuture.fbx using Guid(e16a8a1cd665e4a96bd5c42d02749348) Importer(2089858483,192608db42251d675da83286b1cce702) (ScriptedImporter) -> (artifact id: 'c20e54cfb19ab0756111d599d1787b9f') in 0.013159792 seconds
Number of updated asset objects reloaded before import = 0Number of asset objects unloaded after import = 35

========================================================================
Received Import Request.
  Time since last request: 0.000030 seconds.
  path: Assets/assets/nature/bridge_center_woodRound.fbx
  artifactKey: Guid(603db9d6154d84e6395f8ddfe7c0d904) Importer(2089858483,192608db42251d675da83286b1cce702)
Start importing Assets/assets/nature/bridge_center_woodRound.fbx using Guid(603db9d6154d84e6395f8ddfe7c0d904) Importer(2089858483,192608db42251d675da83286b1cce702) (ScriptedImporter) -> (artifact id: '4af9c58051c4d74c6122c4cdf1ca978d') in 0.009949625 seconds
Number of updated asset objects reloaded before import = 0Number of asset objects unloaded after import = 11

========================================================================
Received Import Request.
  Time since last request: 0.000087 seconds.
  path: Assets/assets/nature/cliffGrey_blockQuarter.fbx
  artifactKey: Guid(1d533e90eea1240d8a859997e3ec7a7d) Importer(2089858483,192608db42251d675da83286b1cce702)
Start importing Assets/assets/nature/cliffGrey_blockQuarter.fbx using Guid(1d533e90eea1240d8a859997e3ec7a7d) Importer(2089858483,192608db42251d675da83286b1cce702) (ScriptedImporter) -> (artifact id: 'def17923d78bb2d9e8baf8e31048465c') in 0.008280708 seconds
Number of updated asset objects reloaded before import = 0Number of asset objects unloaded after import = 9

========================================================================
Received Import Request.
  Time since last request: 0.000044 seconds.
  path: Assets/SimplePoly City - Low Poly Assets/Textures/Vehicle_Car_3.png
  artifactKey: Guid(784073a23c23d054e9378970d2771d69) Importer(2089858483,192608db42251d675da83286b1cce702)
Start importing Assets/SimplePoly City - Low Poly Assets/Textures/Vehicle_Car_3.png using Guid(784073a23c23d054e9378970d2771d69) Importer(2089858483,192608db42251d675da83286b1cce702) (ScriptedImporter) -> (artifact id: '525f94f722e70f577779e7b5f3488b67') in 0.00531075 seconds
Number of updated asset objects reloaded before import = 0Number of asset objects unloaded after import = 1

========================================================================
Received Import Request.
  Time since last request: 0.000042 seconds.
  path: Assets/assets/nature/cactus_tall.fbx
  artifactKey: Guid(8c4ad7a4952ab4c71aa8d4b7d93d7b69) Importer(2089858483,192608db42251d675da83286b1cce702)
Start importing Assets/assets/nature/cactus_tall.fbx using Guid(8c4ad7a4952ab4c71aa8d4b7d93d7b69) Importer(2089858483,192608db42251d675da83286b1cce702) (ScriptedImporter) -> (artifact id: '037801ee51c1c27441923148f9c79dbc') in 0.007533542 seconds
Number of updated asset objects reloaded before import = 0Number of asset objects unloaded after import = 8

========================================================================
Received Import Request.
  Time since last request: 0.000139 seconds.
  path: Assets/SimplePoly City - Low Poly Assets/Textures/Building_House_01_color03.png
  artifactKey: Guid(08441d6894e45b14ca36aee71ac5ba19) Importer(2089858483,192608db42251d675da83286b1cce702)
Start importing Assets/SimplePoly City - Low Poly Assets/Textures/Building_House_01_color03.png using Guid(08441d6894e45b14ca36aee71ac5ba19) Importer(2089858483,192608db42251d675da83286b1cce702) (ScriptedImporter) -> (artifact id: '4ed5dcdb2a6c5187af246085a2ea3f95') in 0.0083905 seconds
Number of updated asset objects reloaded before import = 0Number of asset objects unloaded after import = 1

========================================================================
Received Import Request.
  Time since last request: 0.000069 seconds.
  path: Assets/SimplePoly City - Low Poly Assets/Textures/Props_BillBoard_large.png
  artifactKey: Guid(28abf4ed6741ed84c9b83df6cecde508) Importer(2089858483,192608db42251d675da83286b1cce702)
Start importing Assets/SimplePoly City - Low Poly Assets/Textures/Props_BillBoard_large.png using Guid(28abf4ed6741ed84c9b83df6cecde508) Importer(2089858483,192608db42251d675da83286b1cce702) (ScriptedImporter) -> (artifact id: '142c025f33803437bce67d43b6c73f85') in 0.006194 seconds
Number of updated asset objects reloaded before import = 0Number of asset objects unloaded after import = 1

========================================================================
Received Import Request.
  Time since last request: 1.404838 seconds.
  path: Assets/assets/nature/cliffGrey_entrance.fbx
  artifactKey: Guid(66fd9fc94a80a4ed8b61a5143289ffdb) Importer(2089858483,192608db42251d675da83286b1cce702)
Start importing Assets/assets/nature/cliffGrey_entrance.fbx using Guid(66fd9fc94a80a4ed8b61a5143289ffdb) Importer(2089858483,192608db42251d675da83286b1cce702) (ScriptedImporter) -> (artifact id: 'd2f3801d3a68c43e0504c0c6ab370430') in 0.007562875 seconds
Number of updated asset objects reloaded before import = 0Number of asset objects unloaded after import = 8

========================================================================
Received Import Request.
  Time since last request: 0.000085 seconds.
  path: Assets/POLYGON city pack/Materials/Material_meshs/ATM.mat
  artifactKey: Guid(bebb1324c06709a45a60fa4db2eb003b) Importer(2089858483,192608db42251d675da83286b1cce702)
Start importing Assets/POLYGON city pack/Materials/Material_meshs/ATM.mat using Guid(bebb1324c06709a45a60fa4db2eb003b) Importer(2089858483,192608db42251d675da83286b1cce702) (ScriptedImporter) -> (artifact id: 'bbad7dd87e26fcc63f7167dfb0394f86') in 0.003006334 seconds
Number of updated asset objects reloaded before import = 0Number of asset objects unloaded after import = 2

========================================================================
Received Import Request.
  Time since last request: 0.000084 seconds.
  path: Assets/assets/nature/cliffGrey_halfCornerInner.fbx
  artifactKey: Guid(c4669f040f18b4063a1be4c7471851db) Importer(2089858483,192608db42251d675da83286b1cce702)
Start importing Assets/assets/nature/cliffGrey_halfCornerInner.fbx using Guid(c4669f040f18b4063a1be4c7471851db) Importer(2089858483,192608db42251d675da83286b1cce702) (ScriptedImporter) -> (artifact id: '7b3949e66d1b9eb3e1471cec95fb2081') in 0.010150959 seconds
Number of updated asset objects reloaded before import = 0Number of asset objects unloaded after import = 9

========================================================================
Received Import Request.
  Time since last request: 0.000039 seconds.
  path: Assets/assets/nature/fence_corner.fbx
  artifactKey: Guid(9fccc86718c0a48d0a7453e6563d2a5b) Importer(2089858483,192608db42251d675da83286b1cce702)
Start importing Assets/assets/nature/fence_corner.fbx using Guid(9fccc86718c0a48d0a7453e6563d2a5b) Importer(2089858483,192608db42251d675da83286b1cce702) (ScriptedImporter) -> (artifact id: '20bfc2cfe9101d64f0fc5a34d56f4121') in 0.006891708 seconds
Number of updated asset objects reloaded before import = 0Number of asset objects unloaded after import = 8

========================================================================
Received Import Request.
  Time since last request: 0.000101 seconds.
  path: Assets/assets/nature/fence_cornerRound.fbx
  artifactKey: Guid(dcda658bda61e4a7d9856467c3ff35c8) Importer(2089858483,192608db42251d675da83286b1cce702)
Start importing Assets/assets/nature/fence_cornerRound.fbx using Guid(dcda658bda61e4a7d9856467c3ff35c8) Importer(2089858483,192608db42251d675da83286b1cce702) (ScriptedImporter) -> (artifact id: '5f3c1e7355db9ad7c210f4a7a2171288') in 0.007998917 seconds
Number of updated asset objects reloaded before import = 0Number of asset objects unloaded after import = 8

========================================================================
Received Import Request.
  Time since last request: 0.000022 seconds.
  path: Assets/POLYGON city pack/Materials/Colors_buildings/I1.mat
  artifactKey: Guid(09bb7389d12b7fe4cb01b4d2afb6b0a7) Importer(2089858483,192608db42251d675da83286b1cce702)
Start importing Assets/POLYGON city pack/Materials/Colors_buildings/I1.mat using Guid(09bb7389d12b7fe4cb01b4d2afb6b0a7) Importer(2089858483,192608db42251d675da83286b1cce702) (ScriptedImporter) -> (artifact id: '63ced3ee8c0a7d19cde6275e56252340') in 0.001924833 seconds
Number of updated asset objects reloaded before import = 0Number of asset objects unloaded after import = 1

========================================================================
Received Import Request.
  Time since last request: 0.000081 seconds.
  path: Assets/POLYGON city pack/Materials/Material_meshs/Sign_speed_ 70.mat
  artifactKey: Guid(d22294ef304578243b15ec1189c98625) Importer(2089858483,192608db42251d675da83286b1cce702)
Start importing Assets/POLYGON city pack/Materials/Material_meshs/Sign_speed_ 70.mat using Guid(d22294ef304578243b15ec1189c98625) Importer(2089858483,192608db42251d675da83286b1cce702) (ScriptedImporter) -> (artifact id: '4b525ec96cc4cf4de933c4743e0b0c9d') in 0.003093417 seconds
Number of updated asset objects reloaded before import = 0Number of asset objects unloaded after import = 2

========================================================================
Received Import Request.
  Time since last request: 0.000080 seconds.
  path: Assets/POLYGON city pack/Materials/Colors_buildings/k5.mat
  artifactKey: Guid(e495abf6588a1b944a3620fd1fee2b07) Importer(2089858483,192608db42251d675da83286b1cce702)
Start importing Assets/POLYGON city pack/Materials/Colors_buildings/k5.mat using Guid(e495abf6588a1b944a3620fd1fee2b07) Importer(2089858483,192608db42251d675da83286b1cce702) (ScriptedImporter) -> (artifact id: 'eb8dbb050b4543e0d0b187a1ee352f8b') in 0.002048 seconds
Number of updated asset objects reloaded before import = 0Number of asset objects unloaded after import = 1

========================================================================
Received Import Request.
  Time since last request: 0.000114 seconds.
  path: Assets/POLYGON city pack/Materials/Material_meshs/Sign_slow.mat
  artifactKey: Guid(375db1c03c0a2594185895a66be6ce0a) Importer(2089858483,192608db42251d675da83286b1cce702)
Start importing Assets/POLYGON city pack/Materials/Material_meshs/Sign_slow.mat using Guid(375db1c03c0a2594185895a66be6ce0a) Importer(2089858483,192608db42251d675da83286b1cce702) (ScriptedImporter) -> (artifact id: '387d21dca32fa61a4ada5c1250517ccc') in 0.004574542 seconds
Number of updated asset objects reloaded before import = 0Number of asset objects unloaded after import = 2

========================================================================
Received Import Request.
  Time since last request: 0.000050 seconds.
  path: Assets/POLYGON city pack/Materials/Colors_buildings/B1.mat
  artifactKey: Guid(b1aa805cd8c03914ea529c0d11595111) Importer(2089858483,192608db42251d675da83286b1cce702)
Start importing Assets/POLYGON city pack/Materials/Colors_buildings/B1.mat using Guid(b1aa805cd8c03914ea529c0d11595111) Importer(2089858483,192608db42251d675da83286b1cce702) (ScriptedImporter) -> (artifact id: '300b019bffb2d21659ab058bd8ed5bea') in 0.001934292 seconds
Number of updated asset objects reloaded before import = 0Number of asset objects unloaded after import = 1

========================================================================
Received Import Request.
  Time since last request: 0.000075 seconds.
  path: Assets/POLYGON city pack/Materials/Material_meshs/Car repair.mat
  artifactKey: Guid(f7bec3d21e11e6d498c9dc54bb4f2d9d) Importer(2089858483,192608db42251d675da83286b1cce702)
Start importing Assets/POLYGON city pack/Materials/Material_meshs/Car repair.mat using Guid(f7bec3d21e11e6d498c9dc54bb4f2d9d) Importer(2089858483,192608db42251d675da83286b1cce702) (ScriptedImporter) -> (artifact id: '2222c287a6b9d9da42f1e67078656d5f') in 0.003354708 seconds
Number of updated asset objects reloaded before import = 0Number of asset objects unloaded after import = 2

========================================================================
Received Import Request.
  Time since last request: 0.000028 seconds.
  path: Assets/assets/nature/cliff_cornerInnerTop_rock.fbx
  artifactKey: Guid(1feab9aa6227647c4be1f7fab1b4611b) Importer(2089858483,192608db42251d675da83286b1cce702)
Start importing Assets/assets/nature/cliff_cornerInnerTop_rock.fbx using Guid(1feab9aa6227647c4be1f7fab1b4611b) Importer(2089858483,192608db42251d675da83286b1cce702) (ScriptedImporter) -> (artifact id: 'bdc9c6e31ac2df9694c5d0d7a0bfe5be') in 0.007932542 seconds
Number of updated asset objects reloaded before import = 0Number of asset objects unloaded after import = 9

========================================================================
Received Import Request.
  Time since last request: 0.000037 seconds.
  path: Assets/POLYGON city pack/Materials/Material_meshs/Big_trash_bin.mat
  artifactKey: Guid(b6e4dbecc938a2948b3839b7d1409514) Importer(2089858483,192608db42251d675da83286b1cce702)
Start importing Assets/POLYGON city pack/Materials/Material_meshs/Big_trash_bin.mat using Guid(b6e4dbecc938a2948b3839b7d1409514) Importer(2089858483,192608db42251d675da83286b1cce702) (ScriptedImporter) -> (artifact id: 'edc059cf00efc6d37666c44819e9f8e4') in 0.002901083 seconds
Number of updated asset objects reloaded before import = 0Number of asset objects unloaded after import = 2

========================================================================
Received Import Request.
  Time since last request: 0.000052 seconds.
  path: Assets/POLYGON city pack/Materials/Material_meshs/Bin.mat
  artifactKey: Guid(9bb4d7fbe560c91439bebb486de821e9) Importer(2089858483,192608db42251d675da83286b1cce702)
Start importing Assets/POLYGON city pack/Materials/Material_meshs/Bin.mat using Guid(9bb4d7fbe560c91439bebb486de821e9) Importer(2089858483,192608db42251d675da83286b1cce702) (ScriptedImporter) -> (artifact id: '19b5fb5f0f464d55c895683ab19c5833') in 0.002452084 seconds
Number of updated asset objects reloaded before import = 0Number of asset objects unloaded after import = 2

========================================================================
Received Import Request.
  Time since last request: 0.000074 seconds.
  path: Assets/POLYGON city pack/Materials/Material_meshs/Dynamic_power_pole_cable.mat
  artifactKey: Guid(b4d33c7475d01404aa68494ec4c9f00b) Importer(2089858483,192608db42251d675da83286b1cce702)
Start importing Assets/POLYGON city pack/Materials/Material_meshs/Dynamic_power_pole_cable.mat using Guid(b4d33c7475d01404aa68494ec4c9f00b) Importer(2089858483,192608db42251d675da83286b1cce702) (ScriptedImporter) -> (artifact id: '088fd84c70a0034d90b24922d88e88ef') in 0.002898375 seconds
Number of updated asset objects reloaded before import = 0Number of asset objects unloaded after import = 2

========================================================================
Received Import Request.
  Time since last request: 0.000073 seconds.
  path: Assets/POLYGON city pack/Materials/Colors_buildings/G2.mat
  artifactKey: Guid(8a92d92c33dbd87489558551e9ce75ce) Importer(2089858483,192608db42251d675da83286b1cce702)
Start importing Assets/POLYGON city pack/Materials/Colors_buildings/G2.mat using Guid(8a92d92c33dbd87489558551e9ce75ce) Importer(2089858483,192608db42251d675da83286b1cce702) (ScriptedImporter) -> (artifact id: '8888ba43c5f1b730d1148999e579abc5') in 0.002103167 seconds
Number of updated asset objects reloaded before import = 0Number of asset objects unloaded after import = 1

========================================================================
Received Import Request.
  Time since last request: 0.000091 seconds.
  path: Assets/POLYGON city pack/Materials/Colors_buildings/B2.mat
  artifactKey: Guid(792fa418de0281e4bab622f9a60c88b2) Importer(2089858483,192608db42251d675da83286b1cce702)
Start importing Assets/POLYGON city pack/Materials/Colors_buildings/B2.mat using Guid(792fa418de0281e4bab622f9a60c88b2) Importer(2089858483,192608db42251d675da83286b1cce702) (ScriptedImporter) -> (artifact id: '48562a077fd60635b8e1531054b9239b') in 0.001857167 seconds
Number of updated asset objects reloaded before import = 0Number of asset objects unloaded after import = 1

========================================================================
Received Import Request.
  Time since last request: 0.000065 seconds.
  path: Assets/POLYGON city pack/Materials/Colors_buildings/K9.mat
  artifactKey: Guid(8d368d2c617522b4f8385162f26cacfa) Importer(2089858483,192608db42251d675da83286b1cce702)
Start importing Assets/POLYGON city pack/Materials/Colors_buildings/K9.mat using Guid(8d368d2c617522b4f8385162f26cacfa) Importer(2089858483,192608db42251d675da83286b1cce702) (ScriptedImporter) -> (artifact id: 'b23fd1d91b22e5716ceca58b39ce6d62') in 0.002343125 seconds
Number of updated asset objects reloaded before import = 0Number of asset objects unloaded after import = 1

========================================================================
Received Import Request.
  Time since last request: 0.000081 seconds.
  path: Assets/assets/nature/fence_cornerRoundStrong.fbx
  artifactKey: Guid(e103d19624c9d47aeb156f011cd9c28f) Importer(2089858483,192608db42251d675da83286b1cce702)
Start importing Assets/assets/nature/fence_cornerRoundStrong.fbx using Guid(e103d19624c9d47aeb156f011cd9c28f) Importer(2089858483,192608db42251d675da83286b1cce702) (ScriptedImporter) -> (artifact id: '75f588ec2381ded36128190227de657c') in 0.006464166 seconds
Number of updated asset objects reloaded before import = 0Number of asset objects unloaded after import = 8

========================================================================
Received Import Request.
  Time since last request: 0.000035 seconds.
  path: Assets/POLYGON city pack/Materials/Material_meshs/Hotdog.mat
  artifactKey: Guid(bd9bec7cf2974734483242b0897728e0) Importer(2089858483,192608db42251d675da83286b1cce702)
Start importing Assets/POLYGON city pack/Materials/Material_meshs/Hotdog.mat using Guid(bd9bec7cf2974734483242b0897728e0) Importer(2089858483,192608db42251d675da83286b1cce702) (ScriptedImporter) -> (artifact id: '68ea9cd41db97e897ea81466e4cef6a8') in 0.002915584 seconds
Number of updated asset objects reloaded before import = 0Number of asset objects unloaded after import = 2

========================================================================
Received Import Request.
  Time since last request: 0.000049 seconds.
  path: Assets/POLYGON city pack/Materials/Material_meshs/Mail_box.mat
  artifactKey: Guid(544852be24715f24894730d110ba2a8f) Importer(2089858483,192608db42251d675da83286b1cce702)
Start importing Assets/POLYGON city pack/Materials/Material_meshs/Mail_box.mat using Guid(544852be24715f24894730d110ba2a8f) Importer(2089858483,192608db42251d675da83286b1cce702) (ScriptedImporter) -> (artifact id: '53f49ec4278ce5b5968a67c7fd08dc40') in 0.002255084 seconds
Number of updated asset objects reloaded before import = 0Number of asset objects unloaded after import = 2

========================================================================
Received Import Request.
  Time since last request: 0.000067 seconds.
  path: Assets/POLYGON city pack/Materials/Material_meshs/Sign_stop.mat
  artifactKey: Guid(1b7ac0ad5309d3c4e9738cd5ee1977d4) Importer(2089858483,192608db42251d675da83286b1cce702)
Start importing Assets/POLYGON city pack/Materials/Material_meshs/Sign_stop.mat using Guid(1b7ac0ad5309d3c4e9738cd5ee1977d4) Importer(2089858483,192608db42251d675da83286b1cce702) (ScriptedImporter) -> (artifact id: 'a73791e05cff6cc407cc426f1c59980e') in 0.002188584 seconds
Number of updated asset objects reloaded before import = 0Number of asset objects unloaded after import = 2

========================================================================
Received Import Request.
  Time since last request: 0.000068 seconds.
  path: Assets/assets/nature/cliff_blockSlopeWalls_rock.fbx
  artifactKey: Guid(dc7b03b85d55d46e384ee359451db42a) Importer(2089858483,192608db42251d675da83286b1cce702)
Start importing Assets/assets/nature/cliff_blockSlopeWalls_rock.fbx using Guid(dc7b03b85d55d46e384ee359451db42a) Importer(2089858483,192608db42251d675da83286b1cce702) (ScriptedImporter) -> (artifact id: '76620e1b025c822e0a292ff66a603a79') in 0.007472125 seconds
Number of updated asset objects reloaded before import = 0Number of asset objects unloaded after import = 9

========================================================================
Received Import Request.
  Time since last request: 0.000041 seconds.
  path: Assets/assets/nature/cliffGrey_stepsCornerInner.fbx
  artifactKey: Guid(fc9d40f2de0544f438d89b613100026d) Importer(2089858483,192608db42251d675da83286b1cce702)
Start importing Assets/assets/nature/cliffGrey_stepsCornerInner.fbx using Guid(fc9d40f2de0544f438d89b613100026d) Importer(2089858483,192608db42251d675da83286b1cce702) (ScriptedImporter) -> (artifact id: 'f513d822e0e449c6b0ad2b542b991734') in 0.008734666 seconds
Number of updated asset objects reloaded before import = 0Number of asset objects unloaded after import = 9

========================================================================
Received Import Request.
  Time since last request: 0.000042 seconds.
  path: Assets/POLYGON city pack/Materials/Colors_buildings/H2.mat
  artifactKey: Guid(6f227c8592ad80a41be32efd278da65a) Importer(2089858483,192608db42251d675da83286b1cce702)
Start importing Assets/POLYGON city pack/Materials/Colors_buildings/H2.mat using Guid(6f227c8592ad80a41be32efd278da65a) Importer(2089858483,192608db42251d675da83286b1cce702) (ScriptedImporter) -> (artifact id: '4ef842cc494d22f456316494719f7600') in 0.002000875 seconds
Number of updated asset objects reloaded before import = 0Number of asset objects unloaded after import = 1

========================================================================
Received Import Request.
  Time since last request: 0.000055 seconds.
  path: Assets/POLYGON city pack/Materials/Colors_buildings/I3.mat
  artifactKey: Guid(ce22e4b8667c6c4498256004a51def48) Importer(2089858483,192608db42251d675da83286b1cce702)
Start importing Assets/POLYGON city pack/Materials/Colors_buildings/I3.mat using Guid(ce22e4b8667c6c4498256004a51def48) Importer(2089858483,192608db42251d675da83286b1cce702) (ScriptedImporter) -> (artifact id: 'ea7ff24cb796345270b6c65c4e7524ba') in 0.014027958 seconds
Number of updated asset objects reloaded before import = 0Number of asset objects unloaded after import = 1

========================================================================
Received Import Request.
  Time since last request: 0.000072 seconds.
  path: Assets/POLYGON city pack/Materials/Material_meshs/Burger.mat
  artifactKey: Guid(33a67e35c77a3cf40a53db27268cc44e) Importer(2089858483,192608db42251d675da83286b1cce702)
Start importing Assets/POLYGON city pack/Materials/Material_meshs/Burger.mat using Guid(33a67e35c77a3cf40a53db27268cc44e) Importer(2089858483,192608db42251d675da83286b1cce702) (ScriptedImporter) -> (artifact id: '3080b90ce6b519abc2852409e22bf396') in 0.006599709 seconds
Number of updated asset objects reloaded before import = 0Number of asset objects unloaded after import = 2

========================================================================
Received Import Request.
  Time since last request: 0.000039 seconds.
  path: Assets/POLYGON city pack/Materials/Colors_buildings/E2.mat
  artifactKey: Guid(04ea80a7b7a8f25419eec6649973eba0) Importer(2089858483,192608db42251d675da83286b1cce702)
Start importing Assets/POLYGON city pack/Materials/Colors_buildings/E2.mat using Guid(04ea80a7b7a8f25419eec6649973eba0) Importer(2089858483,192608db42251d675da83286b1cce702) (ScriptedImporter) -> (artifact id: 'bb1535af274629265789b848ff10824c') in 0.0087485 seconds
Number of updated asset objects reloaded before import = 0Number of asset objects unloaded after import = 1

========================================================================
Received Import Request.
  Time since last request: 0.000052 seconds.
  path: Assets/assets/nature/cliffGrey_stepsEnd.fbx
  artifactKey: Guid(2f1f8743db55f491db381d88b6982914) Importer(2089858483,192608db42251d675da83286b1cce702)
Start importing Assets/assets/nature/cliffGrey_stepsEnd.fbx using Guid(2f1f8743db55f491db381d88b6982914) Importer(2089858483,192608db42251d675da83286b1cce702) (ScriptedImporter) -> (artifact id: '18701facdf2dc82e2e9b12b0c01659a0') in 0.007941542 seconds
Number of updated asset objects reloaded before import = 0Number of asset objects unloaded after import = 9

========================================================================
Received Import Request.
  Time since last request: 0.000038 seconds.
  path: Assets/POLYGON city pack/Materials/Material_meshs/Glass.mat
  artifactKey: Guid(28048d114c6803248a3c46e2207e3b69) Importer(2089858483,192608db42251d675da83286b1cce702)
Start importing Assets/POLYGON city pack/Materials/Material_meshs/Glass.mat using Guid(28048d114c6803248a3c46e2207e3b69) Importer(2089858483,192608db42251d675da83286b1cce702) (ScriptedImporter) -> (artifact id: 'd5d40d3a3c5af39d9858c79d94f507c0') in 0.045256583 seconds
Number of updated asset objects reloaded before import = 0Number of asset objects unloaded after import = 1

========================================================================
Received Import Request.
  Time since last request: 0.000072 seconds.
  path: Assets/POLYGON city pack/Materials/Material_meshs/air conditioner wall.mat
  artifactKey: Guid(cb6d4b2eccab7624ea771ecdd72639d5) Importer(2089858483,192608db42251d675da83286b1cce702)
Start importing Assets/POLYGON city pack/Materials/Material_meshs/air conditioner wall.mat using Guid(cb6d4b2eccab7624ea771ecdd72639d5) Importer(2089858483,192608db42251d675da83286b1cce702) (ScriptedImporter) -> (artifact id: 'daea27942c7bf1e58c35ec5d32c3ba31') in 0.002900083 seconds
Number of updated asset objects reloaded before import = 0Number of asset objects unloaded after import = 2

========================================================================
Received Import Request.
  Time since last request: 0.000080 seconds.
  path: Assets/POLYGON city pack/Materials/Colors_buildings/C3.mat
  artifactKey: Guid(91155d9f14bc7c24885accb7c3b9025f) Importer(2089858483,192608db42251d675da83286b1cce702)
Start importing Assets/POLYGON city pack/Materials/Colors_buildings/C3.mat using Guid(91155d9f14bc7c24885accb7c3b9025f) Importer(2089858483,192608db42251d675da83286b1cce702) (ScriptedImporter) -> (artifact id: '215bfdd90b755f71f87237b97b0addb7') in 0.002062958 seconds
Number of updated asset objects reloaded before import = 0Number of asset objects unloaded after import = 1

========================================================================
Received Import Request.
  Time since last request: 0.000309 seconds.
  path: Assets/assets/nature/cliff_block_stone.fbx
  artifactKey: Guid(c065c21c77dbf4c60aa8ae8a29bcc30c) Importer(2089858483,192608db42251d675da83286b1cce702)
Start importing Assets/assets/nature/cliff_block_stone.fbx using Guid(c065c21c77dbf4c60aa8ae8a29bcc30c) Importer(2089858483,192608db42251d675da83286b1cce702) (ScriptedImporter) -> (artifact id: '26354c0a2b8bcf15cf4b2d9e60f4f888') in 0.007770291 seconds
Number of updated asset objects reloaded before import = 0Number of asset objects unloaded after import = 9

========================================================================
Received Import Request.
  Time since last request: 0.000061 seconds.
  path: Assets/assets/nature/cliff_cave_rock.fbx
  artifactKey: Guid(038cd55833568462eb8903ccc829ea48) Importer(2089858483,192608db42251d675da83286b1cce702)
Start importing Assets/assets/nature/cliff_cave_rock.fbx using Guid(038cd55833568462eb8903ccc829ea48) Importer(2089858483,192608db42251d675da83286b1cce702) (ScriptedImporter) -> (artifact id: 'a0e97c7be180a443763bc2c481cc563d') in 0.007088292 seconds
Number of updated asset objects reloaded before import = 0Number of asset objects unloaded after import = 8

========================================================================
Received Import Request.
  Time since last request: 1.481447 seconds.
  path: Assets/POLYGON city pack/Materials/Material_meshs/dirt walkWay.mat
  artifactKey: Guid(a6eaccbb2fcd42a44ae956659d71890a) Importer(2089858483,192608db42251d675da83286b1cce702)
Start importing Assets/POLYGON city pack/Materials/Material_meshs/dirt walkWay.mat using Guid(a6eaccbb2fcd42a44ae956659d71890a) Importer(2089858483,192608db42251d675da83286b1cce702) (ScriptedImporter) -> (artifact id: '1aacd7429199c9a9e3f2ca63e82804a8') in 0.009973042 seconds
Number of updated asset objects reloaded before import = 0Number of asset objects unloaded after import = 2

========================================================================
Received Import Request.
  Time since last request: 0.000053 seconds.
  path: Assets/POLYGON city pack/Materials/traffic light/Green.mat
  artifactKey: Guid(749169b54d08d824e828e6b055ae52d9) Importer(2089858483,192608db42251d675da83286b1cce702)
Start importing Assets/POLYGON city pack/Materials/traffic light/Green.mat using Guid(749169b54d08d824e828e6b055ae52d9) Importer(2089858483,192608db42251d675da83286b1cce702) (ScriptedImporter) -> (artifact id: 'f79ab32b3d979fa7a48c0275bf3900be') in 0.004869875 seconds
Number of updated asset objects reloaded before import = 0Number of asset objects unloaded after import = 1

========================================================================
Received Import Request.
  Time since last request: 0.000117 seconds.
  path: Assets/POLYGON city pack/Meshes,textures/props_FBX/Mailbox-texture.png
  artifactKey: Guid(a29b9777d0414154886bb0f3c7de7bbd) Importer(2089858483,192608db42251d675da83286b1cce702)
Start importing Assets/POLYGON city pack/Meshes,textures/props_FBX/Mailbox-texture.png using Guid(a29b9777d0414154886bb0f3c7de7bbd) Importer(2089858483,192608db42251d675da83286b1cce702) (ScriptedImporter) -> (artifact id: '53d34a39f7130435866011740921eab3') in 0.006905208 seconds
Number of updated asset objects reloaded before import = 0Number of asset objects unloaded after import = 1

========================================================================
Received Import Request.
  Time since last request: 0.000067 seconds.
  path: Assets/POLYGON city pack/Meshes,textures/props_FBX/BurgerSho_Sign.fbx
  artifactKey: Guid(d616995adade3b44e859e01e16febbd4) Importer(2089858483,192608db42251d675da83286b1cce702)
Start importing Assets/POLYGON city pack/Meshes,textures/props_FBX/BurgerSho_Sign.fbx using Guid(d616995adade3b44e859e01e16febbd4) Importer(2089858483,192608db42251d675da83286b1cce702) (ScriptedImporter) -> (artifact id: '05267bedcdefd151b63711efb90c2064') in 0.011061042 seconds
Number of updated asset objects reloaded before import = 0Number of asset objects unloaded after import = 8

========================================================================
Received Import Request.
  Time since last request: 0.000039 seconds.
  path: Assets/POLYGON city pack/Materials/Material_meshs/street 19.mat
  artifactKey: Guid(f8c0e9b4d11bff14da607053f5012175) Importer(2089858483,192608db42251d675da83286b1cce702)
Start importing Assets/POLYGON city pack/Materials/Material_meshs/street 19.mat using Guid(f8c0e9b4d11bff14da607053f5012175) Importer(2089858483,192608db42251d675da83286b1cce702) (ScriptedImporter) -> (artifact id: 'c1a36ea429e0799902193926df829733') in 0.003364292 seconds
Number of updated asset objects reloaded before import = 0Number of asset objects unloaded after import = 2

========================================================================
Received Import Request.
  Time since last request: 0.000056 seconds.
  path: Assets/POLYGON city pack/Meshes,textures/props_FBX/StoneStreet.fbx
  artifactKey: Guid(5c4528ddaa8635047b3adcd62e70ac12) Importer(2089858483,192608db42251d675da83286b1cce702)
Start importing Assets/POLYGON city pack/Meshes,textures/props_FBX/StoneStreet.fbx using Guid(5c4528ddaa8635047b3adcd62e70ac12) Importer(2089858483,192608db42251d675da83286b1cce702) (ScriptedImporter) -> (artifact id: '305d0401f8cef37cdffe6d38a615d04d') in 0.0077485 seconds
Number of updated asset objects reloaded before import = 0Number of asset objects unloaded after import = 8

========================================================================
Received Import Request.
  Time since last request: 0.000045 seconds.
  path: Assets/POLYGON city pack/Meshes,textures/Shops_FBX/Shop_B_Texture.png
  artifactKey: Guid(2d0557711b6926441b57384036df45a9) Importer(2089858483,192608db42251d675da83286b1cce702)
Start importing Assets/POLYGON city pack/Meshes,textures/Shops_FBX/Shop_B_Texture.png using Guid(2d0557711b6926441b57384036df45a9) Importer(2089858483,192608db42251d675da83286b1cce702) (ScriptedImporter) -> (artifact id: '68ab5f5fa151b6509983ab25c2f80ff8') in 0.007025875 seconds
Number of updated asset objects reloaded before import = 0Number of asset objects unloaded after import = 1

========================================================================
Received Import Request.
  Time since last request: 0.000052 seconds.
  path: Assets/POLYGON city pack/Meshes,textures/Buildings_FBX/Building_B.fbx
  artifactKey: Guid(6f10def50e777ec4f87ab5e87ccf6594) Importer(2089858483,192608db42251d675da83286b1cce702)
Start importing Assets/POLYGON city pack/Meshes,textures/Buildings_FBX/Building_B.fbx using Guid(6f10def50e777ec4f87ab5e87ccf6594) Importer(2089858483,192608db42251d675da83286b1cce702) (ScriptedImporter) -> (artifact id: 'fe28c6ea44ab27ae3f047b5bf5a2d488') in 0.011338041 seconds
Number of updated asset objects reloaded before import = 0Number of asset objects unloaded after import = 18

========================================================================
Received Import Request.
  Time since last request: 0.000032 seconds.
  path: Assets/POLYGON city pack/Materials/Material_meshs/televserion antenna.mat
  artifactKey: Guid(ec7a0e608e3ad6040b3cfa171659ca44) Importer(2089858483,192608db42251d675da83286b1cce702)
Start importing Assets/POLYGON city pack/Materials/Material_meshs/televserion antenna.mat using Guid(ec7a0e608e3ad6040b3cfa171659ca44) Importer(2089858483,192608db42251d675da83286b1cce702) (ScriptedImporter) -> (artifact id: '7b1a857f4a9c9d63c8e8141d548095b6') in 0.002399042 seconds
Number of updated asset objects reloaded before import = 0Number of asset objects unloaded after import = 2

========================================================================
Received Import Request.
  Time since last request: 0.000087 seconds.
  path: Assets/POLYGON city pack/Materials/color_windows/Windows light 1.mat
  artifactKey: Guid(d7636558dbd50f7429a53d5bc6352a44) Importer(2089858483,192608db42251d675da83286b1cce702)
Start importing Assets/POLYGON city pack/Materials/color_windows/Windows light 1.mat using Guid(d7636558dbd50f7429a53d5bc6352a44) Importer(2089858483,192608db42251d675da83286b1cce702) (ScriptedImporter) -> (artifact id: 'f0797bc2c1eb986a5a591680f69a4064') in 0.001825667 seconds
Number of updated asset objects reloaded before import = 0Number of asset objects unloaded after import = 1

========================================================================
Received Import Request.
  Time since last request: 0.000069 seconds.
  path: Assets/POLYGON city pack/Materials/Material_meshs/street 9.mat
  artifactKey: Guid(44e6f6a31667a0c46a4d3741b5e879d9) Importer(2089858483,192608db42251d675da83286b1cce702)
Start importing Assets/POLYGON city pack/Materials/Material_meshs/street 9.mat using Guid(44e6f6a31667a0c46a4d3741b5e879d9) Importer(2089858483,192608db42251d675da83286b1cce702) (ScriptedImporter) -> (artifact id: 'ac6872b6513a9b91ce840200fa228beb') in 0.002335083 seconds
Number of updated asset objects reloaded before import = 0Number of asset objects unloaded after import = 2

========================================================================
Received Import Request.
  Time since last request: 0.000039 seconds.
  path: Assets/POLYGON city pack/Meshes,textures/props_FBX/Flower 1 red mix 1.png
  artifactKey: Guid(a9b624edc80506344b4364c85f135272) Importer(2089858483,192608db42251d675da83286b1cce702)
Start importing Assets/POLYGON city pack/Meshes,textures/props_FBX/Flower 1 red mix 1.png using Guid(a9b624edc80506344b4364c85f135272) Importer(2089858483,192608db42251d675da83286b1cce702) (ScriptedImporter) -> (artifact id: '29a012386bb71e96299a514a10125f22') in 0.00563225 seconds
Number of updated asset objects reloaded before import = 0Number of asset objects unloaded after import = 1

========================================================================
Received Import Request.
  Time since last request: 0.000053 seconds.
  path: Assets/POLYGON city pack/Materials/Material_meshs/street 15.mat
  artifactKey: Guid(8fb5e0bbb6ab4fd4caa5feafd9ec8aee) Importer(2089858483,192608db42251d675da83286b1cce702)
Start importing Assets/POLYGON city pack/Materials/Material_meshs/street 15.mat using Guid(8fb5e0bbb6ab4fd4caa5feafd9ec8aee) Importer(2089858483,192608db42251d675da83286b1cce702) (ScriptedImporter) -> (artifact id: '3d9635f8b02dcb602834fd51e3cae6e0') in 0.002529792 seconds
Number of updated asset objects reloaded before import = 0Number of asset objects unloaded after import = 2

========================================================================
Received Import Request.
  Time since last request: 0.000030 seconds.
  path: Assets/POLYGON city pack/Meshes,textures/Buildings_FBX/Car_repair.fbx
  artifactKey: Guid(e23e0fc23782369459f4fb6719065dbf) Importer(2089858483,192608db42251d675da83286b1cce702)
Start importing Assets/POLYGON city pack/Meshes,textures/Buildings_FBX/Car_repair.fbx using Guid(e23e0fc23782369459f4fb6719065dbf) Importer(2089858483,192608db42251d675da83286b1cce702) (ScriptedImporter) -> (artifact id: '4a892b6e55c1a1770f302fd9fda79d64') in 0.009704916 seconds
Number of updated asset objects reloaded before import = 0Number of asset objects unloaded after import = 22

========================================================================
Received Import Request.
  Time since last request: 0.000032 seconds.
  path: Assets/POLYGON city pack/Meshes,textures/props_FBX/Wall 1.fbx
  artifactKey: Guid(9a05625357b90ae48975e35e1dd3b51b) Importer(2089858483,192608db42251d675da83286b1cce702)
Start importing Assets/POLYGON city pack/Meshes,textures/props_FBX/Wall 1.fbx using Guid(9a05625357b90ae48975e35e1dd3b51b) Importer(2089858483,192608db42251d675da83286b1cce702) (ScriptedImporter) -> (artifact id: '03dd772a55bb4e383f78a0f8c8b056a7') in 0.006358208 seconds
Number of updated asset objects reloaded before import = 0Number of asset objects unloaded after import = 9

========================================================================
Received Import Request.
  Time since last request: 0.000047 seconds.
  path: Assets/POLYGON city pack/Meshes,textures/props_FBX/Hospital_sign.fbx
  artifactKey: Guid(b39d439f864b73443b752b76f2c3911e) Importer(2089858483,192608db42251d675da83286b1cce702)
Start importing Assets/POLYGON city pack/Meshes,textures/props_FBX/Hospital_sign.fbx using Guid(b39d439f864b73443b752b76f2c3911e) Importer(2089858483,192608db42251d675da83286b1cce702) (ScriptedImporter) -> (artifact id: '58a264de49d2703fbefb827c14a56ede') in 0.006042334 seconds
Number of updated asset objects reloaded before import = 0Number of asset objects unloaded after import = 8

========================================================================
Received Import Request.
  Time since last request: 0.000102 seconds.
  path: Assets/POLYGON city pack/Meshes,textures/Buildings_FBX/Building_H.fbx
  artifactKey: Guid(a00d442b1ceb04441ae014d15c5f7adc) Importer(2089858483,192608db42251d675da83286b1cce702)
Start importing Assets/POLYGON city pack/Meshes,textures/Buildings_FBX/Building_H.fbx using Guid(a00d442b1ceb04441ae014d15c5f7adc) Importer(2089858483,192608db42251d675da83286b1cce702) (ScriptedImporter) -> (artifact id: '05b58e75374cc0cbc1ab19ba8bffd059') in 0.011110292 seconds
Number of updated asset objects reloaded before import = 0Number of asset objects unloaded after import = 22

========================================================================
Received Import Request.
  Time since last request: 0.000034 seconds.
  path: Assets/POLYGON city pack/Meshes,textures/Letters FBX/Letter_Y.fbx
  artifactKey: Guid(efefc9ad46daf9644af1c452c958c88e) Importer(2089858483,192608db42251d675da83286b1cce702)
Start importing Assets/POLYGON city pack/Meshes,textures/Letters FBX/Letter_Y.fbx using Guid(efefc9ad46daf9644af1c452c958c88e) Importer(2089858483,192608db42251d675da83286b1cce702) (ScriptedImporter) -> (artifact id: '04e0cc3726dd99cb2fd587e099536251') in 0.006134625 seconds
Number of updated asset objects reloaded before import = 0Number of asset objects unloaded after import = 8

========================================================================
Received Import Request.
  Time since last request: 0.000041 seconds.
  path: Assets/POLYGON city pack/Meshes,textures/props_FBX/Hotdog.fbx
  artifactKey: Guid(e7eacd470b794d04e889bdf581747aa3) Importer(2089858483,192608db42251d675da83286b1cce702)
Start importing Assets/POLYGON city pack/Meshes,textures/props_FBX/Hotdog.fbx using Guid(e7eacd470b794d04e889bdf581747aa3) Importer(2089858483,192608db42251d675da83286b1cce702) (ScriptedImporter) -> (artifact id: '91bde02be44c6d30c9fdc433969076da') in 0.005791208 seconds
Number of updated asset objects reloaded before import = 0Number of asset objects unloaded after import = 8

========================================================================
Received Import Request.
  Time since last request: 0.000027 seconds.
  path: Assets/POLYGON city pack/Materials/Material_meshs/flower 1 A 7.mat
  artifactKey: Guid(fb2bb9e1b7d05ad46b93caf71c65d8b9) Importer(2089858483,192608db42251d675da83286b1cce702)
Start importing Assets/POLYGON city pack/Materials/Material_meshs/flower 1 A 7.mat using Guid(fb2bb9e1b7d05ad46b93caf71c65d8b9) Importer(2089858483,192608db42251d675da83286b1cce702) (ScriptedImporter) -> (artifact id: '3e6ec225516f060d5b0f5c8704f29a55') in 0.017829291 seconds
Number of updated asset objects reloaded before import = 0Number of asset objects unloaded after import = 2

========================================================================
Received Import Request.
  Time since last request: 0.000050 seconds.
  path: Assets/POLYGON city pack/Materials/Material_meshs/street 16.mat
  artifactKey: Guid(c88e6f689c0b0244483582064ba31383) Importer(2089858483,192608db42251d675da83286b1cce702)
Start importing Assets/POLYGON city pack/Materials/Material_meshs/street 16.mat using Guid(c88e6f689c0b0244483582064ba31383) Importer(2089858483,192608db42251d675da83286b1cce702) (ScriptedImporter) -> (artifact id: '6c39de66b6afad5f0c6d282ae81afa42') in 0.002420708 seconds
Number of updated asset objects reloaded before import = 0Number of asset objects unloaded after import = 2

========================================================================
Received Import Request.
  Time since last request: 0.000031 seconds.
  path: Assets/POLYGON city pack/Materials/traffic light/Green lighting.mat
  artifactKey: Guid(510f1a4c405d15b44836b4cd601a8d6c) Importer(2089858483,192608db42251d675da83286b1cce702)
Start importing Assets/POLYGON city pack/Materials/traffic light/Green lighting.mat using Guid(510f1a4c405d15b44836b4cd601a8d6c) Importer(2089858483,192608db42251d675da83286b1cce702) (ScriptedImporter) -> (artifact id: '98783301169f58b63f99e87e9b1ea7d0') in 0.00164375 seconds
Number of updated asset objects reloaded before import = 0Number of asset objects unloaded after import = 1

========================================================================
Received Import Request.
  Time since last request: 0.000073 seconds.
  path: Assets/POLYGON city pack/Meshes,textures/Buildings_FBX/Building_J.fbx
  artifactKey: Guid(619caea5e9f0642498ad3dac2ea8b898) Importer(2089858483,192608db42251d675da83286b1cce702)
Start importing Assets/POLYGON city pack/Meshes,textures/Buildings_FBX/Building_J.fbx using Guid(619caea5e9f0642498ad3dac2ea8b898) Importer(2089858483,192608db42251d675da83286b1cce702) (ScriptedImporter) -> (artifact id: '5a7759d8d2f3f78a96c1891da11e465e') in 0.009345292 seconds
Number of updated asset objects reloaded before import = 0Number of asset objects unloaded after import = 18

========================================================================
Received Import Request.
  Time since last request: 0.000026 seconds.
  path: Assets/POLYGON city pack/Materials/Material_meshs/flower 1 A.mat
  artifactKey: Guid(efa2ffc1b27c4ea44b60666ce2206332) Importer(2089858483,192608db42251d675da83286b1cce702)
Start importing Assets/POLYGON city pack/Materials/Material_meshs/flower 1 A.mat using Guid(efa2ffc1b27c4ea44b60666ce2206332) Importer(2089858483,192608db42251d675da83286b1cce702) (ScriptedImporter) -> (artifact id: '4193d000d6bf422f691e1ff38af0d483') in 0.003067792 seconds
Number of updated asset objects reloaded before import = 0Number of asset objects unloaded after import = 2

========================================================================
Received Import Request.
  Time since last request: 0.000036 seconds.
  path: Assets/POLYGON city pack/Meshes,textures/lamps fbx/Lamp 4.fbx
  artifactKey: Guid(f902645b129fcf74a830cdfad1f88865) Importer(2089858483,192608db42251d675da83286b1cce702)
Start importing Assets/POLYGON city pack/Meshes,textures/lamps fbx/Lamp 4.fbx using Guid(f902645b129fcf74a830cdfad1f88865) Importer(2089858483,192608db42251d675da83286b1cce702) (ScriptedImporter) -> (artifact id: '922cf1e84cdfefec2a1f64778f2df804') in 0.006650375 seconds
Number of updated asset objects reloaded before import = 0Number of asset objects unloaded after import = 10

========================================================================
Received Import Request.
  Time since last request: 0.000028 seconds.
  path: Assets/POLYGON city pack/Meshes,textures/props_FBX/Bin.fbx
  artifactKey: Guid(351972a663232de45b6282c7140dc272) Importer(2089858483,192608db42251d675da83286b1cce702)
Start importing Assets/POLYGON city pack/Meshes,textures/props_FBX/Bin.fbx using Guid(351972a663232de45b6282c7140dc272) Importer(2089858483,192608db42251d675da83286b1cce702) (ScriptedImporter) -> (artifact id: '569a283e7912501417236e7f1c9ed812') in 0.006001708 seconds
Number of updated asset objects reloaded before import = 0Number of asset objects unloaded after import = 8

========================================================================
Received Import Request.
  Time since last request: 0.000034 seconds.
  path: Assets/POLYGON city pack/Meshes,textures/props_FBX/Bus stop pole.fbx
  artifactKey: Guid(535449b4078b1034cb336afbe0510ec0) Importer(2089858483,192608db42251d675da83286b1cce702)
Start importing Assets/POLYGON city pack/Meshes,textures/props_FBX/Bus stop pole.fbx using Guid(535449b4078b1034cb336afbe0510ec0) Importer(2089858483,192608db42251d675da83286b1cce702) (ScriptedImporter) -> (artifact id: 'acd56ff8697ab421da18443aff4bac14') in 0.005722833 seconds
Number of updated asset objects reloaded before import = 0Number of asset objects unloaded after import = 9

========================================================================
Received Import Request.
  Time since last request: 0.000031 seconds.
  path: Assets/POLYGON city pack/Meshes,textures/lamps fbx/Lamp 2.fbx
  artifactKey: Guid(f31251b82f4d7f44c8d42b43f0c3c079) Importer(2089858483,192608db42251d675da83286b1cce702)
Start importing Assets/POLYGON city pack/Meshes,textures/lamps fbx/Lamp 2.fbx using Guid(f31251b82f4d7f44c8d42b43f0c3c079) Importer(2089858483,192608db42251d675da83286b1cce702) (ScriptedImporter) -> (artifact id: '6df70fd444f7754db0e7212d1d8dc1fb') in 0.008114584 seconds
Number of updated asset objects reloaded before import = 0Number of asset objects unloaded after import = 10

========================================================================
Received Import Request.
  Time since last request: 0.000026 seconds.
  path: Assets/POLYGON city pack/Materials/Material_meshs/street 2.mat
  artifactKey: Guid(af0582a2d4252d44e947c6cffcd45186) Importer(2089858483,192608db42251d675da83286b1cce702)
Start importing Assets/POLYGON city pack/Materials/Material_meshs/street 2.mat using Guid(af0582a2d4252d44e947c6cffcd45186) Importer(2089858483,192608db42251d675da83286b1cce702) (ScriptedImporter) -> (artifact id: '483cb385bb7e4abff8ecafe3b1facf3c') in 0.002183458 seconds
Number of updated asset objects reloaded before import = 0Number of asset objects unloaded after import = 2

========================================================================
Received Import Request.
  Time since last request: 0.000045 seconds.
  path: Assets/POLYGON city pack/Materials/Material_meshs/shop a.mat
  artifactKey: Guid(c06185e5d01b2bb4f86fb038b61445f5) Importer(2089858483,192608db42251d675da83286b1cce702)
Start importing Assets/POLYGON city pack/Materials/Material_meshs/shop a.mat using Guid(c06185e5d01b2bb4f86fb038b61445f5) Importer(2089858483,192608db42251d675da83286b1cce702) (ScriptedImporter) -> (artifact id: '5f949c39a403d187643fd4d7b7d75339') in 0.002618583 seconds
Number of updated asset objects reloaded before import = 0Number of asset objects unloaded after import = 2

========================================================================
Received Import Request.
  Time since last request: 0.000053 seconds.
  path: Assets/POLYGON city pack/Meshes,textures/Buildings_FBX/Fire_department_texture.png
  artifactKey: Guid(f7347a3d7c578444e84b1d5490470ca7) Importer(2089858483,192608db42251d675da83286b1cce702)
Start importing Assets/POLYGON city pack/Meshes,textures/Buildings_FBX/Fire_department_texture.png using Guid(f7347a3d7c578444e84b1d5490470ca7) Importer(2089858483,192608db42251d675da83286b1cce702) (ScriptedImporter) -> (artifact id: 'e31c67cfa14ac5cecc8d989023ad1bf2') in 0.005533875 seconds
Number of updated asset objects reloaded before import = 0Number of asset objects unloaded after import = 1

========================================================================
Received Import Request.
  Time since last request: 0.000078 seconds.
  path: Assets/POLYGON city pack/Materials/Material_meshs/trashbag.mat
  artifactKey: Guid(920171991f9b62c41b9f2b275bd5e169) Importer(2089858483,192608db42251d675da83286b1cce702)
Start importing Assets/POLYGON city pack/Materials/Material_meshs/trashbag.mat using Guid(920171991f9b62c41b9f2b275bd5e169) Importer(2089858483,192608db42251d675da83286b1cce702) (ScriptedImporter) -> (artifact id: '3fc887d96b5c740324cfccf39dd46c89') in 0.002244375 seconds
Number of updated asset objects reloaded before import = 0Number of asset objects unloaded after import = 2

========================================================================
Received Import Request.
  Time since last request: 0.000046 seconds.
  path: Assets/POLYGON city pack/Meshes,textures/props_FBX/Power pole texture.png
  artifactKey: Guid(17f86e4dd36b70049bfc6eed25860e71) Importer(2089858483,192608db42251d675da83286b1cce702)
Start importing Assets/POLYGON city pack/Meshes,textures/props_FBX/Power pole texture.png using Guid(17f86e4dd36b70049bfc6eed25860e71) Importer(2089858483,192608db42251d675da83286b1cce702) (ScriptedImporter) -> (artifact id: '403d4843540fb047052d2eb25a8633dd') in 0.004730375 seconds
Number of updated asset objects reloaded before import = 0Number of asset objects unloaded after import = 1

========================================================================
Received Import Request.
  Time since last request: 0.000095 seconds.
  path: Assets/POLYGON city pack/Meshes,textures/props_FBX/Flower 1 red 1.png
  artifactKey: Guid(9426e08bc3d7e6a4d90748f5a50c8419) Importer(2089858483,192608db42251d675da83286b1cce702)
Start importing Assets/POLYGON city pack/Meshes,textures/props_FBX/Flower 1 red 1.png using Guid(9426e08bc3d7e6a4d90748f5a50c8419) Importer(2089858483,192608db42251d675da83286b1cce702) (ScriptedImporter) -> (artifact id: 'e77a215f04fb859a6e31342f8ddec463') in 0.005285834 seconds
Number of updated asset objects reloaded before import = 0Number of asset objects unloaded after import = 1

========================================================================
Received Import Request.
  Time since last request: 0.000061 seconds.
  path: Assets/POLYGON city pack/Materials/Material_meshs/street 11.mat
  artifactKey: Guid(6ccb05ecd9cd79b4fbc6cf7019198d6b) Importer(2089858483,192608db42251d675da83286b1cce702)
Start importing Assets/POLYGON city pack/Materials/Material_meshs/street 11.mat using Guid(6ccb05ecd9cd79b4fbc6cf7019198d6b) Importer(2089858483,192608db42251d675da83286b1cce702) (ScriptedImporter) -> (artifact id: 'c2cf6148ada642f3493397f1a5da4322') in 0.00247375 seconds
Number of updated asset objects reloaded before import = 0Number of asset objects unloaded after import = 2

========================================================================
Received Import Request.
  Time since last request: 0.000025 seconds.
  path: Assets/POLYGON city pack/Meshes,textures/Letters FBX/Letter_D.fbx
  artifactKey: Guid(7ffd8396b0c13cf418a1717b5c8611a5) Importer(2089858483,192608db42251d675da83286b1cce702)
Start importing Assets/POLYGON city pack/Meshes,textures/Letters FBX/Letter_D.fbx using Guid(7ffd8396b0c13cf418a1717b5c8611a5) Importer(2089858483,192608db42251d675da83286b1cce702) (ScriptedImporter) -> (artifact id: '23d148dfc6863e9c368b8320b17ad275') in 0.004748 seconds
Number of updated asset objects reloaded before import = 0Number of asset objects unloaded after import = 14

========================================================================
Received Import Request.
  Time since last request: 0.000057 seconds.
  path: Assets/POLYGON city pack/Meshes,textures/props_FBX/Parking_barrier.fbx
  artifactKey: Guid(81d92c4201383874b8075ac817d10d49) Importer(2089858483,192608db42251d675da83286b1cce702)
Start importing Assets/POLYGON city pack/Meshes,textures/props_FBX/Parking_barrier.fbx using Guid(81d92c4201383874b8075ac817d10d49) Importer(2089858483,192608db42251d675da83286b1cce702) (ScriptedImporter) -> (artifact id: 'c3a12fc92277f5af292c053b001f7986') in 0.007296667 seconds
Number of updated asset objects reloaded before import = 0Number of asset objects unloaded after import = 14

========================================================================
Received Import Request.
  Time since last request: 0.000025 seconds.
  path: Assets/POLYGON city pack/Meshes,textures/Buildings_FBX/Building_c.fbx
  artifactKey: Guid(a0028d3f7d4817641a9717e662aec378) Importer(2089858483,192608db42251d675da83286b1cce702)
Start importing Assets/POLYGON city pack/Meshes,textures/Buildings_FBX/Building_c.fbx using Guid(a0028d3f7d4817641a9717e662aec378) Importer(2089858483,192608db42251d675da83286b1cce702) (ScriptedImporter) -> (artifact id: '7818d23d363bbe198e9d1ec639594ec1') in 0.008321584 seconds
Number of updated asset objects reloaded before import = 0Number of asset objects unloaded after import = 18

========================================================================
Received Import Request.
  Time since last request: 0.000032 seconds.
  path: Assets/POLYGON city pack/Meshes,textures/props_FBX/Can_Lemon.png
  artifactKey: Guid(2d8730a07e4cb9e4baafef2bacb68962) Importer(2089858483,192608db42251d675da83286b1cce702)
Start importing Assets/POLYGON city pack/Meshes,textures/props_FBX/Can_Lemon.png using Guid(2d8730a07e4cb9e4baafef2bacb68962) Importer(2089858483,192608db42251d675da83286b1cce702) (ScriptedImporter) -> (artifact id: '6a71627a4b1c7a977153425dda7a944b') in 0.004440708 seconds
Number of updated asset objects reloaded before import = 0Number of asset objects unloaded after import = 1

========================================================================
Received Import Request.
  Time since last request: 0.000062 seconds.
  path: Assets/POLYGON city pack/Meshes,textures/props_FBX/Wall 3.fbx
  artifactKey: Guid(5794e1ddd5fca6041980543459f4c932) Importer(2089858483,192608db42251d675da83286b1cce702)
Start importing Assets/POLYGON city pack/Meshes,textures/props_FBX/Wall 3.fbx using Guid(5794e1ddd5fca6041980543459f4c932) Importer(2089858483,192608db42251d675da83286b1cce702) (ScriptedImporter) -> (artifact id: '1e2001f84944fa41154f2217adca4be1') in 0.006316 seconds
Number of updated asset objects reloaded before import = 0Number of asset objects unloaded after import = 9

========================================================================
Received Import Request.
  Time since last request: 0.000030 seconds.
  path: Assets/POLYGON city pack/Meshes,textures/Letters FBX/Letter_G.fbx
  artifactKey: Guid(fc3884707aea3e44b8c63cc71000da86) Importer(2089858483,192608db42251d675da83286b1cce702)
Start importing Assets/POLYGON city pack/Meshes,textures/Letters FBX/Letter_G.fbx using Guid(fc3884707aea3e44b8c63cc71000da86) Importer(2089858483,192608db42251d675da83286b1cce702) (ScriptedImporter) -> (artifact id: '727eb27efa380550bc2bb0ff534f1e08') in 0.005686875 seconds
Number of updated asset objects reloaded before import = 0Number of asset objects unloaded after import = 14

========================================================================
Received Import Request.
  Time since last request: 0.000051 seconds.
  path: Assets/POLYGON city pack/Meshes,textures/Buildings_FBX/Building_V.fbx
  artifactKey: Guid(558bbea23f640ae4192711124ba66db2) Importer(2089858483,192608db42251d675da83286b1cce702)
Start importing Assets/POLYGON city pack/Meshes,textures/Buildings_FBX/Building_V.fbx using Guid(558bbea23f640ae4192711124ba66db2) Importer(2089858483,192608db42251d675da83286b1cce702) (ScriptedImporter) -> (artifact id: 'd88fdc1d542ebce7144bb3dc7e441331') in 0.006622 seconds
Number of updated asset objects reloaded before import = 0Number of asset objects unloaded after import = 15

========================================================================
Received Import Request.
  Time since last request: 0.000030 seconds.
  path: Assets/POLYGON city pack/Meshes,textures/lamps fbx/Lamp 3.fbx
  artifactKey: Guid(ccc6016a646d8434d96b70afd783f17b) Importer(2089858483,192608db42251d675da83286b1cce702)
Start importing Assets/POLYGON city pack/Meshes,textures/lamps fbx/Lamp 3.fbx using Guid(ccc6016a646d8434d96b70afd783f17b) Importer(2089858483,192608db42251d675da83286b1cce702) (ScriptedImporter) -> (artifact id: 'aa6e8dc8ad9ff85fcf7b82c3cc01d281') in 0.007026459 seconds
Number of updated asset objects reloaded before import = 0Number of asset objects unloaded after import = 9

========================================================================
Received Import Request.
  Time since last request: 0.000044 seconds.
  path: Assets/POLYGON city pack/Meshes,textures/props_FBX/Traffic_light_2.fbx
  artifactKey: Guid(766782d248257f440b2b859de95dad6c) Importer(2089858483,192608db42251d675da83286b1cce702)
Start importing Assets/POLYGON city pack/Meshes,textures/props_FBX/Traffic_light_2.fbx using Guid(766782d248257f440b2b859de95dad6c) Importer(2089858483,192608db42251d675da83286b1cce702) (ScriptedImporter) -> (artifact id: 'c8cf4f7dddccaf927f7b3ae2b637144c') in 0.008568125 seconds
Number of updated asset objects reloaded before import = 0Number of asset objects unloaded after import = 14

========================================================================
Received Import Request.
  Time since last request: 0.000027 seconds.
  path: Assets/POLYGON city pack/Meshes,textures/props_FBX/Traffic_light_1.fbx
  artifactKey: Guid(9033dc81a0516da478985789f12c40b5) Importer(2089858483,192608db42251d675da83286b1cce702)
Start importing Assets/POLYGON city pack/Meshes,textures/props_FBX/Traffic_light_1.fbx using Guid(9033dc81a0516da478985789f12c40b5) Importer(2089858483,192608db42251d675da83286b1cce702) (ScriptedImporter) -> (artifact id: '73f4ea384e9877fb5d9221635f4e9c50') in 0.007642833 seconds
Number of updated asset objects reloaded before import = 0Number of asset objects unloaded after import = 14

========================================================================
Received Import Request.
  Time since last request: 0.000026 seconds.
  path: Assets/POLYGON city pack/Meshes,textures/props_FBX/Fence_B_1.fbx
  artifactKey: Guid(bfc6f79cd64e73d408685f05930b9105) Importer(2089858483,192608db42251d675da83286b1cce702)
Start importing Assets/POLYGON city pack/Meshes,textures/props_FBX/Fence_B_1.fbx using Guid(bfc6f79cd64e73d408685f05930b9105) Importer(2089858483,192608db42251d675da83286b1cce702) (ScriptedImporter) -> (artifact id: 'be68e0b7b839f183c4cd810be5fa2aba') in 0.005338 seconds
Number of updated asset objects reloaded before import = 0Number of asset objects unloaded after import = 8

========================================================================
Received Import Request.
  Time since last request: 0.000043 seconds.
  path: Assets/POLYGON city pack/Materials/Material_meshs/water tank.mat
  artifactKey: Guid(42260cd2c3f3d7d45a3f99b47e57ae38) Importer(2089858483,192608db42251d675da83286b1cce702)
Start importing Assets/POLYGON city pack/Materials/Material_meshs/water tank.mat using Guid(42260cd2c3f3d7d45a3f99b47e57ae38) Importer(2089858483,192608db42251d675da83286b1cce702) (ScriptedImporter) -> (artifact id: 'e1ce11f4ec173f60adfb3abea7baae3a') in 0.002433542 seconds
Number of updated asset objects reloaded before import = 0Number of asset objects unloaded after import = 1

========================================================================
Received Import Request.
  Time since last request: 0.000061 seconds.
  path: Assets/POLYGON city pack/Meshes,textures/props_FBX/Traffic_light_4.fbx
  artifactKey: Guid(93b7e9a763b4d7944938ea7824810aa6) Importer(2089858483,192608db42251d675da83286b1cce702)
Start importing Assets/POLYGON city pack/Meshes,textures/props_FBX/Traffic_light_4.fbx using Guid(93b7e9a763b4d7944938ea7824810aa6) Importer(2089858483,192608db42251d675da83286b1cce702) (ScriptedImporter) -> (artifact id: 'e7175336f40a69142ddb502f06b2b18c') in 0.007099416 seconds
Number of updated asset objects reloaded before import = 0Number of asset objects unloaded after import = 14

========================================================================
Received Import Request.
  Time since last request: 0.000029 seconds.
  path: Assets/POLYGON city pack/Meshes,textures/props_FBX/Flower 1 purple mix 1.png
  artifactKey: Guid(ad6ea5a68d1b66f4faec6f50cd8d7b33) Importer(2089858483,192608db42251d675da83286b1cce702)
Start importing Assets/POLYGON city pack/Meshes,textures/props_FBX/Flower 1 purple mix 1.png using Guid(ad6ea5a68d1b66f4faec6f50cd8d7b33) Importer(2089858483,192608db42251d675da83286b1cce702) (ScriptedImporter) -> (artifact id: '2f97dbdb73e202a1c83da1b95c3cf829') in 0.00552275 seconds
Number of updated asset objects reloaded before import = 0Number of asset objects unloaded after import = 1

========================================================================
Received Import Request.
  Time since last request: 0.000063 seconds.
  path: Assets/POLYGON city pack/Materials/Material_meshs/flower 1 A 1.mat
  artifactKey: Guid(da16c8876ed8cdc4c8ab238d3c0bc186) Importer(2089858483,192608db42251d675da83286b1cce702)
Start importing Assets/POLYGON city pack/Materials/Material_meshs/flower 1 A 1.mat using Guid(da16c8876ed8cdc4c8ab238d3c0bc186) Importer(2089858483,192608db42251d675da83286b1cce702) (ScriptedImporter) -> (artifact id: 'f07eaa8c4ea3c314069feb4d12ab2fbd') in 0.00218075 seconds
Number of updated asset objects reloaded before import = 0Number of asset objects unloaded after import = 2

========================================================================
Received Import Request.
  Time since last request: 0.000045 seconds.
  path: Assets/POLYGON city pack/Meshes,textures/Shops_FBX/Supermaket.fbx
  artifactKey: Guid(7a2a20b7d787ff94dbb3d2badebe5d32) Importer(2089858483,192608db42251d675da83286b1cce702)
Start importing Assets/POLYGON city pack/Meshes,textures/Shops_FBX/Supermaket.fbx using Guid(7a2a20b7d787ff94dbb3d2badebe5d32) Importer(2089858483,192608db42251d675da83286b1cce702) (ScriptedImporter) -> (artifact id: '47b8a78cec35b81566ec2f8408d57251') in 0.008797333 seconds
Number of updated asset objects reloaded before import = 0Number of asset objects unloaded after import = 20

========================================================================
Received Import Request.
  Time since last request: 0.000034 seconds.
  path: Assets/POLYGON city pack/Meshes,textures/Buildings_FBX/Building_F.fbx
  artifactKey: Guid(1eff86bacbfcee04fae528f76228c44d) Importer(2089858483,192608db42251d675da83286b1cce702)
Start importing Assets/POLYGON city pack/Meshes,textures/Buildings_FBX/Building_F.fbx using Guid(1eff86bacbfcee04fae528f76228c44d) Importer(2089858483,192608db42251d675da83286b1cce702) (ScriptedImporter) -> (artifact id: '27e91f3f86f7af3fed4c7a5ad324f3fd') in 0.008911041 seconds
Number of updated asset objects reloaded before import = 0Number of asset objects unloaded after import = 22

========================================================================
Received Import Request.
  Time since last request: 0.000034 seconds.
  path: Assets/POLYGON city pack/Materials/color_windows/Windows light 2.mat
  artifactKey: Guid(763d547f29cebc443a26da20545010dd) Importer(2089858483,192608db42251d675da83286b1cce702)
Start importing Assets/POLYGON city pack/Materials/color_windows/Windows light 2.mat using Guid(763d547f29cebc443a26da20545010dd) Importer(2089858483,192608db42251d675da83286b1cce702) (ScriptedImporter) -> (artifact id: '5b7ce049bf4a66b6b74e63013c95f198') in 0.00181425 seconds
Number of updated asset objects reloaded before import = 0Number of asset objects unloaded after import = 1

========================================================================
Received Import Request.
  Time since last request: 0.000057 seconds.
  path: Assets/POLYGON city pack/Meshes,textures/props_FBX/Bench 2.fbx
  artifactKey: Guid(f5087e1f9a322b249a1b80e9709ff026) Importer(2089858483,192608db42251d675da83286b1cce702)
Start importing Assets/POLYGON city pack/Meshes,textures/props_FBX/Bench 2.fbx using Guid(f5087e1f9a322b249a1b80e9709ff026) Importer(2089858483,192608db42251d675da83286b1cce702) (ScriptedImporter) -> (artifact id: '77e415acc2b938862613033d9dba7404') in 0.005435875 seconds
Number of updated asset objects reloaded before import = 0Number of asset objects unloaded after import = 8

========================================================================
Received Import Request.
  Time since last request: 0.000037 seconds.
  path: Assets/POLYGON city pack/Meshes,textures/props_FBX/Can_Orange.png
  artifactKey: Guid(be8a2b335eef6be41b54677c1563a367) Importer(2089858483,192608db42251d675da83286b1cce702)
Start importing Assets/POLYGON city pack/Meshes,textures/props_FBX/Can_Orange.png using Guid(be8a2b335eef6be41b54677c1563a367) Importer(2089858483,192608db42251d675da83286b1cce702) (ScriptedImporter) -> (artifact id: 'c13cf4f594ca6d3e2f59a7d23312d2ba') in 0.005367125 seconds
Number of updated asset objects reloaded before import = 0Number of asset objects unloaded after import = 1

========================================================================
Received Import Request.
  Time since last request: 1.058364 seconds.
  path: Assets/POLYGON city pack/Meshes,textures/props_FBX/air conditioner roof.fbx
  artifactKey: Guid(06b852202e5e751499c5616a4fa78d6d) Importer(2089858483,192608db42251d675da83286b1cce702)
Start importing Assets/POLYGON city pack/Meshes,textures/props_FBX/air conditioner roof.fbx using Guid(06b852202e5e751499c5616a4fa78d6d) Importer(2089858483,192608db42251d675da83286b1cce702) (ScriptedImporter) -> (artifact id: 'cae971e0afb63359d47a633337ab5c67') in 0.00923925 seconds
Number of updated asset objects reloaded before import = 0Number of asset objects unloaded after import = 8

========================================================================
Received Import Request.
  Time since last request: 0.000024 seconds.
  path: Assets/POLYGON city pack/Prefabs/Buildings/Fire_department_prefab.prefab
  artifactKey: Guid(7eb437ce89e76c640809f70f15bde317) Importer(2089858483,192608db42251d675da83286b1cce702)
Start importing Assets/POLYGON city pack/Prefabs/Buildings/Fire_department_prefab.prefab using Guid(7eb437ce89e76c640809f70f15bde317) Importer(2089858483,192608db42251d675da83286b1cce702) (ScriptedImporter) -> (artifact id: '3eb002588a73ee540a4fb9065ee4d0b7') in 0.004587125 seconds
Number of updated asset objects reloaded before import = 0Number of asset objects unloaded after import = 10

========================================================================
Received Import Request.
  Time since last request: 0.000121 seconds.
  path: Assets/POLYGON city pack/Meshes,textures/props_FBX/pole.fbx
  artifactKey: Guid(b88ec0b9575623f458b538e7fcf1bf92) Importer(2089858483,192608db42251d675da83286b1cce702)
Start importing Assets/POLYGON city pack/Meshes,textures/props_FBX/pole.fbx using Guid(b88ec0b9575623f458b538e7fcf1bf92) Importer(2089858483,192608db42251d675da83286b1cce702) (ScriptedImporter) -> (artifact id: '89d6b52c83e007ccaa25da322734e701') in 0.00627375 seconds
Number of updated asset objects reloaded before import = 0Number of asset objects unloaded after import = 8

========================================================================
Received Import Request.
  Time since last request: 0.000068 seconds.
  path: Assets/POLYGON city pack/Prefabs/Floor/Street 16 Prefab.prefab
  artifactKey: Guid(51e95ca17f5338949ad35bbfb27addee) Importer(2089858483,192608db42251d675da83286b1cce702)
Start importing Assets/POLYGON city pack/Prefabs/Floor/Street 16 Prefab.prefab using Guid(51e95ca17f5338949ad35bbfb27addee) Importer(2089858483,192608db42251d675da83286b1cce702) (ScriptedImporter) -> (artifact id: 'f92194863c65a8a73a6a2b8fb721077e') in 0.002286458 seconds
Number of updated asset objects reloaded before import = 0Number of asset objects unloaded after import = 10

========================================================================
Received Import Request.
  Time since last request: 0.000042 seconds.
  path: Assets/POLYGON city pack/Meshes,textures/traffic signs FBX/speed_limit_sign_50.png
  artifactKey: Guid(9b8bc59cbd6e87f42a4f81f89152afad) Importer(2089858483,192608db42251d675da83286b1cce702)
Start importing Assets/POLYGON city pack/Meshes,textures/traffic signs FBX/speed_limit_sign_50.png using Guid(9b8bc59cbd6e87f42a4f81f89152afad) Importer(2089858483,192608db42251d675da83286b1cce702) (ScriptedImporter) -> (artifact id: '35bf3b28bafb5fca0ac6bdd884d5cd16') in 0.005545709 seconds
Number of updated asset objects reloaded before import = 0Number of asset objects unloaded after import = 1

========================================================================
Received Import Request.
  Time since last request: 0.000100 seconds.
  path: Assets/POLYGON city pack/Prefabs/Buildings/Building_C1_prefab.prefab
  artifactKey: Guid(1fbdccb55fd15bc4f92646bd818aca51) Importer(2089858483,192608db42251d675da83286b1cce702)
Start importing Assets/POLYGON city pack/Prefabs/Buildings/Building_C1_prefab.prefab using Guid(1fbdccb55fd15bc4f92646bd818aca51) Importer(2089858483,192608db42251d675da83286b1cce702) (ScriptedImporter) -> (artifact id: '85905c1e7f20aa37b056b4783008be4b') in 0.002745625 seconds
Number of updated asset objects reloaded before import = 0Number of asset objects unloaded after import = 10

========================================================================
Received Import Request.
  Time since last request: 0.000027 seconds.
  path: Assets/POLYGON city pack/Meshes,textures/props_FBX/televersion antenna.png
  artifactKey: Guid(d1bfdbe0907c94f4db4bd148d8c98f37) Importer(2089858483,192608db42251d675da83286b1cce702)
Start importing Assets/POLYGON city pack/Meshes,textures/props_FBX/televersion antenna.png using Guid(d1bfdbe0907c94f4db4bd148d8c98f37) Importer(2089858483,192608db42251d675da83286b1cce702) (ScriptedImporter) -> (artifact id: '217d5b6512bb92107f8caf349ffc472a') in 0.004719125 seconds
Number of updated asset objects reloaded before import = 0Number of asset objects unloaded after import = 1

========================================================================
Received Import Request.
  Time since last request: 0.000071 seconds.
  path: Assets/POLYGON city pack/Meshes,textures/ways_FBX/Sidewalk_01.fbx
  artifactKey: Guid(faa08b53d7deee946bf1beec5724cbca) Importer(2089858483,192608db42251d675da83286b1cce702)
Start importing Assets/POLYGON city pack/Meshes,textures/ways_FBX/Sidewalk_01.fbx using Guid(faa08b53d7deee946bf1beec5724cbca) Importer(2089858483,192608db42251d675da83286b1cce702) (ScriptedImporter) -> (artifact id: '9cff896ef32a7b328d738c5dd728b223') in 0.008811417 seconds
Number of updated asset objects reloaded before import = 0Number of asset objects unloaded after import = 10

========================================================================
Received Import Request.
  Time since last request: 0.000031 seconds.
  path: Assets/POLYGON city pack/Meshes,textures/traffic signs FBX/traffic sign 6.png
  artifactKey: Guid(346e900c6460e81489178bc5ccdb8702) Importer(2089858483,192608db42251d675da83286b1cce702)
Start importing Assets/POLYGON city pack/Meshes,textures/traffic signs FBX/traffic sign 6.png using Guid(346e900c6460e81489178bc5ccdb8702) Importer(2089858483,192608db42251d675da83286b1cce702) (ScriptedImporter) -> (artifact id: 'f2596110b8cca3d97ccd89bca369d6d1') in 0.004858708 seconds
Number of updated asset objects reloaded before import = 0Number of asset objects unloaded after import = 1

========================================================================
Received Import Request.
  Time since last request: 0.000036 seconds.
  path: Assets/POLYGON city pack/Meshes,textures/ways_FBX/Sidewalk_03.fbx
  artifactKey: Guid(bb7f05283eceee143ad2958137ac51c8) Importer(2089858483,192608db42251d675da83286b1cce702)
Start importing Assets/POLYGON city pack/Meshes,textures/ways_FBX/Sidewalk_03.fbx using Guid(bb7f05283eceee143ad2958137ac51c8) Importer(2089858483,192608db42251d675da83286b1cce702) (ScriptedImporter) -> (artifact id: '61a7bd77f6291036a014be519c194253') in 0.006430417 seconds
Number of updated asset objects reloaded before import = 0Number of asset objects unloaded after import = 8

========================================================================
Received Import Request.
  Time since last request: 0.000032 seconds.
  path: Assets/POLYGON city pack/Meshes,textures/ways_FBX/street_.fbx
  artifactKey: Guid(72e65272e9752d842a914dd27fd86306) Importer(2089858483,192608db42251d675da83286b1cce702)
Start importing Assets/POLYGON city pack/Meshes,textures/ways_FBX/street_.fbx using Guid(72e65272e9752d842a914dd27fd86306) Importer(2089858483,192608db42251d675da83286b1cce702) (ScriptedImporter) -> (artifact id: 'b7cb49b74cad7b0c03cd79f8a129ac37') in 0.006017583 seconds
Number of updated asset objects reloaded before import = 0Number of asset objects unloaded after import = 8

========================================================================
Received Import Request.
  Time since last request: 0.000038 seconds.
  path: Assets/POLYGON city pack/Meshes,textures/props_FBX/big trash bin texture.png
  artifactKey: Guid(cb629d531f414f64288cca236d43f674) Importer(2089858483,192608db42251d675da83286b1cce702)
Start importing Assets/POLYGON city pack/Meshes,textures/props_FBX/big trash bin texture.png using Guid(cb629d531f414f64288cca236d43f674) Importer(2089858483,192608db42251d675da83286b1cce702) (ScriptedImporter) -> (artifact id: '9865c138706636e54462571a76fb3fcd') in 0.004943 seconds
Number of updated asset objects reloaded before import = 0Number of asset objects unloaded after import = 1

========================================================================
Received Import Request.
  Time since last request: 0.000048 seconds.
  path: Assets/POLYGON city pack/Prefabs/Buildings/Building_u_prefab.prefab
  artifactKey: Guid(150fadf88f51c2b4b9b7b62af8d39db9) Importer(2089858483,192608db42251d675da83286b1cce702)
Start importing Assets/POLYGON city pack/Prefabs/Buildings/Building_u_prefab.prefab using Guid(150fadf88f51c2b4b9b7b62af8d39db9) Importer(2089858483,192608db42251d675da83286b1cce702) (ScriptedImporter) -> (artifact id: '19729e5286f1398713a88b2121905656') in 0.002393292 seconds
Number of updated asset objects reloaded before import = 0Number of asset objects unloaded after import = 10

========================================================================
Received Import Request.
  Time since last request: 0.000039 seconds.
  path: Assets/POLYGON city pack/Prefabs/Floor/Grass_stone_2_prefab.prefab
  artifactKey: Guid(4752f864e3118e64482c22f7a8d21b01) Importer(2089858483,192608db42251d675da83286b1cce702)
Start importing Assets/POLYGON city pack/Prefabs/Floor/Grass_stone_2_prefab.prefab using Guid(4752f864e3118e64482c22f7a8d21b01) Importer(2089858483,192608db42251d675da83286b1cce702) (ScriptedImporter) -> (artifact id: '856e099cf2a318e6a7d6330a4d8320c6') in 0.002094208 seconds
Number of updated asset objects reloaded before import = 0Number of asset objects unloaded after import = 10

========================================================================
Received Import Request.
  Time since last request: 0.000045 seconds.
  path: Assets/POLYGON city pack/Meshes,textures/props_FBX/stone 3.fbx
  artifactKey: Guid(f3559f5b8197ad54e917b105496b2d62) Importer(2089858483,192608db42251d675da83286b1cce702)
Start importing Assets/POLYGON city pack/Meshes,textures/props_FBX/stone 3.fbx using Guid(f3559f5b8197ad54e917b105496b2d62) Importer(2089858483,192608db42251d675da83286b1cce702) (ScriptedImporter) -> (artifact id: 'ad715c9a28cca16dd93119d2c61a7329') in 0.006019417 seconds
Number of updated asset objects reloaded before import = 0Number of asset objects unloaded after import = 8

========================================================================
Received Import Request.
  Time since last request: 0.000030 seconds.
  path: Assets/POLYGON city pack/Meshes,textures/props_FBX/stone 2.fbx
  artifactKey: Guid(34396542f6fdc3444afca4ecf1322e4f) Importer(2089858483,192608db42251d675da83286b1cce702)
Start importing Assets/POLYGON city pack/Meshes,textures/props_FBX/stone 2.fbx using Guid(34396542f6fdc3444afca4ecf1322e4f) Importer(2089858483,192608db42251d675da83286b1cce702) (ScriptedImporter) -> (artifact id: '4e717b9fbe3300990bddee4f616a5dad') in 0.005305167 seconds
Number of updated asset objects reloaded before import = 0Number of asset objects unloaded after import = 8

========================================================================
Received Import Request.
  Time since last request: 0.000060 seconds.
  path: Assets/POLYGON city pack/Meshes,textures/props_FBX/wrench.fbx
  artifactKey: Guid(4d7659eaa2dbe2e46a70e6a4a2a8bf1a) Importer(2089858483,192608db42251d675da83286b1cce702)
Start importing Assets/POLYGON city pack/Meshes,textures/props_FBX/wrench.fbx using Guid(4d7659eaa2dbe2e46a70e6a4a2a8bf1a) Importer(2089858483,192608db42251d675da83286b1cce702) (ScriptedImporter) -> (artifact id: '9738e7cb3b0b23db4a5bdc2235398078') in 0.006386125 seconds
Number of updated asset objects reloaded before import = 0Number of asset objects unloaded after import = 8

========================================================================
Received Import Request.
  Time since last request: 0.000039 seconds.
  path: Assets/POLYGON city pack/Prefabs/Buildings/building_X_prefab.prefab
  artifactKey: Guid(1c6290f76fd11c74fa326bdf8cd95a9f) Importer(2089858483,192608db42251d675da83286b1cce702)
Start importing Assets/POLYGON city pack/Prefabs/Buildings/building_X_prefab.prefab using Guid(1c6290f76fd11c74fa326bdf8cd95a9f) Importer(2089858483,192608db42251d675da83286b1cce702) (ScriptedImporter) -> (artifact id: '095068c8ae2a549a923c0d8390e7e8a5') in 0.002656333 seconds
Number of updated asset objects reloaded before import = 0Number of asset objects unloaded after import = 10

========================================================================
Received Import Request.
  Time since last request: 0.000101 seconds.
  path: Assets/POLYGON city pack/Meshes,textures/ways_FBX/Street_01.png
  artifactKey: Guid(e827ea08b3f1f9c4ca6b18cc6f37d829) Importer(2089858483,192608db42251d675da83286b1cce702)
Start importing Assets/POLYGON city pack/Meshes,textures/ways_FBX/Street_01.png using Guid(e827ea08b3f1f9c4ca6b18cc6f37d829) Importer(2089858483,192608db42251d675da83286b1cce702) (ScriptedImporter) -> (artifact id: 'dff63ead5e626cc45fa004254f89df86') in 0.004828916 seconds
Number of updated asset objects reloaded before import = 0Number of asset objects unloaded after import = 1

========================================================================
Received Import Request.
  Time since last request: 0.000085 seconds.
  path: Assets/POLYGON city pack/Prefabs/Floor/Sideway 5 prefab.prefab
  artifactKey: Guid(a9da80f587bbf9046aefc4a4cfb8a7fc) Importer(2089858483,192608db42251d675da83286b1cce702)
Start importing Assets/POLYGON city pack/Prefabs/Floor/Sideway 5 prefab.prefab using Guid(a9da80f587bbf9046aefc4a4cfb8a7fc) Importer(2089858483,192608db42251d675da83286b1cce702) (ScriptedImporter) -> (artifact id: '59f7d704bfd4a47b2039d883bce73dc8') in 0.0035145 seconds
Number of updated asset objects reloaded before import = 0Number of asset objects unloaded after import = 10

========================================================================
Received Import Request.
  Time since last request: 0.000060 seconds.
  path: Assets/POLYGON city pack/Meshes,textures/props_FBX/platt 1 sign part.fbx
  artifactKey: Guid(35b519e7f36671443b32ef1fba32f545) Importer(2089858483,192608db42251d675da83286b1cce702)
Start importing Assets/POLYGON city pack/Meshes,textures/props_FBX/platt 1 sign part.fbx using Guid(35b519e7f36671443b32ef1fba32f545) Importer(2089858483,192608db42251d675da83286b1cce702) (ScriptedImporter) -> (artifact id: '6b160a630a70524510606928ed82dcfa') in 0.006121208 seconds
Number of updated asset objects reloaded before import = 0Number of asset objects unloaded after import = 8

========================================================================
Received Import Request.
  Time since last request: 0.000033 seconds.
  path: Assets/POLYGON city pack/Meshes,textures/props_FBX/traffic_pot_texture.png
  artifactKey: Guid(a9edd05d1642d964fb6352356d058cf9) Importer(2089858483,192608db42251d675da83286b1cce702)
Start importing Assets/POLYGON city pack/Meshes,textures/props_FBX/traffic_pot_texture.png using Guid(a9edd05d1642d964fb6352356d058cf9) Importer(2089858483,192608db42251d675da83286b1cce702) (ScriptedImporter) -> (artifact id: '58047b8ab036caf3ba15ea4b58ed268b') in 0.005643291 seconds
Number of updated asset objects reloaded before import = 0Number of asset objects unloaded after import = 1

========================================================================
Received Import Request.
  Time since last request: 0.000087 seconds.
  path: Assets/POLYGON city pack/Meshes,textures/props_FBX/drain 1.fbx
  artifactKey: Guid(413e1d7e930c5e343816c6421eead532) Importer(2089858483,192608db42251d675da83286b1cce702)
Start importing Assets/POLYGON city pack/Meshes,textures/props_FBX/drain 1.fbx using Guid(413e1d7e930c5e343816c6421eead532) Importer(2089858483,192608db42251d675da83286b1cce702) (ScriptedImporter) -> (artifact id: 'ce8fc9492b6f93fd4834a159c3ac03dc') in 0.006010333 seconds
Number of updated asset objects reloaded before import = 0Number of asset objects unloaded after import = 8

========================================================================
Received Import Request.
  Time since last request: 0.000054 seconds.
  path: Assets/POLYGON city pack/Meshes,textures/props_FBX/tree_01.fbx
  artifactKey: Guid(679283963e23da7408c0cc75a881a565) Importer(2089858483,192608db42251d675da83286b1cce702)
Start importing Assets/POLYGON city pack/Meshes,textures/props_FBX/tree_01.fbx using Guid(679283963e23da7408c0cc75a881a565) Importer(2089858483,192608db42251d675da83286b1cce702) (ScriptedImporter) -> (artifact id: '5c19817961c8d7bc86376ec8edf2f4b4') in 0.006954208 seconds
Number of updated asset objects reloaded before import = 0Number of asset objects unloaded after import = 15

========================================================================
Received Import Request.
  Time since last request: 0.000029 seconds.
  path: Assets/POLYGON city pack/Meshes,textures/props_FBX/trashcan.fbx
  artifactKey: Guid(901896ebeb8cc8a44abafb328c6f7d77) Importer(2089858483,192608db42251d675da83286b1cce702)
Start importing Assets/POLYGON city pack/Meshes,textures/props_FBX/trashcan.fbx using Guid(901896ebeb8cc8a44abafb328c6f7d77) Importer(2089858483,192608db42251d675da83286b1cce702) (ScriptedImporter) -> (artifact id: '2728b0508aa15e9e0c43027603cd6503') in 0.006635834 seconds
Number of updated asset objects reloaded before import = 0Number of asset objects unloaded after import = 8

========================================================================
Received Import Request.
  Time since last request: 0.000044 seconds.
  path: Assets/POLYGON city pack/Meshes,textures/props_FBX/platt 5 sign part.fbx
  artifactKey: Guid(5cef84201ea937d44973d68b5cde132c) Importer(2089858483,192608db42251d675da83286b1cce702)
Start importing Assets/POLYGON city pack/Meshes,textures/props_FBX/platt 5 sign part.fbx using Guid(5cef84201ea937d44973d68b5cde132c) Importer(2089858483,192608db42251d675da83286b1cce702) (ScriptedImporter) -> (artifact id: '9ac408bff420afd93d8b03d8829fd023') in 0.006720042 seconds
Number of updated asset objects reloaded before import = 0Number of asset objects unloaded after import = 9

========================================================================
Received Import Request.
  Time since last request: 0.000067 seconds.
  path: Assets/POLYGON city pack/Prefabs/Buildings/Building_E_prefab.prefab
  artifactKey: Guid(5b71bcfe27faa8a4a9ec939bb5377114) Importer(2089858483,192608db42251d675da83286b1cce702)
Start importing Assets/POLYGON city pack/Prefabs/Buildings/Building_E_prefab.prefab using Guid(5b71bcfe27faa8a4a9ec939bb5377114) Importer(2089858483,192608db42251d675da83286b1cce702) (ScriptedImporter) -> (artifact id: '1ab3da636ef1a9b63b27598b75a54c19') in 0.002276834 seconds
Number of updated asset objects reloaded before import = 0Number of asset objects unloaded after import = 10

========================================================================
Received Import Request.
  Time since last request: 0.000036 seconds.
  path: Assets/POLYGON city pack/Meshes,textures/props_FBX/platt 2 sign part.fbx
  artifactKey: Guid(a99224871948ce64aaee48cf13266f97) Importer(2089858483,192608db42251d675da83286b1cce702)
Start importing Assets/POLYGON city pack/Meshes,textures/props_FBX/platt 2 sign part.fbx using Guid(a99224871948ce64aaee48cf13266f97) Importer(2089858483,192608db42251d675da83286b1cce702) (ScriptedImporter) -> (artifact id: '03223bd943c3cc4830761bafbcea52c1') in 0.006849875 seconds
Number of updated asset objects reloaded before import = 0Number of asset objects unloaded after import = 9

========================================================================
Received Import Request.
  Time since last request: 0.000031 seconds.
  path: Assets/POLYGON city pack/Prefabs/Floor/Sideway 7 prefab.prefab
  artifactKey: Guid(8ca0a36b96d9a434b8fb9fc9a5d87b27) Importer(2089858483,192608db42251d675da83286b1cce702)
Start importing Assets/POLYGON city pack/Prefabs/Floor/Sideway 7 prefab.prefab using Guid(8ca0a36b96d9a434b8fb9fc9a5d87b27) Importer(2089858483,192608db42251d675da83286b1cce702) (ScriptedImporter) -> (artifact id: '12d459b314fe6d33930073645f3deae6') in 0.002248791 seconds
Number of updated asset objects reloaded before import = 0Number of asset objects unloaded after import = 10

========================================================================
Received Import Request.
  Time since last request: 0.000043 seconds.
  path: Assets/POLYGON city pack/Meshes,textures/ways_FBX/Sidewalk_07.fbx
  artifactKey: Guid(4182ff7738f67c040a0d1657460afb50) Importer(2089858483,192608db42251d675da83286b1cce702)
Start importing Assets/POLYGON city pack/Meshes,textures/ways_FBX/Sidewalk_07.fbx using Guid(4182ff7738f67c040a0d1657460afb50) Importer(2089858483,192608db42251d675da83286b1cce702) (ScriptedImporter) -> (artifact id: '5486e12490c53ccfb9bba90adeb920bb') in 0.006079125 seconds
Number of updated asset objects reloaded before import = 0Number of asset objects unloaded after import = 10

========================================================================
Received Import Request.
  Time since last request: 0.000032 seconds.
  path: Assets/POLYGON city pack/Meshes,textures/ways_FBX/Grass_stone_02.fbx
  artifactKey: Guid(debcce6af33ad3e40835b6538c57dbe4) Importer(2089858483,192608db42251d675da83286b1cce702)
Start importing Assets/POLYGON city pack/Meshes,textures/ways_FBX/Grass_stone_02.fbx using Guid(debcce6af33ad3e40835b6538c57dbe4) Importer(2089858483,192608db42251d675da83286b1cce702) (ScriptedImporter) -> (artifact id: '34b55bc63bc5df44f7f699b0ee0bb14a') in 0.007345083 seconds
Number of updated asset objects reloaded before import = 0Number of asset objects unloaded after import = 9

========================================================================
Received Import Request.
  Time since last request: 0.000025 seconds.
  path: Assets/POLYGON city pack/Meshes,textures/props_FBX/shopping cart texture.png
  artifactKey: Guid(9589c511be538404389bad106901072e) Importer(2089858483,192608db42251d675da83286b1cce702)
Start importing Assets/POLYGON city pack/Meshes,textures/props_FBX/shopping cart texture.png using Guid(9589c511be538404389bad106901072e) Importer(2089858483,192608db42251d675da83286b1cce702) (ScriptedImporter) -> (artifact id: 'bc71e505f75bf9ee7bd1f83c58b01514') in 0.005249209 seconds
Number of updated asset objects reloaded before import = 0Number of asset objects unloaded after import = 1

========================================================================
Received Import Request.
  Time since last request: 0.000075 seconds.
  path: Assets/POLYGON city pack/Meshes,textures/ways_FBX/Sidewalk_texture.png
  artifactKey: Guid(1128a08027af2aa4eb774377b46c3064) Importer(2089858483,192608db42251d675da83286b1cce702)
Start importing Assets/POLYGON city pack/Meshes,textures/ways_FBX/Sidewalk_texture.png using Guid(1128a08027af2aa4eb774377b46c3064) Importer(2089858483,192608db42251d675da83286b1cce702) (ScriptedImporter) -> (artifact id: 'bc99ce0ff861a8ef45dbd083fbe1eba6') in 0.004675833 seconds
Number of updated asset objects reloaded before import = 0Number of asset objects unloaded after import = 1

========================================================================
Received Import Request.
  Time since last request: 0.000060 seconds.
  path: Assets/POLYGON city pack/Meshes,textures/ways_FBX/Sidewalk_08.fbx
  artifactKey: Guid(2981aef5c43602144a67d458b6f0e750) Importer(2089858483,192608db42251d675da83286b1cce702)
Start importing Assets/POLYGON city pack/Meshes,textures/ways_FBX/Sidewalk_08.fbx using Guid(2981aef5c43602144a67d458b6f0e750) Importer(2089858483,192608db42251d675da83286b1cce702) (ScriptedImporter) -> (artifact id: '29a3d732c5348ed1c4c0c2675d89b6cb') in 0.006789917 seconds
Number of updated asset objects reloaded before import = 0Number of asset objects unloaded after import = 10

========================================================================
Received Import Request.
  Time since last request: 0.000033 seconds.
  path: Assets/POLYGON city pack/Meshes,textures/ways_FBX/Street_06.png
  artifactKey: Guid(08aeea4bea88cb149b9d1b6dd1d95632) Importer(2089858483,192608db42251d675da83286b1cce702)
Start importing Assets/POLYGON city pack/Meshes,textures/ways_FBX/Street_06.png using Guid(08aeea4bea88cb149b9d1b6dd1d95632) Importer(2089858483,192608db42251d675da83286b1cce702) (ScriptedImporter) -> (artifact id: '209c29cf20b0bd2e43dcf3ae53f806c9') in 0.004950833 seconds
Number of updated asset objects reloaded before import = 0Number of asset objects unloaded after import = 1

========================================================================
Received Import Request.
  Time since last request: 0.000055 seconds.
  path: Assets/POLYGON city pack/Meshes,textures/traffic signs FBX/slow sign.fbx
  artifactKey: Guid(10d9b529afc6de643b2f976b1b4d6c72) Importer(2089858483,192608db42251d675da83286b1cce702)
Start importing Assets/POLYGON city pack/Meshes,textures/traffic signs FBX/slow sign.fbx using Guid(10d9b529afc6de643b2f976b1b4d6c72) Importer(2089858483,192608db42251d675da83286b1cce702) (ScriptedImporter) -> (artifact id: '2369890441aecf61270c506cf584c115') in 0.005395791 seconds
Number of updated asset objects reloaded before import = 0Number of asset objects unloaded after import = 12

========================================================================
Received Import Request.
  Time since last request: 0.000048 seconds.
  path: Assets/POLYGON city pack/Prefabs/Buildings/Police_station_prefab.prefab
  artifactKey: Guid(28e73319f340c644db3fdb95596c6596) Importer(2089858483,192608db42251d675da83286b1cce702)
Start importing Assets/POLYGON city pack/Prefabs/Buildings/Police_station_prefab.prefab using Guid(28e73319f340c644db3fdb95596c6596) Importer(2089858483,192608db42251d675da83286b1cce702) (ScriptedImporter) -> (artifact id: '7dccb671cbaa2a4aa689b56be01b5566') in 0.002432334 seconds
Number of updated asset objects reloaded before import = 0Number of asset objects unloaded after import = 12

========================================================================
Received Import Request.
  Time since last request: 0.000045 seconds.
  path: Assets/POLYGON city pack/Prefabs/Floor/Sideway 9 prefab.prefab
  artifactKey: Guid(3e51558bab861cb4abd5698ff3cc1a4e) Importer(2089858483,192608db42251d675da83286b1cce702)
Start importing Assets/POLYGON city pack/Prefabs/Floor/Sideway 9 prefab.prefab using Guid(3e51558bab861cb4abd5698ff3cc1a4e) Importer(2089858483,192608db42251d675da83286b1cce702) (ScriptedImporter) -> (artifact id: 'db853c19bd3c85bee26f2762c43db217') in 0.002191833 seconds
Number of updated asset objects reloaded before import = 0Number of asset objects unloaded after import = 10

========================================================================
Received Import Request.
  Time since last request: 0.000024 seconds.
  path: Assets/POLYGON city pack/Meshes,textures/ways_FBX/Sidewalk_02.fbx
  artifactKey: Guid(5cda09505d63c3648948754884a882d1) Importer(2089858483,192608db42251d675da83286b1cce702)
Start importing Assets/POLYGON city pack/Meshes,textures/ways_FBX/Sidewalk_02.fbx using Guid(5cda09505d63c3648948754884a882d1) Importer(2089858483,192608db42251d675da83286b1cce702) (ScriptedImporter) -> (artifact id: '112af1d9fe575550c23bedbcf9f5f81d') in 0.008400208 seconds
Number of updated asset objects reloaded before import = 0Number of asset objects unloaded after import = 9

========================================================================
Received Import Request.
  Time since last request: 0.000028 seconds.
  path: Assets/POLYGON city pack/Meshes,textures/props_FBX/stone 4.fbx
  artifactKey: Guid(133b1c86599deb644abe1cd48276d993) Importer(2089858483,192608db42251d675da83286b1cce702)
Start importing Assets/POLYGON city pack/Meshes,textures/props_FBX/stone 4.fbx using Guid(133b1c86599deb644abe1cd48276d993) Importer(2089858483,192608db42251d675da83286b1cce702) (ScriptedImporter) -> (artifact id: '5d0e459fddc1092ca452d4cbfc32620b') in 0.006249917 seconds
Number of updated asset objects reloaded before import = 0Number of asset objects unloaded after import = 8

========================================================================
Received Import Request.
  Time since last request: 0.000028 seconds.
  path: Assets/POLYGON city pack/Meshes,textures/props_FBX/bench 2 texture.png
  artifactKey: Guid(90fbbba75d1fa4f44a8fcbe6dd8640ae) Importer(2089858483,192608db42251d675da83286b1cce702)
Start importing Assets/POLYGON city pack/Meshes,textures/props_FBX/bench 2 texture.png using Guid(90fbbba75d1fa4f44a8fcbe6dd8640ae) Importer(2089858483,192608db42251d675da83286b1cce702) (ScriptedImporter) -> (artifact id: '1841da2f0cc8ccf248b18073e1b2c312') in 0.005257708 seconds
Number of updated asset objects reloaded before import = 0Number of asset objects unloaded after import = 1

========================================================================
Received Import Request.
  Time since last request: 0.000065 seconds.
  path: Assets/POLYGON city pack/Prefabs/Floor/Street 2 Prefab.prefab
  artifactKey: Guid(09c381fe7eb215142a85dbabe00ae5b6) Importer(2089858483,192608db42251d675da83286b1cce702)
Start importing Assets/POLYGON city pack/Prefabs/Floor/Street 2 Prefab.prefab using Guid(09c381fe7eb215142a85dbabe00ae5b6) Importer(2089858483,192608db42251d675da83286b1cce702) (ScriptedImporter) -> (artifact id: 'd5b2119ff9e0d4824d4a5144fe1e302b') in 0.001728833 seconds
Number of updated asset objects reloaded before import = 0Number of asset objects unloaded after import = 10

========================================================================
Received Import Request.
  Time since last request: 0.000041 seconds.
  path: Assets/POLYGON city pack/Meshes,textures/props_FBX/traffic_OBJ.png
  artifactKey: Guid(0fa8506d184ec3646b272275067f1dde) Importer(2089858483,192608db42251d675da83286b1cce702)
Start importing Assets/POLYGON city pack/Meshes,textures/props_FBX/traffic_OBJ.png using Guid(0fa8506d184ec3646b272275067f1dde) Importer(2089858483,192608db42251d675da83286b1cce702) (ScriptedImporter) -> (artifact id: 'c4ff70cdd32d67e6bb0e9ca9019baa32') in 0.004689167 seconds
Number of updated asset objects reloaded before import = 0Number of asset objects unloaded after import = 1

========================================================================
Received Import Request.
  Time since last request: 0.000082 seconds.
  path: Assets/POLYGON city pack/Meshes,textures/props_FBX/fence c.fbx
  artifactKey: Guid(0759d138b95b5984384372f90050f954) Importer(2089858483,192608db42251d675da83286b1cce702)
Start importing Assets/POLYGON city pack/Meshes,textures/props_FBX/fence c.fbx using Guid(0759d138b95b5984384372f90050f954) Importer(2089858483,192608db42251d675da83286b1cce702) (ScriptedImporter) -> (artifact id: '3343261fe6c469c6bad8f9d5c54de1b4') in 0.006044958 seconds
Number of updated asset objects reloaded before import = 0Number of asset objects unloaded after import = 8

========================================================================
Received Import Request.
  Time since last request: 0.000081 seconds.
  path: Assets/POLYGON city pack/Meshes,textures/props_FBX/can cola 2.png
  artifactKey: Guid(72e1129b490397047a42f1a126238470) Importer(2089858483,192608db42251d675da83286b1cce702)
Start importing Assets/POLYGON city pack/Meshes,textures/props_FBX/can cola 2.png using Guid(72e1129b490397047a42f1a126238470) Importer(2089858483,192608db42251d675da83286b1cce702) (ScriptedImporter) -> (artifact id: '06599817d689adf1bf388fa50d66e467') in 0.004836667 seconds
Number of updated asset objects reloaded before import = 0Number of asset objects unloaded after import = 1

========================================================================
Received Import Request.
  Time since last request: 0.000092 seconds.
  path: Assets/POLYGON city pack/Prefabs/Buildings/Building_W_prefab.prefab
  artifactKey: Guid(daa1a100f65deb34787ae1bb55d44a76) Importer(2089858483,192608db42251d675da83286b1cce702)
Start importing Assets/POLYGON city pack/Prefabs/Buildings/Building_W_prefab.prefab using Guid(daa1a100f65deb34787ae1bb55d44a76) Importer(2089858483,192608db42251d675da83286b1cce702) (ScriptedImporter) -> (artifact id: '8c5ad0537de2d267a995ab13a7356041') in 0.002502667 seconds
Number of updated asset objects reloaded before import = 0Number of asset objects unloaded after import = 10

========================================================================
Received Import Request.
  Time since last request: 0.000027 seconds.
  path: Assets/POLYGON city pack/Meshes,textures/traffic signs FBX/road  traffic sign.png
  artifactKey: Guid(5d74f2f42095d5749bfd3e83bb58195f) Importer(2089858483,192608db42251d675da83286b1cce702)
Start importing Assets/POLYGON city pack/Meshes,textures/traffic signs FBX/road  traffic sign.png using Guid(5d74f2f42095d5749bfd3e83bb58195f) Importer(2089858483,192608db42251d675da83286b1cce702) (ScriptedImporter) -> (artifact id: 'fa9f0166aec603fff368dda50762b2d7') in 0.005290375 seconds
Number of updated asset objects reloaded before import = 0Number of asset objects unloaded after import = 1

========================================================================
Received Import Request.
  Time since last request: 0.000060 seconds.
  path: Assets/POLYGON city pack/Prefabs/Buildings/Shop_B_prefab.prefab
  artifactKey: Guid(9a52ba64c3a0abf49ad9515917ade04b) Importer(2089858483,192608db42251d675da83286b1cce702)
Start importing Assets/POLYGON city pack/Prefabs/Buildings/Shop_B_prefab.prefab using Guid(9a52ba64c3a0abf49ad9515917ade04b) Importer(2089858483,192608db42251d675da83286b1cce702) (ScriptedImporter) -> (artifact id: '14e8c86627adcf4362ea69ba57566ca3') in 0.00242725 seconds
Number of updated asset objects reloaded before import = 0Number of asset objects unloaded after import = 10

========================================================================
Received Import Request.
  Time since last request: 0.000029 seconds.
  path: Assets/POLYGON city pack/Meshes,textures/props_FBX/street_lamp 1.fbx
  artifactKey: Guid(be2c575b59c07d54e937a759af1f404e) Importer(2089858483,192608db42251d675da83286b1cce702)
Start importing Assets/POLYGON city pack/Meshes,textures/props_FBX/street_lamp 1.fbx using Guid(be2c575b59c07d54e937a759af1f404e) Importer(2089858483,192608db42251d675da83286b1cce702) (ScriptedImporter) -> (artifact id: '86201ee35479f6137c8895d51e1fcd3f') in 0.00817125 seconds
Number of updated asset objects reloaded before import = 0Number of asset objects unloaded after import = 9

========================================================================
Received Import Request.
  Time since last request: 0.000034 seconds.
  path: Assets/POLYGON city pack/Meshes,textures/ways_FBX/Street_11.png
  artifactKey: Guid(850efbda83da95c4199f9a394657dd12) Importer(2089858483,192608db42251d675da83286b1cce702)
Start importing Assets/POLYGON city pack/Meshes,textures/ways_FBX/Street_11.png using Guid(850efbda83da95c4199f9a394657dd12) Importer(2089858483,192608db42251d675da83286b1cce702) (ScriptedImporter) -> (artifact id: 'fe71024e8f42fdf497194b1351778911') in 0.007956625 seconds
Number of updated asset objects reloaded before import = 0Number of asset objects unloaded after import = 1

========================================================================
Received Import Request.
  Time since last request: 0.000071 seconds.
  path: Assets/POLYGON city pack/Meshes,textures/traffic signs FBX/parking sign.png
  artifactKey: Guid(4952f8b1e8c754f46a835d972bcf4479) Importer(2089858483,192608db42251d675da83286b1cce702)
Start importing Assets/POLYGON city pack/Meshes,textures/traffic signs FBX/parking sign.png using Guid(4952f8b1e8c754f46a835d972bcf4479) Importer(2089858483,192608db42251d675da83286b1cce702) (ScriptedImporter) -> (artifact id: '4477c6420ff93109f2c1cb78a15d6cf8') in 0.004668333 seconds
Number of updated asset objects reloaded before import = 0Number of asset objects unloaded after import = 1

========================================================================
Received Import Request.
  Time since last request: 0.000061 seconds.
  path: Assets/POLYGON city pack/Meshes,textures/ways_FBX/Sidewalk_10.fbx
  artifactKey: Guid(7e628f32de81f4b49a72746359f3dab3) Importer(2089858483,192608db42251d675da83286b1cce702)
Start importing Assets/POLYGON city pack/Meshes,textures/ways_FBX/Sidewalk_10.fbx using Guid(7e628f32de81f4b49a72746359f3dab3) Importer(2089858483,192608db42251d675da83286b1cce702) (ScriptedImporter) -> (artifact id: 'bab7b0fd82b351c3413b7171e5f76a8f') in 0.006602417 seconds
Number of updated asset objects reloaded before import = 0Number of asset objects unloaded after import = 9

========================================================================
Received Import Request.
  Time since last request: 0.000047 seconds.
  path: Assets/POLYGON city pack/Prefabs/Buildings/Building_A_prefab.prefab
  artifactKey: Guid(ba33f5f0a254c9443956b40146028648) Importer(2089858483,192608db42251d675da83286b1cce702)
Start importing Assets/POLYGON city pack/Prefabs/Buildings/Building_A_prefab.prefab using Guid(ba33f5f0a254c9443956b40146028648) Importer(2089858483,192608db42251d675da83286b1cce702) (ScriptedImporter) -> (artifact id: '02823cf8ec5aad2d79bbd720251e2656') in 0.002319084 seconds
Number of updated asset objects reloaded before import = 0Number of asset objects unloaded after import = 10

========================================================================
Received Import Request.
  Time since last request: 0.919753 seconds.
  path: Assets/POLYGON city pack/Prefabs/Floor/Street 4 8M prefab.prefab
  artifactKey: Guid(107e21d49b4ce0043a91771c91ae6c8c) Importer(2089858483,192608db42251d675da83286b1cce702)
Start importing Assets/POLYGON city pack/Prefabs/Floor/Street 4 8M prefab.prefab using Guid(107e21d49b4ce0043a91771c91ae6c8c) Importer(2089858483,192608db42251d675da83286b1cce702) (ScriptedImporter) -> (artifact id: 'ac83b088bf15ad6a72bb66f6a71675f1') in 0.006940042 seconds
Number of updated asset objects reloaded before import = 0Number of asset objects unloaded after import = 10

========================================================================
Received Import Request.
  Time since last request: 0.000055 seconds.
  path: Assets/POLYGON city pack/Prefabs/Letters/Letter_Z_Prefab.prefab
  artifactKey: Guid(3d1a7b5520cd4504fa9c2d0c7896d270) Importer(2089858483,192608db42251d675da83286b1cce702)
Start importing Assets/POLYGON city pack/Prefabs/Letters/Letter_Z_Prefab.prefab using Guid(3d1a7b5520cd4504fa9c2d0c7896d270) Importer(2089858483,192608db42251d675da83286b1cce702) (ScriptedImporter) -> (artifact id: 'd6de2e0cbb94e675bdb35715b20cba9c') in 0.002998209 seconds
Number of updated asset objects reloaded before import = 0Number of asset objects unloaded after import = 9

========================================================================
Received Import Request.
  Time since last request: 0.000046 seconds.
  path: Assets/SimplePoly City - Low Poly Assets/Prefab/Buildings/Building_Gas Station.prefab
  artifactKey: Guid(260808cfd9b21994d8c3007a7bc9934c) Importer(2089858483,192608db42251d675da83286b1cce702)
Start importing Assets/SimplePoly City - Low Poly Assets/Prefab/Buildings/Building_Gas Station.prefab using Guid(260808cfd9b21994d8c3007a7bc9934c) Importer(2089858483,192608db42251d675da83286b1cce702) (ScriptedImporter) -> (artifact id: 'ae03ad4e942bfe36dd8533f07a99d360') in 0.005613583 seconds
Number of updated asset objects reloaded before import = 0Number of asset objects unloaded after import = 8

========================================================================
Received Import Request.
  Time since last request: 0.000049 seconds.
  path: Assets/assets/city/buildings urban/low_buildingL.fbx
  artifactKey: Guid(ab93608a6950e463885f6617788f60b2) Importer(2089858483,192608db42251d675da83286b1cce702)
Start importing Assets/assets/city/buildings urban/low_buildingL.fbx using Guid(ab93608a6950e463885f6617788f60b2) Importer(2089858483,192608db42251d675da83286b1cce702) (ScriptedImporter) -> (artifact id: 'b251c4a900c20c88051a8dca68c7afd1') in 0.013903875 seconds
Number of updated asset objects reloaded before import = 0Number of asset objects unloaded after import = 9

========================================================================
Received Import Request.
  Time since last request: 0.000043 seconds.
  path: Assets/SimplePoly City - Low Poly Assets/Prefab/Buildings/Building Sky_big_color01.prefab
  artifactKey: Guid(22106dc63dce41746ad234a91af2d657) Importer(2089858483,192608db42251d675da83286b1cce702)
Start importing Assets/SimplePoly City - Low Poly Assets/Prefab/Buildings/Building Sky_big_color01.prefab using Guid(22106dc63dce41746ad234a91af2d657) Importer(2089858483,192608db42251d675da83286b1cce702) (ScriptedImporter) -> (artifact id: '5d419302b526f674d29baad1a00afc22') in 0.004563375 seconds
Number of updated asset objects reloaded before import = 0Number of asset objects unloaded after import = 8

========================================================================
Received Import Request.
  Time since last request: 0.000034 seconds.
  path: Assets/assets/city/fantasy/balconyWall.fbx
  artifactKey: Guid(1db399d5ce55643759835491ff3ddfef) Importer(2089858483,192608db42251d675da83286b1cce702)
Start importing Assets/assets/city/fantasy/balconyWall.fbx using Guid(1db399d5ce55643759835491ff3ddfef) Importer(2089858483,192608db42251d675da83286b1cce702) (ScriptedImporter) -> (artifact id: '5dcc91953acfea375de485fda4e59e0e') in 0.008496 seconds
Number of updated asset objects reloaded before import = 0Number of asset objects unloaded after import = 8

========================================================================
Received Import Request.
  Time since last request: 0.000043 seconds.
  path: Assets/SimplePoly City - Low Poly Assets/Prefab/Buildings/Building Sky_big_color03.prefab
  artifactKey: Guid(1d3fc70685d97b748ac1264d8da02551) Importer(2089858483,192608db42251d675da83286b1cce702)
Start importing Assets/SimplePoly City - Low Poly Assets/Prefab/Buildings/Building Sky_big_color03.prefab using Guid(1d3fc70685d97b748ac1264d8da02551) Importer(2089858483,192608db42251d675da83286b1cce702) (ScriptedImporter) -> (artifact id: 'cd2d68ad50d25b3348c02070ba0d2672') in 0.004041625 seconds
Number of updated asset objects reloaded before import = 0Number of asset objects unloaded after import = 8

========================================================================
Received Import Request.
  Time since last request: 0.000043 seconds.
  path: Assets/POLYGON city pack/Prefabs/traffic signs/traffic sign speed 50.prefab
  artifactKey: Guid(ffc3c787eefca4946b3deb5bb202361c) Importer(2089858483,192608db42251d675da83286b1cce702)
Start importing Assets/POLYGON city pack/Prefabs/traffic signs/traffic sign speed 50.prefab using Guid(ffc3c787eefca4946b3deb5bb202361c) Importer(2089858483,192608db42251d675da83286b1cce702) (ScriptedImporter) -> (artifact id: 'a1ce4ffef4cfec0b677bf15b401f2426') in 0.002094709 seconds
Number of updated asset objects reloaded before import = 0Number of asset objects unloaded after import = 10

========================================================================
Received Import Request.
  Time since last request: 0.000026 seconds.
  path: Assets/assets/city/buildings urban/wall_windowE.fbx
  artifactKey: Guid(6c18d868c20b04a6f870950804e4b1a6) Importer(2089858483,192608db42251d675da83286b1cce702)
Start importing Assets/assets/city/buildings urban/wall_windowE.fbx using Guid(6c18d868c20b04a6f870950804e4b1a6) Importer(2089858483,192608db42251d675da83286b1cce702) (ScriptedImporter) -> (artifact id: '598d284b91a2a9e47c14036ec5f85d00') in 0.009599125 seconds
Number of updated asset objects reloaded before import = 0Number of asset objects unloaded after import = 11

========================================================================
Received Import Request.
  Time since last request: 0.000044 seconds.
  path: Assets/assets/city/buildings urban/roof_corner.fbx
  artifactKey: Guid(6ddb03f7e629d40a4923144348c12711) Importer(2089858483,192608db42251d675da83286b1cce702)
Start importing Assets/assets/city/buildings urban/roof_corner.fbx using Guid(6ddb03f7e629d40a4923144348c12711) Importer(2089858483,192608db42251d675da83286b1cce702) (ScriptedImporter) -> (artifact id: 'b13da0d9ded4bddb02cdeb1597e4f38a') in 0.007513792 seconds
Number of updated asset objects reloaded before import = 0Number of asset objects unloaded after import = 9

========================================================================
Received Import Request.
  Time since last request: 0.000025 seconds.
  path: Assets/POLYGON city pack/Prefabs/Props/Flower 1 prefab C.prefab
  artifactKey: Guid(f5b753a0f2ae4e3448b73f8f56e8c157) Importer(2089858483,192608db42251d675da83286b1cce702)
Start importing Assets/POLYGON city pack/Prefabs/Props/Flower 1 prefab C.prefab using Guid(f5b753a0f2ae4e3448b73f8f56e8c157) Importer(2089858483,192608db42251d675da83286b1cce702) (ScriptedImporter) -> (artifact id: '209b39077f9fcad00cd212943ada5ca7') in 0.00173275 seconds
Number of updated asset objects reloaded before import = 0Number of asset objects unloaded after import = 9

========================================================================
Received Import Request.
  Time since last request: 0.000052 seconds.
  path: Assets/POLYGON city pack/Prefabs/Lamps/Lamp_5_prefab.prefab
  artifactKey: Guid(c843625d7d71737438cdcd19ad728753) Importer(2089858483,192608db42251d675da83286b1cce702)
Start importing Assets/POLYGON city pack/Prefabs/Lamps/Lamp_5_prefab.prefab using Guid(c843625d7d71737438cdcd19ad728753) Importer(2089858483,192608db42251d675da83286b1cce702) (ScriptedImporter) -> (artifact id: '8d877b358cde224db3c3dd187e3327a1') in 0.001577084 seconds
Number of updated asset objects reloaded before import = 0Number of asset objects unloaded after import = 16

========================================================================
Received Import Request.
  Time since last request: 0.000091 seconds.
  path: Assets/POLYGON city pack/Prefabs/Props/electrcity box prefab.prefab
  artifactKey: Guid(00330848c56cf3e42aefd14a7ebd14c6) Importer(2089858483,192608db42251d675da83286b1cce702)
Start importing Assets/POLYGON city pack/Prefabs/Props/electrcity box prefab.prefab using Guid(00330848c56cf3e42aefd14a7ebd14c6) Importer(2089858483,192608db42251d675da83286b1cce702) (ScriptedImporter) -> (artifact id: '9005ad47fef89862ca8615a2efa96e75') in 0.001410625 seconds
Number of updated asset objects reloaded before import = 0Number of asset objects unloaded after import = 10

========================================================================
Received Import Request.
  Time since last request: 0.000042 seconds.
  path: Assets/assets/city/fantasy/hedge.fbx
  artifactKey: Guid(8e24e9bd173844f53aab46c138aee1dd) Importer(2089858483,192608db42251d675da83286b1cce702)
Start importing Assets/assets/city/fantasy/hedge.fbx using Guid(8e24e9bd173844f53aab46c138aee1dd) Importer(2089858483,192608db42251d675da83286b1cce702) (ScriptedImporter) -> (artifact id: '5c069fef806d1388a269c610a0635730') in 0.006854042 seconds
Number of updated asset objects reloaded before import = 0Number of asset objects unloaded after import = 9

========================================================================
Received Import Request.
  Time since last request: 0.000044 seconds.
  path: Assets/SimplePoly City - Low Poly Assets/Prefab/Props/Props_Hydrant.prefab
  artifactKey: Guid(e0e851c58997b9c438fae494e3412749) Importer(2089858483,192608db42251d675da83286b1cce702)
Start importing Assets/SimplePoly City - Low Poly Assets/Prefab/Props/Props_Hydrant.prefab using Guid(e0e851c58997b9c438fae494e3412749) Importer(2089858483,192608db42251d675da83286b1cce702) (ScriptedImporter) -> (artifact id: '7a0f12b30cd70d81d46cc864da4a4b65') in 0.003540208 seconds
Number of updated asset objects reloaded before import = 0Number of asset objects unloaded after import = 8

========================================================================
Received Import Request.
  Time since last request: 0.000031 seconds.
  path: Assets/POLYGON city pack/Prefabs/Props/BurgerSho_Sign prefab.prefab
  artifactKey: Guid(331204bcfe96d5f4d83f7bdf75ea0873) Importer(2089858483,192608db42251d675da83286b1cce702)
Start importing Assets/POLYGON city pack/Prefabs/Props/BurgerSho_Sign prefab.prefab using Guid(331204bcfe96d5f4d83f7bdf75ea0873) Importer(2089858483,192608db42251d675da83286b1cce702) (ScriptedImporter) -> (artifact id: '6790f10d4d32d8bcde941070e5156a94') in 0.001890875 seconds
Number of updated asset objects reloaded before import = 0Number of asset objects unloaded after import = 10

========================================================================
Received Import Request.
  Time since last request: 0.000024 seconds.
  path: Assets/POLYGON city pack/Prefabs/Props/Flower 1 prefab E.prefab
  artifactKey: Guid(662342a1f0535f34db513eb61d76ee9f) Importer(2089858483,192608db42251d675da83286b1cce702)
Start importing Assets/POLYGON city pack/Prefabs/Props/Flower 1 prefab E.prefab using Guid(662342a1f0535f34db513eb61d76ee9f) Importer(2089858483,192608db42251d675da83286b1cce702) (ScriptedImporter) -> (artifact id: '988db2d57f1e1fd5a2bc53ee538c2319') in 0.00173975 seconds
Number of updated asset objects reloaded before import = 0Number of asset objects unloaded after import = 9

========================================================================
Received Import Request.
  Time since last request: 0.000051 seconds.
  path: Assets/SimplePoly City - Low Poly Assets/Prefab/Natures/Natures_House Floor.prefab
  artifactKey: Guid(2d5fb229ae2945742b900a405a5e7a0b) Importer(2089858483,192608db42251d675da83286b1cce702)
Start importing Assets/SimplePoly City - Low Poly Assets/Prefab/Natures/Natures_House Floor.prefab using Guid(2d5fb229ae2945742b900a405a5e7a0b) Importer(2089858483,192608db42251d675da83286b1cce702) (ScriptedImporter) -> (artifact id: 'bc79471b094ee111b3fff1633370a922') in 0.005029875 seconds
Number of updated asset objects reloaded before import = 0Number of asset objects unloaded after import = 10

========================================================================
Received Import Request.
  Time since last request: 0.000034 seconds.
  path: Assets/SimplePoly City - Low Poly Assets/Prefab/Props/Props_BillBoard_medium.prefab
  artifactKey: Guid(24ecc5bb467b3fe4b9c1660c3678ef90) Importer(2089858483,192608db42251d675da83286b1cce702)
Start importing Assets/SimplePoly City - Low Poly Assets/Prefab/Props/Props_BillBoard_medium.prefab using Guid(24ecc5bb467b3fe4b9c1660c3678ef90) Importer(2089858483,192608db42251d675da83286b1cce702) (ScriptedImporter) -> (artifact id: '2517d447cc363424e7f624806e4069a3') in 0.003632667 seconds
Number of updated asset objects reloaded before import = 0Number of asset objects unloaded after import = 8

========================================================================
Received Import Request.
  Time since last request: 0.000056 seconds.
  path: Assets/POLYGON city pack/Prefabs/Letters/Letter_B_Prefab.prefab
  artifactKey: Guid(57671d8d7e3c6ac4484342e67b69f13a) Importer(2089858483,192608db42251d675da83286b1cce702)
Start importing Assets/POLYGON city pack/Prefabs/Letters/Letter_B_Prefab.prefab using Guid(57671d8d7e3c6ac4484342e67b69f13a) Importer(2089858483,192608db42251d675da83286b1cce702) (ScriptedImporter) -> (artifact id: 'ea07fd8b858b77bf10e2bae9a4b5f108') in 0.002025709 seconds
Number of updated asset objects reloaded before import = 0Number of asset objects unloaded after import = 16

========================================================================
Received Import Request.
  Time since last request: 0.000024 seconds.
  path: Assets/POLYGON city pack/Prefabs/Props/drain 2 prefab.prefab
  artifactKey: Guid(cc198c66ba240c946b6f10f40c60795a) Importer(2089858483,192608db42251d675da83286b1cce702)
Start importing Assets/POLYGON city pack/Prefabs/Props/drain 2 prefab.prefab using Guid(cc198c66ba240c946b6f10f40c60795a) Importer(2089858483,192608db42251d675da83286b1cce702) (ScriptedImporter) -> (artifact id: '32cc8e4c292d42400692a46e5dd8b5cf') in 0.001902375 seconds
Number of updated asset objects reloaded before import = 0Number of asset objects unloaded after import = 10

========================================================================
Received Import Request.
  Time since last request: 0.000037 seconds.
  path: Assets/POLYGON city pack/Prefabs/Props/flower 3 prefab.prefab
  artifactKey: Guid(6b24ffcfe69c69248a5197ca61cb57bf) Importer(2089858483,192608db42251d675da83286b1cce702)
Start importing Assets/POLYGON city pack/Prefabs/Props/flower 3 prefab.prefab using Guid(6b24ffcfe69c69248a5197ca61cb57bf) Importer(2089858483,192608db42251d675da83286b1cce702) (ScriptedImporter) -> (artifact id: '0b6e61063389cbdf05813b9e380ce907') in 0.001812791 seconds
Number of updated asset objects reloaded before import = 0Number of asset objects unloaded after import = 9

========================================================================
Received Import Request.
  Time since last request: 0.000033 seconds.
  path: Assets/SimplePoly City - Low Poly Assets/Prefab/Buildings/Building Sky_small_color01.prefab
  artifactKey: Guid(6a690a756dbd65141a09a3ad7fafacc4) Importer(2089858483,192608db42251d675da83286b1cce702)
Start importing Assets/SimplePoly City - Low Poly Assets/Prefab/Buildings/Building Sky_small_color01.prefab using Guid(6a690a756dbd65141a09a3ad7fafacc4) Importer(2089858483,192608db42251d675da83286b1cce702) (ScriptedImporter) -> (artifact id: '58d80bac8fbdb878737c22ca5ef723f6') in 0.004318875 seconds
Number of updated asset objects reloaded before import = 0Number of asset objects unloaded after import = 8

========================================================================
Received Import Request.
  Time since last request: 0.000030 seconds.
  path: Assets/POLYGON city pack/Prefabs/Props/Can_cola 1 prefab.prefab
  artifactKey: Guid(81d26dcff31f3ee45a7af58439d44b2e) Importer(2089858483,192608db42251d675da83286b1cce702)
Start importing Assets/POLYGON city pack/Prefabs/Props/Can_cola 1 prefab.prefab using Guid(81d26dcff31f3ee45a7af58439d44b2e) Importer(2089858483,192608db42251d675da83286b1cce702) (ScriptedImporter) -> (artifact id: '30151aae97f01f9e18a2151f4d9c4051') in 0.001783792 seconds
Number of updated asset objects reloaded before import = 0Number of asset objects unloaded after import = 10

========================================================================
Received Import Request.
  Time since last request: 0.000033 seconds.
  path: Assets/SimplePoly City - Low Poly Assets/Prefab/Props/Props_Traffic Sign_stop.prefab
  artifactKey: Guid(6c862cab8ca035a448da05df5868553a) Importer(2089858483,192608db42251d675da83286b1cce702)
Start importing Assets/SimplePoly City - Low Poly Assets/Prefab/Props/Props_Traffic Sign_stop.prefab using Guid(6c862cab8ca035a448da05df5868553a) Importer(2089858483,192608db42251d675da83286b1cce702) (ScriptedImporter) -> (artifact id: '5f95414c574a62af0a2cc767014a55d0') in 0.003450083 seconds
Number of updated asset objects reloaded before import = 0Number of asset objects unloaded after import = 8

========================================================================
Received Import Request.
  Time since last request: 0.000069 seconds.
  path: Assets/assets/city/fantasy/fountainRound.fbx
  artifactKey: Guid(3de501b45ecf64e0bbf7b390eba48d7c) Importer(2089858483,192608db42251d675da83286b1cce702)
Start importing Assets/assets/city/fantasy/fountainRound.fbx using Guid(3de501b45ecf64e0bbf7b390eba48d7c) Importer(2089858483,192608db42251d675da83286b1cce702) (ScriptedImporter) -> (artifact id: 'de936b05d901b9c16020290bb2aafe63') in 0.008411792 seconds
Number of updated asset objects reloaded before import = 0Number of asset objects unloaded after import = 10

========================================================================
Received Import Request.
  Time since last request: 0.000039 seconds.
  path: Assets/POLYGON city pack/Prefabs/Props/Hospital_sign prefab.prefab
  artifactKey: Guid(59f2f37d570039d41891cb6cb0bf2011) Importer(2089858483,192608db42251d675da83286b1cce702)
Start importing Assets/POLYGON city pack/Prefabs/Props/Hospital_sign prefab.prefab using Guid(59f2f37d570039d41891cb6cb0bf2011) Importer(2089858483,192608db42251d675da83286b1cce702) (ScriptedImporter) -> (artifact id: 'aa5d5ecc4738bab2d8a2b5943d7a3091') in 0.00244175 seconds
Number of updated asset objects reloaded before import = 0Number of asset objects unloaded after import = 10

========================================================================
Received Import Request.
  Time since last request: 0.000030 seconds.
  path: Assets/assets/city/fantasy/fountainCornerInner.fbx
  artifactKey: Guid(d69bea6b2b3d9423fabed820917ffa7c) Importer(2089858483,192608db42251d675da83286b1cce702)
Start importing Assets/assets/city/fantasy/fountainCornerInner.fbx using Guid(d69bea6b2b3d9423fabed820917ffa7c) Importer(2089858483,192608db42251d675da83286b1cce702) (ScriptedImporter) -> (artifact id: '915320007583d2e181f996930f63e1be') in 0.008778875 seconds
Number of updated asset objects reloaded before import = 0Number of asset objects unloaded after import = 10

========================================================================
Received Import Request.
  Time since last request: 0.000046 seconds.
  path: Assets/POLYGON city pack/Prefabs/Floor/Street 4 grey 2M prefab.prefab
  artifactKey: Guid(21a7832e115724d42974d61698102f71) Importer(2089858483,192608db42251d675da83286b1cce702)
Start importing Assets/POLYGON city pack/Prefabs/Floor/Street 4 grey 2M prefab.prefab using Guid(21a7832e115724d42974d61698102f71) Importer(2089858483,192608db42251d675da83286b1cce702) (ScriptedImporter) -> (artifact id: 'da6503cc040bbdb363ea45ea25f3f5ad') in 0.001954875 seconds
Number of updated asset objects reloaded before import = 0Number of asset objects unloaded after import = 10

========================================================================
Received Import Request.
  Time since last request: 0.000036 seconds.
  path: Assets/POLYGON city pack/Prefabs/traffic signs/parking sign.prefab
  artifactKey: Guid(e27f1e8036aa32748b6e0aff27468160) Importer(2089858483,192608db42251d675da83286b1cce702)
Start importing Assets/POLYGON city pack/Prefabs/traffic signs/parking sign.prefab using Guid(e27f1e8036aa32748b6e0aff27468160) Importer(2089858483,192608db42251d675da83286b1cce702) (ScriptedImporter) -> (artifact id: '44392eafbe1dd845c5d9433a4a883fb9') in 0.001790291 seconds
Number of updated asset objects reloaded before import = 0Number of asset objects unloaded after import = 10

========================================================================
Received Import Request.
  Time since last request: 0.000044 seconds.
  path: Assets/assets/city/buildings urban/detail_umbrellaDetailed.fbx
  artifactKey: Guid(ca630f2cada8344e3b872de20a26f9b8) Importer(2089858483,192608db42251d675da83286b1cce702)
Start importing Assets/assets/city/buildings urban/detail_umbrellaDetailed.fbx using Guid(ca630f2cada8344e3b872de20a26f9b8) Importer(2089858483,192608db42251d675da83286b1cce702) (ScriptedImporter) -> (artifact id: '4de93199eb4689948a3cd1be8b8926aa') in 0.008267708 seconds
Number of updated asset objects reloaded before import = 0Number of asset objects unloaded after import = 10

========================================================================
Received Import Request.
  Time since last request: 0.000040 seconds.
  path: Assets/SimplePoly City - Low Poly Assets/Prefab/Buildings/Building_Factory.prefab
  artifactKey: Guid(f6674c1362ba984468bc1e71a2323d66) Importer(2089858483,192608db42251d675da83286b1cce702)
Start importing Assets/SimplePoly City - Low Poly Assets/Prefab/Buildings/Building_Factory.prefab using Guid(f6674c1362ba984468bc1e71a2323d66) Importer(2089858483,192608db42251d675da83286b1cce702) (ScriptedImporter) -> (artifact id: '703aaa7ea9f94f71765cf19a0ce02ede') in 0.003444791 seconds
Number of updated asset objects reloaded before import = 0Number of asset objects unloaded after import = 8

========================================================================
Received Import Request.
  Time since last request: 0.000041 seconds.
  path: Assets/assets/city/buildings urban/low_buildingJ.fbx
  artifactKey: Guid(0e1d462a389644034b27073f87281b81) Importer(2089858483,192608db42251d675da83286b1cce702)
Start importing Assets/assets/city/buildings urban/low_buildingJ.fbx using Guid(0e1d462a389644034b27073f87281b81) Importer(2089858483,192608db42251d675da83286b1cce702) (ScriptedImporter) -> (artifact id: '7cdc50744c2a5b36e9001bd9f2aad5c8') in 0.007552083 seconds
Number of updated asset objects reloaded before import = 0Number of asset objects unloaded after import = 9

========================================================================
Received Import Request.
  Time since last request: 0.000032 seconds.
  path: Assets/SimplePoly City - Low Poly Assets/Prefab/Props/Props_Roof_prop.prefab
  artifactKey: Guid(918397a7e0523114ea408fc4eb8ca157) Importer(2089858483,192608db42251d675da83286b1cce702)
Start importing Assets/SimplePoly City - Low Poly Assets/Prefab/Props/Props_Roof_prop.prefab using Guid(918397a7e0523114ea408fc4eb8ca157) Importer(2089858483,192608db42251d675da83286b1cce702) (ScriptedImporter) -> (artifact id: '39cb76c14c1e42faf8502fd85795ea58') in 0.003423875 seconds
Number of updated asset objects reloaded before import = 0Number of asset objects unloaded after import = 8

========================================================================
Received Import Request.
  Time since last request: 0.000017 seconds.
  path: Assets/assets/city/buildings urban/large_buildingF.fbx
  artifactKey: Guid(66766507c95bf435da95097a0f48dde0) Importer(2089858483,192608db42251d675da83286b1cce702)
Start importing Assets/assets/city/buildings urban/large_buildingF.fbx using Guid(66766507c95bf435da95097a0f48dde0) Importer(2089858483,192608db42251d675da83286b1cce702) (ScriptedImporter) -> (artifact id: '35190d40e1301972136a9f45a4aa4890') in 0.009450583 seconds
Number of updated asset objects reloaded before import = 0Number of asset objects unloaded after import = 12

========================================================================
Received Import Request.
  Time since last request: 0.000027 seconds.
  path: Assets/POLYGON city pack/Prefabs/Letters/Letter_T_Prefab.prefab
  artifactKey: Guid(624f250b25af37343ada3e052b9968b1) Importer(2089858483,192608db42251d675da83286b1cce702)
Start importing Assets/POLYGON city pack/Prefabs/Letters/Letter_T_Prefab.prefab using Guid(624f250b25af37343ada3e052b9968b1) Importer(2089858483,192608db42251d675da83286b1cce702) (ScriptedImporter) -> (artifact id: '921c843f34ff066292bdfe4656ddda43') in 0.001738083 seconds
Number of updated asset objects reloaded before import = 0Number of asset objects unloaded after import = 9

========================================================================
Received Import Request.
  Time since last request: 0.000034 seconds.
  path: Assets/POLYGON city pack/Prefabs/Props/televserion antenna prefab.prefab
  artifactKey: Guid(672edbc300fa6bd439cf13ff7878bdea) Importer(2089858483,192608db42251d675da83286b1cce702)
Start importing Assets/POLYGON city pack/Prefabs/Props/televserion antenna prefab.prefab using Guid(672edbc300fa6bd439cf13ff7878bdea) Importer(2089858483,192608db42251d675da83286b1cce702) (ScriptedImporter) -> (artifact id: '66340629adc0144436a61aaa6a3cebe8') in 0.001611875 seconds
Number of updated asset objects reloaded before import = 0Number of asset objects unloaded after import = 10

========================================================================
Received Import Request.
  Time since last request: 0.000028 seconds.
  path: Assets/assets/city/buildings urban/skyscraperC.fbx
  artifactKey: Guid(3b52d61d5750542e586fbf857a90e3fa) Importer(2089858483,192608db42251d675da83286b1cce702)
Start importing Assets/assets/city/buildings urban/skyscraperC.fbx using Guid(3b52d61d5750542e586fbf857a90e3fa) Importer(2089858483,192608db42251d675da83286b1cce702) (ScriptedImporter) -> (artifact id: '42689dd62716792476da69459f6f872b') in 0.010313541 seconds
Number of updated asset objects reloaded before import = 0Number of asset objects unloaded after import = 13

========================================================================
Received Import Request.
  Time since last request: 0.000025 seconds.
  path: Assets/POLYGON city pack/Prefabs/Props/flower 2 prefab.prefab
  artifactKey: Guid(0f1f4c4f42ef5c74c8dd43866325948d) Importer(2089858483,192608db42251d675da83286b1cce702)
Start importing Assets/POLYGON city pack/Prefabs/Props/flower 2 prefab.prefab using Guid(0f1f4c4f42ef5c74c8dd43866325948d) Importer(2089858483,192608db42251d675da83286b1cce702) (ScriptedImporter) -> (artifact id: '43e8c0862f1a29b0d04e78f99bea60a1') in 0.00163325 seconds
Number of updated asset objects reloaded before import = 0Number of asset objects unloaded after import = 9

========================================================================
Received Import Request.
  Time since last request: 0.000038 seconds.
  path: Assets/SimplePoly City - Low Poly Assets/Prefab/Buildings/Building Sky_small_color02.prefab
  artifactKey: Guid(cc0981408e7c8db4f9f80a57938fd5e3) Importer(2089858483,192608db42251d675da83286b1cce702)
Start importing Assets/SimplePoly City - Low Poly Assets/Prefab/Buildings/Building Sky_small_color02.prefab using Guid(cc0981408e7c8db4f9f80a57938fd5e3) Importer(2089858483,192608db42251d675da83286b1cce702) (ScriptedImporter) -> (artifact id: '1cb3c5b2b3f3193b55311365b8ac4e32') in 0.003232125 seconds
Number of updated asset objects reloaded before import = 0Number of asset objects unloaded after import = 8

========================================================================
Received Import Request.
  Time since last request: 0.000052 seconds.
  path: Assets/POLYGON city pack/Prefabs/Props/Mail_box prefab.prefab
  artifactKey: Guid(3f3f0ad0013c05f478f38f3920e05817) Importer(2089858483,192608db42251d675da83286b1cce702)
Start importing Assets/POLYGON city pack/Prefabs/Props/Mail_box prefab.prefab using Guid(3f3f0ad0013c05f478f38f3920e05817) Importer(2089858483,192608db42251d675da83286b1cce702) (ScriptedImporter) -> (artifact id: 'df3f50e2c37ef2d74a677e68219416be') in 0.001912166 seconds
Number of updated asset objects reloaded before import = 0Number of asset objects unloaded after import = 10

========================================================================
Received Import Request.
  Time since last request: 0.000044 seconds.
  path: Assets/POLYGON city pack/Prefabs/Props/platt sign 4 prefab.prefab
  artifactKey: Guid(8375612b26134aa47966b68d5e0b25bb) Importer(2089858483,192608db42251d675da83286b1cce702)
Start importing Assets/POLYGON city pack/Prefabs/Props/platt sign 4 prefab.prefab using Guid(8375612b26134aa47966b68d5e0b25bb) Importer(2089858483,192608db42251d675da83286b1cce702) (ScriptedImporter) -> (artifact id: '3a52b96ee23ef6fd1d166c3955113908') in 0.002020583 seconds
Number of updated asset objects reloaded before import = 0Number of asset objects unloaded after import = 10

========================================================================
Received Import Request.
  Time since last request: 0.000043 seconds.
  path: Assets/SimplePoly City - Low Poly Assets/Prefab/Roads/Road Lane_04.prefab
  artifactKey: Guid(5dca1204e7e935d408728950a2ad997e) Importer(2089858483,192608db42251d675da83286b1cce702)
Start importing Assets/SimplePoly City - Low Poly Assets/Prefab/Roads/Road Lane_04.prefab using Guid(5dca1204e7e935d408728950a2ad997e) Importer(2089858483,192608db42251d675da83286b1cce702) (ScriptedImporter) -> (artifact id: 'ca4afbf7f7c20ad1de28f4ef3c010a19') in 0.004124458 seconds
Number of updated asset objects reloaded before import = 0Number of asset objects unloaded after import = 8

========================================================================
Received Import Request.
  Time since last request: 0.000036 seconds.
  path: Assets/SimplePoly City - Low Poly Assets/Prefab/Buildings/Building_House_03_color01.prefab
  artifactKey: Guid(11c264ca1bac5d74d883c776435fa684) Importer(2089858483,192608db42251d675da83286b1cce702)
Start importing Assets/SimplePoly City - Low Poly Assets/Prefab/Buildings/Building_House_03_color01.prefab using Guid(11c264ca1bac5d74d883c776435fa684) Importer(2089858483,192608db42251d675da83286b1cce702) (ScriptedImporter) -> (artifact id: '95b3efbbfc489652826cda4da5f58ff4') in 0.004174958 seconds
Number of updated asset objects reloaded before import = 0Number of asset objects unloaded after import = 8

========================================================================
Received Import Request.
  Time since last request: 0.000027 seconds.
  path: Assets/SimplePoly City - Low Poly Assets/Prefab/Props/Props_Dustbin.prefab
  artifactKey: Guid(d59a4f6080634af41a616bc51af1d2d9) Importer(2089858483,192608db42251d675da83286b1cce702)
Start importing Assets/SimplePoly City - Low Poly Assets/Prefab/Props/Props_Dustbin.prefab using Guid(d59a4f6080634af41a616bc51af1d2d9) Importer(2089858483,192608db42251d675da83286b1cce702) (ScriptedImporter) -> (artifact id: '436361d9ba64026fc770c62e493f2281') in 0.003509 seconds
Number of updated asset objects reloaded before import = 0Number of asset objects unloaded after import = 8

========================================================================
Received Import Request.
  Time since last request: 0.000032 seconds.
  path: Assets/SimplePoly City - Low Poly Assets/Prefab/Natures/Natures_Bush_02.prefab
  artifactKey: Guid(f75f232634166cc459a69e7fd7a30880) Importer(2089858483,192608db42251d675da83286b1cce702)
Start importing Assets/SimplePoly City - Low Poly Assets/Prefab/Natures/Natures_Bush_02.prefab using Guid(f75f232634166cc459a69e7fd7a30880) Importer(2089858483,192608db42251d675da83286b1cce702) (ScriptedImporter) -> (artifact id: '1a01f4e88c94aef114f789760a535c2c') in 0.003390459 seconds
Number of updated asset objects reloaded before import = 0Number of asset objects unloaded after import = 8

========================================================================
Received Import Request.
  Time since last request: 0.000039 seconds.
  path: Assets/assets/city/buildings urban/skyscraperF.fbx
  artifactKey: Guid(3dee7070e88b04665928804930e0ecac) Importer(2089858483,192608db42251d675da83286b1cce702)
Start importing Assets/assets/city/buildings urban/skyscraperF.fbx using Guid(3dee7070e88b04665928804930e0ecac) Importer(2089858483,192608db42251d675da83286b1cce702) (ScriptedImporter) -> (artifact id: '283268f7de4623466497f4788ee197f3') in 0.008805625 seconds
Number of updated asset objects reloaded before import = 0Number of asset objects unloaded after import = 11

========================================================================
Received Import Request.
  Time since last request: 0.000059 seconds.
  path: Assets/SimplePoly City - Low Poly Assets/Prefab/Props/Props_Traffic Control Barrier Fence.prefab
  artifactKey: Guid(484404636ac422042a24ac95512dc2d3) Importer(2089858483,192608db42251d675da83286b1cce702)
Start importing Assets/SimplePoly City - Low Poly Assets/Prefab/Props/Props_Traffic Control Barrier Fence.prefab using Guid(484404636ac422042a24ac95512dc2d3) Importer(2089858483,192608db42251d675da83286b1cce702) (ScriptedImporter) -> (artifact id: 'f69e732a458880be18cfa4cf594b7873') in 0.00530425 seconds
Number of updated asset objects reloaded before import = 0Number of asset objects unloaded after import = 8

========================================================================
Received Import Request.
  Time since last request: 0.000028 seconds.
  path: Assets/POLYGON city pack/Prefabs/Props/Can_lemon prefab.prefab
  artifactKey: Guid(af9d0903bfdf9c749ac85725af5631ec) Importer(2089858483,192608db42251d675da83286b1cce702)
Start importing Assets/POLYGON city pack/Prefabs/Props/Can_lemon prefab.prefab using Guid(af9d0903bfdf9c749ac85725af5631ec) Importer(2089858483,192608db42251d675da83286b1cce702) (ScriptedImporter) -> (artifact id: 'e4a97ab9e8d241584a171c5c745b174c') in 0.002061875 seconds
Number of updated asset objects reloaded before import = 0Number of asset objects unloaded after import = 10

========================================================================
Received Import Request.
  Time since last request: 0.000027 seconds.
  path: Assets/POLYGON city pack/Prefabs/Letters/Letter_I_Prefab.prefab
  artifactKey: Guid(bcec7c2b0048dfa4582dd821645c76b4) Importer(2089858483,192608db42251d675da83286b1cce702)
Start importing Assets/POLYGON city pack/Prefabs/Letters/Letter_I_Prefab.prefab using Guid(bcec7c2b0048dfa4582dd821645c76b4) Importer(2089858483,192608db42251d675da83286b1cce702) (ScriptedImporter) -> (artifact id: 'c5e894f6ae2581f12cd6873032d1c86b') in 0.001639625 seconds
Number of updated asset objects reloaded before import = 0Number of asset objects unloaded after import = 9

========================================================================
Received Import Request.
  Time since last request: 0.000030 seconds.
  path: Assets/POLYGON city pack/Prefabs/Props/trashBag prefab.prefab
  artifactKey: Guid(b0bb4b9691721cf4791e1124d867edd8) Importer(2089858483,192608db42251d675da83286b1cce702)
Start importing Assets/POLYGON city pack/Prefabs/Props/trashBag prefab.prefab using Guid(b0bb4b9691721cf4791e1124d867edd8) Importer(2089858483,192608db42251d675da83286b1cce702) (ScriptedImporter) -> (artifact id: '971ece11eb14e8754fa218bf304290f9') in 0.001840875 seconds
Number of updated asset objects reloaded before import = 0Number of asset objects unloaded after import = 10

========================================================================
Received Import Request.
  Time since last request: 0.000047 seconds.
  path: Assets/POLYGON city pack/Prefabs/Floor/Street 9 Prefab.prefab
  artifactKey: Guid(c7882e4d30114944b9894c2c302d8a34) Importer(2089858483,192608db42251d675da83286b1cce702)
Start importing Assets/POLYGON city pack/Prefabs/Floor/Street 9 Prefab.prefab using Guid(c7882e4d30114944b9894c2c302d8a34) Importer(2089858483,192608db42251d675da83286b1cce702) (ScriptedImporter) -> (artifact id: 'bd05bed84dd32fcb16bfd3544875e3e7') in 0.001798167 seconds
Number of updated asset objects reloaded before import = 0Number of asset objects unloaded after import = 10

========================================================================
Received Import Request.
  Time since last request: 0.000047 seconds.
  path: Assets/SimplePoly City - Low Poly Assets/Prefab/Buildings/Building_Restaurant.prefab
  artifactKey: Guid(bc532b78ce09f234ea01da2deecfe035) Importer(2089858483,192608db42251d675da83286b1cce702)
Start importing Assets/SimplePoly City - Low Poly Assets/Prefab/Buildings/Building_Restaurant.prefab using Guid(bc532b78ce09f234ea01da2deecfe035) Importer(2089858483,192608db42251d675da83286b1cce702) (ScriptedImporter) -> (artifact id: 'f9dc4ae1ce4d9bd8118630902f639c64') in 0.003387167 seconds
Number of updated asset objects reloaded before import = 0Number of asset objects unloaded after import = 8

========================================================================
Received Import Request.
  Time since last request: 0.000026 seconds.
  path: Assets/SimplePoly City - Low Poly Assets/Prefab/Buildings/Building_House_03_color02.prefab
  artifactKey: Guid(e2ffb9183a7dce445adfb3d2d4d7bfd6) Importer(2089858483,192608db42251d675da83286b1cce702)
Start importing Assets/SimplePoly City - Low Poly Assets/Prefab/Buildings/Building_House_03_color02.prefab using Guid(e2ffb9183a7dce445adfb3d2d4d7bfd6) Importer(2089858483,192608db42251d675da83286b1cce702) (ScriptedImporter) -> (artifact id: '3adfda2a0ad4759bc5b1eea88b633942') in 0.004135875 seconds
Number of updated asset objects reloaded before import = 0Number of asset objects unloaded after import = 8

========================================================================
Received Import Request.
  Time since last request: 0.000032 seconds.
  path: Assets/POLYGON city pack/Prefabs/Props/Stone 1 Prefab.prefab
  artifactKey: Guid(64c8858bb5c72b0449860f828a7a54fa) Importer(2089858483,192608db42251d675da83286b1cce702)
Start importing Assets/POLYGON city pack/Prefabs/Props/Stone 1 Prefab.prefab using Guid(64c8858bb5c72b0449860f828a7a54fa) Importer(2089858483,192608db42251d675da83286b1cce702) (ScriptedImporter) -> (artifact id: 'bf3b92490dc4cbbeb903bab634e72707') in 0.0018665 seconds
Number of updated asset objects reloaded before import = 0Number of asset objects unloaded after import = 10

========================================================================
Received Import Request.
  Time since last request: 0.000027 seconds.
  path: Assets/SimplePoly City - Low Poly Assets/Prefab/Buildings/Building_Chicken Shop.prefab
  artifactKey: Guid(8b3eca4c34b9e1148a3c4d42a48dd5b8) Importer(2089858483,192608db42251d675da83286b1cce702)
Start importing Assets/SimplePoly City - Low Poly Assets/Prefab/Buildings/Building_Chicken Shop.prefab using Guid(8b3eca4c34b9e1148a3c4d42a48dd5b8) Importer(2089858483,192608db42251d675da83286b1cce702) (ScriptedImporter) -> (artifact id: 'be3ae0deb6451b157b93830f70e89ddc') in 0.003332959 seconds
Number of updated asset objects reloaded before import = 0Number of asset objects unloaded after import = 8

========================================================================
Received Import Request.
  Time since last request: 0.000028 seconds.
  path: Assets/POLYGON city pack/Prefabs/Floor/stoneway 3.prefab
  artifactKey: Guid(28f59ecb5ee7e2a4a9060e22ad8bc84f) Importer(2089858483,192608db42251d675da83286b1cce702)
Start importing Assets/POLYGON city pack/Prefabs/Floor/stoneway 3.prefab using Guid(28f59ecb5ee7e2a4a9060e22ad8bc84f) Importer(2089858483,192608db42251d675da83286b1cce702) (ScriptedImporter) -> (artifact id: '6866672f4477d3cb47db3cefa3fc0096') in 0.001796416 seconds
Number of updated asset objects reloaded before import = 0Number of asset objects unloaded after import = 10

========================================================================
Received Import Request.
  Time since last request: 0.000026 seconds.
  path: Assets/POLYGON city pack/Prefabs/Letters/Letter_L_Prefab.prefab
  artifactKey: Guid(13e171104ed12b849a7bd5e888d86142) Importer(2089858483,192608db42251d675da83286b1cce702)
Start importing Assets/POLYGON city pack/Prefabs/Letters/Letter_L_Prefab.prefab using Guid(13e171104ed12b849a7bd5e888d86142) Importer(2089858483,192608db42251d675da83286b1cce702) (ScriptedImporter) -> (artifact id: 'd66bcc00293ac7036b2b642d2e16cf11') in 0.001565209 seconds
Number of updated asset objects reloaded before import = 0Number of asset objects unloaded after import = 9

========================================================================
Received Import Request.
  Time since last request: 0.000052 seconds.
  path: Assets/assets/city/buildings urban/roof_side.fbx
  artifactKey: Guid(059fefaad604f40cfa6a7af1c73ede3a) Importer(2089858483,192608db42251d675da83286b1cce702)
Start importing Assets/assets/city/buildings urban/roof_side.fbx using Guid(059fefaad604f40cfa6a7af1c73ede3a) Importer(2089858483,192608db42251d675da83286b1cce702) (ScriptedImporter) -> (artifact id: '1bb63ed0170715df9bb4b9800c076310') in 0.007033417 seconds
Number of updated asset objects reloaded before import = 0Number of asset objects unloaded after import = 9

========================================================================
Received Import Request.
  Time since last request: 0.000042 seconds.
  path: Assets/POLYGON city pack/Prefabs/Floor/Walkway 4 Prefab.prefab
  artifactKey: Guid(f05e5e37b07893d42b4d91839e7299d0) Importer(2089858483,192608db42251d675da83286b1cce702)
Start importing Assets/POLYGON city pack/Prefabs/Floor/Walkway 4 Prefab.prefab using Guid(f05e5e37b07893d42b4d91839e7299d0) Importer(2089858483,192608db42251d675da83286b1cce702) (ScriptedImporter) -> (artifact id: 'ba11a940047fb91fd2d0f2dd4723fdf0') in 0.00184725 seconds
Number of updated asset objects reloaded before import = 0Number of asset objects unloaded after import = 10

========================================================================
Received Import Request.
  Time since last request: 0.000058 seconds.
  path: Assets/assets/city/fantasy/fountainSquareDetail.fbx
  artifactKey: Guid(1c22a1a8fdf454b33978a5acc930c2ef) Importer(2089858483,192608db42251d675da83286b1cce702)
Start importing Assets/assets/city/fantasy/fountainSquareDetail.fbx using Guid(1c22a1a8fdf454b33978a5acc930c2ef) Importer(2089858483,192608db42251d675da83286b1cce702) (ScriptedImporter) -> (artifact id: '9c48f12a673c00d70588a4fd80351b67') in 0.007569083 seconds
Number of updated asset objects reloaded before import = 0Number of asset objects unloaded after import = 10

========================================================================
Received Import Request.
  Time since last request: 0.000039 seconds.
  path: Assets/assets/city/buildings urban/detail_awningWide.fbx
  artifactKey: Guid(afb40163a732c4fd1863de6a8dac213d) Importer(2089858483,192608db42251d675da83286b1cce702)
Start importing Assets/assets/city/buildings urban/detail_awningWide.fbx using Guid(afb40163a732c4fd1863de6a8dac213d) Importer(2089858483,192608db42251d675da83286b1cce702) (ScriptedImporter) -> (artifact id: 'c01cec15976d685c42d0a1cb338c7a1f') in 0.007700916 seconds
Number of updated asset objects reloaded before import = 0Number of asset objects unloaded after import = 10

========================================================================
Received Import Request.
  Time since last request: 0.000067 seconds.
  path: Assets/assets/city/buildings urban/small_buildingC.fbx
  artifactKey: Guid(04740dd17c8d7408a809b971284362a9) Importer(2089858483,192608db42251d675da83286b1cce702)
Start importing Assets/assets/city/buildings urban/small_buildingC.fbx using Guid(04740dd17c8d7408a809b971284362a9) Importer(2089858483,192608db42251d675da83286b1cce702) (ScriptedImporter) -> (artifact id: '0e50725456c8869e578b8c39d076ad17') in 0.009064833 seconds
Number of updated asset objects reloaded before import = 0Number of asset objects unloaded after import = 11

========================================================================
Received Import Request.
  Time since last request: 0.000032 seconds.
  path: Assets/POLYGON city pack/Prefabs/Floor/WalkWay 6 prefab.prefab
  artifactKey: Guid(ac61809f89d132d4b85c3d14a3725846) Importer(2089858483,192608db42251d675da83286b1cce702)
Start importing Assets/POLYGON city pack/Prefabs/Floor/WalkWay 6 prefab.prefab using Guid(ac61809f89d132d4b85c3d14a3725846) Importer(2089858483,192608db42251d675da83286b1cce702) (ScriptedImporter) -> (artifact id: '95243b9edd5107b18bf6b6230f256c5c') in 0.002186958 seconds
Number of updated asset objects reloaded before import = 0Number of asset objects unloaded after import = 10

========================================================================
Received Import Request.
  Time since last request: 0.000068 seconds.
  path: Assets/assets/city/fantasy/fountainCorner.fbx
  artifactKey: Guid(4fe0c315494574d3096e640bb379d2b8) Importer(2089858483,192608db42251d675da83286b1cce702)
Start importing Assets/assets/city/fantasy/fountainCorner.fbx using Guid(4fe0c315494574d3096e640bb379d2b8) Importer(2089858483,192608db42251d675da83286b1cce702) (ScriptedImporter) -> (artifact id: 'b73a4ede9e0863e1c3ca3bf7942a4d47') in 0.007346417 seconds
Number of updated asset objects reloaded before import = 0Number of asset objects unloaded after import = 10

========================================================================
Received Import Request.
  Time since last request: 0.000037 seconds.
  path: Assets/SimplePoly City - Low Poly Assets/Prefab/Props/Props_Coffee shop chair.prefab
  artifactKey: Guid(97229e82747352a43b48688ec573f8e4) Importer(2089858483,192608db42251d675da83286b1cce702)
Start importing Assets/SimplePoly City - Low Poly Assets/Prefab/Props/Props_Coffee shop chair.prefab using Guid(97229e82747352a43b48688ec573f8e4) Importer(2089858483,192608db42251d675da83286b1cce702) (ScriptedImporter) -> (artifact id: '4891b324db481f45e5655b63a85966c2') in 0.004266666 seconds
Number of updated asset objects reloaded before import = 0Number of asset objects unloaded after import = 8

========================================================================
Received Import Request.
  Time since last request: 0.000025 seconds.
  path: Assets/SimplePoly City - Low Poly Assets/Prefab/Props/Props_Bench_2.prefab
  artifactKey: Guid(6458a4c9f91f22741a5064b5b7cfd892) Importer(2089858483,192608db42251d675da83286b1cce702)
Start importing Assets/SimplePoly City - Low Poly Assets/Prefab/Props/Props_Bench_2.prefab using Guid(6458a4c9f91f22741a5064b5b7cfd892) Importer(2089858483,192608db42251d675da83286b1cce702) (ScriptedImporter) -> (artifact id: '0fb9f30ef7758ace3394b8be0842481f') in 0.003491375 seconds
Number of updated asset objects reloaded before import = 0Number of asset objects unloaded after import = 8

========================================================================
Received Import Request.
  Time since last request: 0.000026 seconds.
  path: Assets/assets/city/buildings urban/wall_windowA.fbx
  artifactKey: Guid(48a7b449cfb5b4778b60e655cd914057) Importer(2089858483,192608db42251d675da83286b1cce702)
Start importing Assets/assets/city/buildings urban/wall_windowA.fbx using Guid(48a7b449cfb5b4778b60e655cd914057) Importer(2089858483,192608db42251d675da83286b1cce702) (ScriptedImporter) -> (artifact id: '508a8bdcd52049176ffb8671330f1a6b') in 0.007991708 seconds
Number of updated asset objects reloaded before import = 0Number of asset objects unloaded after import = 10

========================================================================
Received Import Request.
  Time since last request: 0.000016 seconds.
  path: Assets/SimplePoly City - Low Poly Assets/Prefab/Buildings/Building_Auto Service.prefab
  artifactKey: Guid(121f662ea65e2cf40a50c66470757a9e) Importer(2089858483,192608db42251d675da83286b1cce702)
Start importing Assets/SimplePoly City - Low Poly Assets/Prefab/Buildings/Building_Auto Service.prefab using Guid(121f662ea65e2cf40a50c66470757a9e) Importer(2089858483,192608db42251d675da83286b1cce702) (ScriptedImporter) -> (artifact id: '7e92916141974f6dcd807109bb47dc42') in 0.003477042 seconds
Number of updated asset objects reloaded before import = 0Number of asset objects unloaded after import = 8

========================================================================
Received Import Request.
  Time since last request: 0.000034 seconds.
  path: Assets/POLYGON city pack/Prefabs/Props/Wall 2 prefab.prefab
  artifactKey: Guid(9256d77e61c437a4a9afb333ff47af4d) Importer(2089858483,192608db42251d675da83286b1cce702)
Start importing Assets/POLYGON city pack/Prefabs/Props/Wall 2 prefab.prefab using Guid(9256d77e61c437a4a9afb333ff47af4d) Importer(2089858483,192608db42251d675da83286b1cce702) (ScriptedImporter) -> (artifact id: '35c02198624b04e2de5406864194c16f') in 0.001776375 seconds
Number of updated asset objects reloaded before import = 0Number of asset objects unloaded after import = 10

========================================================================
Received Import Request.
  Time since last request: 0.000042 seconds.
  path: Assets/POLYGON city pack/Prefabs/Letters/Letter_H_Prefab.prefab
  artifactKey: Guid(c5e09aa47d89a3b41a039ade63f867b0) Importer(2089858483,192608db42251d675da83286b1cce702)
Start importing Assets/POLYGON city pack/Prefabs/Letters/Letter_H_Prefab.prefab using Guid(c5e09aa47d89a3b41a039ade63f867b0) Importer(2089858483,192608db42251d675da83286b1cce702) (ScriptedImporter) -> (artifact id: '015a9efb910a11b2f9b300fc194c600d') in 0.001791875 seconds
Number of updated asset objects reloaded before import = 0Number of asset objects unloaded after import = 16

========================================================================
Received Import Request.
  Time since last request: 0.000030 seconds.
  path: Assets/POLYGON city pack/Prefabs/Lamps/Lamp_4_prefab.prefab
  artifactKey: Guid(efbec96b2d3e0b5429a2e20c21fdfeda) Importer(2089858483,192608db42251d675da83286b1cce702)
Start importing Assets/POLYGON city pack/Prefabs/Lamps/Lamp_4_prefab.prefab using Guid(efbec96b2d3e0b5429a2e20c21fdfeda) Importer(2089858483,192608db42251d675da83286b1cce702) (ScriptedImporter) -> (artifact id: '40f002d2ea3cb3391060c05ea673e5b1') in 0.001799667 seconds
Number of updated asset objects reloaded before import = 0Number of asset objects unloaded after import = 13

========================================================================
Received Import Request.
  Time since last request: 0.000041 seconds.
  path: Assets/assets/city/buildings urban/low_wideB.fbx
  artifactKey: Guid(28a413bde98414ba8ad116137b23cf33) Importer(2089858483,192608db42251d675da83286b1cce702)
Start importing Assets/assets/city/buildings urban/low_wideB.fbx using Guid(28a413bde98414ba8ad116137b23cf33) Importer(2089858483,192608db42251d675da83286b1cce702) (ScriptedImporter) -> (artifact id: '47353203849acd8fb430e4ddd70f39ee') in 0.007155083 seconds
Number of updated asset objects reloaded before import = 0Number of asset objects unloaded after import = 9

========================================================================
Received Import Request.
  Time since last request: 0.000054 seconds.
  path: Assets/assets/city/fantasy/fountainCenter.fbx
  artifactKey: Guid(ec05aecf1db014a87be039ffcb72c388) Importer(2089858483,192608db42251d675da83286b1cce702)
Start importing Assets/assets/city/fantasy/fountainCenter.fbx using Guid(ec05aecf1db014a87be039ffcb72c388) Importer(2089858483,192608db42251d675da83286b1cce702) (ScriptedImporter) -> (artifact id: '077ba11798dda53f2ea245bc7e453469') in 0.007064625 seconds
Number of updated asset objects reloaded before import = 0Number of asset objects unloaded after import = 9

========================================================================
Received Import Request.
  Time since last request: 0.000055 seconds.
  path: Assets/assets/city/buildings urban/wall_windowD.fbx
  artifactKey: Guid(94461afc957394621921c82652b82c76) Importer(2089858483,192608db42251d675da83286b1cce702)
Start importing Assets/assets/city/buildings urban/wall_windowD.fbx using Guid(94461afc957394621921c82652b82c76) Importer(2089858483,192608db42251d675da83286b1cce702) (ScriptedImporter) -> (artifact id: '60ed561e1796161d081b8b422124616b') in 0.008558875 seconds
Number of updated asset objects reloaded before import = 0Number of asset objects unloaded after import = 10

========================================================================
Received Import Request.
  Time since last request: 0.000047 seconds.
  path: Assets/POLYGON city pack/Prefabs/Props/hedge prefab.prefab
  artifactKey: Guid(3f544eaa13dc7074cba3aed998b27842) Importer(2089858483,192608db42251d675da83286b1cce702)
Start importing Assets/POLYGON city pack/Prefabs/Props/hedge prefab.prefab using Guid(3f544eaa13dc7074cba3aed998b27842) Importer(2089858483,192608db42251d675da83286b1cce702) (ScriptedImporter) -> (artifact id: 'c8ba565f112d048094df13af0cedfc0f') in 0.001744625 seconds
Number of updated asset objects reloaded before import = 0Number of asset objects unloaded after import = 12

========================================================================
Received Import Request.
  Time since last request: 0.000064 seconds.
  path: Assets/POLYGON city pack/Prefabs/Props/mayonnaise prefab.prefab
  artifactKey: Guid(25b21e881a014da46bf94e610b2777b1) Importer(2089858483,192608db42251d675da83286b1cce702)
Start importing Assets/POLYGON city pack/Prefabs/Props/mayonnaise prefab.prefab using Guid(25b21e881a014da46bf94e610b2777b1) Importer(2089858483,192608db42251d675da83286b1cce702) (ScriptedImporter) -> (artifact id: 'd2af3283fbb760552f052a047e8ea95a') in 0.001608667 seconds
Number of updated asset objects reloaded before import = 0Number of asset objects unloaded after import = 10

========================================================================
Received Import Request.
  Time since last request: 0.000048 seconds.
  path: Assets/POLYGON city pack/Prefabs/Props/ATM_prefab.prefab
  artifactKey: Guid(971885f35036d834d9e87999c41920fe) Importer(2089858483,192608db42251d675da83286b1cce702)
Start importing Assets/POLYGON city pack/Prefabs/Props/ATM_prefab.prefab using Guid(971885f35036d834d9e87999c41920fe) Importer(2089858483,192608db42251d675da83286b1cce702) (ScriptedImporter) -> (artifact id: '63eb4e2c0bf1084bd9055553cd4af4f8') in 0.001459916 seconds
Number of updated asset objects reloaded before import = 0Number of asset objects unloaded after import = 10

========================================================================
Received Import Request.
  Time since last request: 0.000026 seconds.
  path: Assets/POLYGON city pack/Prefabs/Floor/Street 7 Prefab.prefab
  artifactKey: Guid(a48e7d2fc673f7e4ea6df4cffad97a56) Importer(2089858483,192608db42251d675da83286b1cce702)
Start importing Assets/POLYGON city pack/Prefabs/Floor/Street 7 Prefab.prefab using Guid(a48e7d2fc673f7e4ea6df4cffad97a56) Importer(2089858483,192608db42251d675da83286b1cce702) (ScriptedImporter) -> (artifact id: '678e9305099470115d46f1d0247b544e') in 0.0014905 seconds
Number of updated asset objects reloaded before import = 0Number of asset objects unloaded after import = 10

========================================================================
Received Import Request.
  Time since last request: 0.000052 seconds.
  path: Assets/SimplePoly City - Low Poly Assets/Prefab/Props/Props_Roof prop air.prefab
  artifactKey: Guid(120449a04911a924ca1239be382ff0be) Importer(2089858483,192608db42251d675da83286b1cce702)
Start importing Assets/SimplePoly City - Low Poly Assets/Prefab/Props/Props_Roof prop air.prefab using Guid(120449a04911a924ca1239be382ff0be) Importer(2089858483,192608db42251d675da83286b1cce702) (ScriptedImporter) -> (artifact id: 'faa4df64dee4ff4ffbe3355eb39376d7') in 0.003968125 seconds
Number of updated asset objects reloaded before import = 0Number of asset objects unloaded after import = 10

========================================================================
Received Import Request.
  Time since last request: 0.000027 seconds.
  path: Assets/POLYGON city pack/Prefabs/traffic signs/traffic sign 3.prefab
  artifactKey: Guid(d6177dd2c3658254082b43d7f5bf3644) Importer(2089858483,192608db42251d675da83286b1cce702)
Start importing Assets/POLYGON city pack/Prefabs/traffic signs/traffic sign 3.prefab using Guid(d6177dd2c3658254082b43d7f5bf3644) Importer(2089858483,192608db42251d675da83286b1cce702) (ScriptedImporter) -> (artifact id: '814cf3a3347d33859d6193c35ca0d1b4') in 0.00235575 seconds
Number of updated asset objects reloaded before import = 0Number of asset objects unloaded after import = 10

========================================================================
Received Import Request.
  Time since last request: 0.000031 seconds.
  path: Assets/assets/city/fantasy/bannerGreen.fbx
  artifactKey: Guid(7b0929eea76f048c083fbc28741adf5f) Importer(2089858483,192608db42251d675da83286b1cce702)
Start importing Assets/assets/city/fantasy/bannerGreen.fbx using Guid(7b0929eea76f048c083fbc28741adf5f) Importer(2089858483,192608db42251d675da83286b1cce702) (ScriptedImporter) -> (artifact id: '016d98a001b7a5fef6256b4b9d6811f1') in 0.006922791 seconds
Number of updated asset objects reloaded before import = 0Number of asset objects unloaded after import = 10

========================================================================
Received Import Request.
  Time since last request: 0.000055 seconds.
  path: Assets/assets/city/buildings urban/large_buildingC.fbx
  artifactKey: Guid(71a23fddeb1bb49ba847bdd2a592770e) Importer(2089858483,192608db42251d675da83286b1cce702)
Start importing Assets/assets/city/buildings urban/large_buildingC.fbx using Guid(71a23fddeb1bb49ba847bdd2a592770e) Importer(2089858483,192608db42251d675da83286b1cce702) (ScriptedImporter) -> (artifact id: '2a1e4448870ba2ba330ab5cf522c31ce') in 0.010068 seconds
Number of updated asset objects reloaded before import = 0Number of asset objects unloaded after import = 12

========================================================================
Received Import Request.
  Time since last request: 0.624113 seconds.
  path: Assets/assets/city/fantasy/pillarStone.fbx
  artifactKey: Guid(a082d3991930b4aee9f26754c38ef8a7) Importer(2089858483,192608db42251d675da83286b1cce702)
Start importing Assets/assets/city/fantasy/pillarStone.fbx using Guid(a082d3991930b4aee9f26754c38ef8a7) Importer(2089858483,192608db42251d675da83286b1cce702) (ScriptedImporter) -> (artifact id: '94c2a66acfb272ef397372884c4aa098') in 0.014938083 seconds
Number of updated asset objects reloaded before import = 0Number of asset objects unloaded after import = 9

========================================================================
Received Import Request.
  Time since last request: 0.000070 seconds.
  path: Assets/POLYGON city pack/Meshes,textures/Shops_FBX/Materials/Brown.mat
  artifactKey: Guid(5489f8c81a0b1244a8670425b5a13b4f) Importer(2089858483,192608db42251d675da83286b1cce702)
Start importing Assets/POLYGON city pack/Meshes,textures/Shops_FBX/Materials/Brown.mat using Guid(5489f8c81a0b1244a8670425b5a13b4f) Importer(2089858483,192608db42251d675da83286b1cce702) (ScriptedImporter) -> (artifact id: 'e9f843b419b8c5d838f19a03ae2e209d') in 0.003829166 seconds
Number of updated asset objects reloaded before import = 0Number of asset objects unloaded after import = 1

========================================================================
Received Import Request.
  Time since last request: 0.000108 seconds.
  path: Assets/POLYGON city pack/Meshes,textures/Buildings_FBX/Materials/door 1.mat
  artifactKey: Guid(352c1b776e0e0224b836e11b11a31661) Importer(2089858483,192608db42251d675da83286b1cce702)
Start importing Assets/POLYGON city pack/Meshes,textures/Buildings_FBX/Materials/door 1.mat using Guid(352c1b776e0e0224b836e11b11a31661) Importer(2089858483,192608db42251d675da83286b1cce702) (ScriptedImporter) -> (artifact id: 'ed9defe16c426aeb1ffabc22af4688ed') in 0.002096084 seconds
Number of updated asset objects reloaded before import = 0Number of asset objects unloaded after import = 1

========================================================================
Received Import Request.
  Time since last request: 0.000077 seconds.
  path: Assets/assets/city/racing/lightRed.fbx
  artifactKey: Guid(69cfe1495f18a4313b6ee71b54f40d86) Importer(2089858483,192608db42251d675da83286b1cce702)
Start importing Assets/assets/city/racing/lightRed.fbx using Guid(69cfe1495f18a4313b6ee71b54f40d86) Importer(2089858483,192608db42251d675da83286b1cce702) (ScriptedImporter) -> (artifact id: 'bbcddf029d2423a391a51e81856289a4') in 0.011828458 seconds
Number of updated asset objects reloaded before import = 0Number of asset objects unloaded after import = 12

========================================================================
Received Import Request.
  Time since last request: 0.000033 seconds.
  path: Assets/POLYGON city pack/Meshes,textures/Buildings_FBX/Materials/roof 2.mat
  artifactKey: Guid(0476b9773fe0ed7458a8aea384244c2c) Importer(2089858483,192608db42251d675da83286b1cce702)
Start importing Assets/POLYGON city pack/Meshes,textures/Buildings_FBX/Materials/roof 2.mat using Guid(0476b9773fe0ed7458a8aea384244c2c) Importer(2089858483,192608db42251d675da83286b1cce702) (ScriptedImporter) -> (artifact id: '67347efd8bb7cc4b7ce2f0e3479bb8f3') in 0.0021005 seconds
Number of updated asset objects reloaded before import = 0Number of asset objects unloaded after import = 1

========================================================================
Received Import Request.
  Time since last request: 0.000077 seconds.
  path: Assets/assets/city/racing/billboard.fbx
  artifactKey: Guid(18b6dd60f7bda49daa05ddd126fee979) Importer(2089858483,192608db42251d675da83286b1cce702)
Start importing Assets/assets/city/racing/billboard.fbx using Guid(18b6dd60f7bda49daa05ddd126fee979) Importer(2089858483,192608db42251d675da83286b1cce702) (ScriptedImporter) -> (artifact id: '49ca8d8e56a1c127faeb1f8c12e2a26c') in 0.009724875 seconds
Number of updated asset objects reloaded before import = 0Number of asset objects unloaded after import = 11

========================================================================
Received Import Request.
  Time since last request: 0.000041 seconds.
  path: Assets/POLYGON city pack/Meshes,textures/Buildings_FBX/Materials/Frames.mat
  artifactKey: Guid(45980aeefb12c3847889347b95fc9d56) Importer(2089858483,192608db42251d675da83286b1cce702)
Start importing Assets/POLYGON city pack/Meshes,textures/Buildings_FBX/Materials/Frames.mat using Guid(45980aeefb12c3847889347b95fc9d56) Importer(2089858483,192608db42251d675da83286b1cce702) (ScriptedImporter) -> (artifact id: '5d0a8cb9bdbc7a95bf690c9aae34b14b') in 0.001939959 seconds
Number of updated asset objects reloaded before import = 0Number of asset objects unloaded after import = 1

========================================================================
Received Import Request.
  Time since last request: 0.000074 seconds.
  path: Assets/POLYGON city pack/Meshes,textures/Buildings_FBX/Materials/Window_frames_02.mat
  artifactKey: Guid(ec07795990f586146bb4e722e020e7b9) Importer(2089858483,192608db42251d675da83286b1cce702)
Start importing Assets/POLYGON city pack/Meshes,textures/Buildings_FBX/Materials/Window_frames_02.mat using Guid(ec07795990f586146bb4e722e020e7b9) Importer(2089858483,192608db42251d675da83286b1cce702) (ScriptedImporter) -> (artifact id: '217455171fbc51e9ddf8e11f88151654') in 0.001595292 seconds
Number of updated asset objects reloaded before import = 0Number of asset objects unloaded after import = 1

========================================================================
Received Import Request.
  Time since last request: 0.000068 seconds.
  path: Assets/POLYGON city pack/Meshes,textures/Buildings_FBX/Materials/Windows_03.mat
  artifactKey: Guid(85abff553237ce0478f3b0f8f8d06b4b) Importer(2089858483,192608db42251d675da83286b1cce702)
Start importing Assets/POLYGON city pack/Meshes,textures/Buildings_FBX/Materials/Windows_03.mat using Guid(85abff553237ce0478f3b0f8f8d06b4b) Importer(2089858483,192608db42251d675da83286b1cce702) (ScriptedImporter) -> (artifact id: '69819de0abed68bb3b53aca8ff9a089b') in 0.001681625 seconds
Number of updated asset objects reloaded before import = 0Number of asset objects unloaded after import = 1

========================================================================
Received Import Request.
  Time since last request: 0.000064 seconds.
  path: Assets/POLYGON city pack/Meshes,textures/Shops_FBX/Materials/Door_01.mat
  artifactKey: Guid(54bed0b3601852e4383872ae31c89b6e) Importer(2089858483,192608db42251d675da83286b1cce702)
Start importing Assets/POLYGON city pack/Meshes,textures/Shops_FBX/Materials/Door_01.mat using Guid(54bed0b3601852e4383872ae31c89b6e) Importer(2089858483,192608db42251d675da83286b1cce702) (ScriptedImporter) -> (artifact id: 'd6b9facfb1387d6f2a16c46687dc396c') in 0.001594541 seconds
Number of updated asset objects reloaded before import = 0Number of asset objects unloaded after import = 1

========================================================================
Received Import Request.
  Time since last request: 0.000059 seconds.
  path: Assets/assets/city/racing/billboardLow.fbx
  artifactKey: Guid(d307727c1a96148f4ab7690d151f6dc9) Importer(2089858483,192608db42251d675da83286b1cce702)
Start importing Assets/assets/city/racing/billboardLow.fbx using Guid(d307727c1a96148f4ab7690d151f6dc9) Importer(2089858483,192608db42251d675da83286b1cce702) (ScriptedImporter) -> (artifact id: '812dcb38b2ffee2b1d909885b005b4cf') in 0.0090475 seconds
Number of updated asset objects reloaded before import = 0Number of asset objects unloaded after import = 11

========================================================================
Received Import Request.
  Time since last request: 0.000027 seconds.
  path: Assets/assets/city/roads/road_curveBarrier.fbx
  artifactKey: Guid(03f1f23747bbd4bc88a633e35746766c) Importer(2089858483,192608db42251d675da83286b1cce702)
Start importing Assets/assets/city/roads/road_curveBarrier.fbx using Guid(03f1f23747bbd4bc88a633e35746766c) Importer(2089858483,192608db42251d675da83286b1cce702) (ScriptedImporter) -> (artifact id: '196b20f863e0020918b3fee609c7da18') in 0.006787791 seconds
Number of updated asset objects reloaded before import = 0Number of asset objects unloaded after import = 8

========================================================================
Received Import Request.
  Time since last request: 0.000048 seconds.
  path: Assets/assets/city/suburban/house_type18.fbx
  artifactKey: Guid(2dcb97b3f3ff24af196819f4d32c1455) Importer(2089858483,192608db42251d675da83286b1cce702)
Start importing Assets/assets/city/suburban/house_type18.fbx using Guid(2dcb97b3f3ff24af196819f4d32c1455) Importer(2089858483,192608db42251d675da83286b1cce702) (ScriptedImporter) -> (artifact id: '3139fdffaaec49325ffa78b68ae0c437') in 0.010003792 seconds
Number of updated asset objects reloaded before import = 0Number of asset objects unloaded after import = 12

========================================================================
Received Import Request.
  Time since last request: 0.000033 seconds.
  path: Assets/POLYGON city pack/Meshes,textures/Buildings_FBX/Materials/door 4.mat
  artifactKey: Guid(ed27baec58d52e247a63a682d98f65e1) Importer(2089858483,192608db42251d675da83286b1cce702)
Start importing Assets/POLYGON city pack/Meshes,textures/Buildings_FBX/Materials/door 4.mat using Guid(ed27baec58d52e247a63a682d98f65e1) Importer(2089858483,192608db42251d675da83286b1cce702) (ScriptedImporter) -> (artifact id: 'b5f173cb3cc8ca2873bfdd24c40a2359') in 0.001727917 seconds
Number of updated asset objects reloaded before import = 0Number of asset objects unloaded after import = 1

========================================================================
Received Import Request.
  Time since last request: 0.000055 seconds.
  path: Assets/assets/city/suburban/house_type20.fbx
  artifactKey: Guid(0e269eec8ac0a42f1bcfb47c029e52d0) Importer(2089858483,192608db42251d675da83286b1cce702)
Start importing Assets/assets/city/suburban/house_type20.fbx using Guid(0e269eec8ac0a42f1bcfb47c029e52d0) Importer(2089858483,192608db42251d675da83286b1cce702) (ScriptedImporter) -> (artifact id: 'fafd6b13bc6b58063ef910d95e63f2db') in 0.008483959 seconds
Number of updated asset objects reloaded before import = 0Number of asset objects unloaded after import = 11

========================================================================
Received Import Request.
  Time since last request: 0.000034 seconds.
  path: Assets/POLYGON city pack/Meshes,textures/Shops_FBX/Materials/Blue.mat
  artifactKey: Guid(82da9dd8eb8243145b9284b853d232b8) Importer(2089858483,192608db42251d675da83286b1cce702)
Start importing Assets/POLYGON city pack/Meshes,textures/Shops_FBX/Materials/Blue.mat using Guid(82da9dd8eb8243145b9284b853d232b8) Importer(2089858483,192608db42251d675da83286b1cce702) (ScriptedImporter) -> (artifact id: '3a558fa6881a8730f8e41f8810d96efd') in 0.001549958 seconds
Number of updated asset objects reloaded before import = 0Number of asset objects unloaded after import = 1

========================================================================
Received Import Request.
  Time since last request: 0.000064 seconds.
  path: Assets/POLYGON city pack/Meshes,textures/Buildings_FBX/Materials/Windows.mat
  artifactKey: Guid(dcab3bd38ae41af4c86fdf52789eef3f) Importer(2089858483,192608db42251d675da83286b1cce702)
Start importing Assets/POLYGON city pack/Meshes,textures/Buildings_FBX/Materials/Windows.mat using Guid(dcab3bd38ae41af4c86fdf52789eef3f) Importer(2089858483,192608db42251d675da83286b1cce702) (ScriptedImporter) -> (artifact id: 'c06005c8cf79ed619fda5b5c72d3bca6') in 0.001749959 seconds
Number of updated asset objects reloaded before import = 0Number of asset objects unloaded after import = 1

========================================================================
Received Import Request.
  Time since last request: 0.000057 seconds.
  path: Assets/POLYGON city pack/Meshes,textures/Buildings_FBX/Materials/windows1.mat
  artifactKey: Guid(42e2c0a35124bfb4588fe337e9df1914) Importer(2089858483,192608db42251d675da83286b1cce702)
Start importing Assets/POLYGON city pack/Meshes,textures/Buildings_FBX/Materials/windows1.mat using Guid(42e2c0a35124bfb4588fe337e9df1914) Importer(2089858483,192608db42251d675da83286b1cce702) (ScriptedImporter) -> (artifact id: '3216c9df10c352311c8aab9229d5a7ae') in 0.001568583 seconds
Number of updated asset objects reloaded before import = 0Number of asset objects unloaded after import = 1

========================================================================
Received Import Request.
  Time since last request: 0.000053 seconds.
  path: Assets/assets/city/racing/roadCornerLargerBorder.fbx
  artifactKey: Guid(dd5702346b13b4315afa549b7133a832) Importer(2089858483,192608db42251d675da83286b1cce702)
Start importing Assets/assets/city/racing/roadCornerLargerBorder.fbx using Guid(dd5702346b13b4315afa549b7133a832) Importer(2089858483,192608db42251d675da83286b1cce702) (ScriptedImporter) -> (artifact id: 'a7e16e9843012ad639318186ce817f75') in 0.007430666 seconds
Number of updated asset objects reloaded before import = 0Number of asset objects unloaded after import = 9

========================================================================
Received Import Request.
  Time since last request: 0.000029 seconds.
  path: Assets/assets/city/racing/lightColored.fbx
  artifactKey: Guid(dfe9578ed9aba4f98a182efd7c4ea220) Importer(2089858483,192608db42251d675da83286b1cce702)
Start importing Assets/assets/city/racing/lightColored.fbx using Guid(dfe9578ed9aba4f98a182efd7c4ea220) Importer(2089858483,192608db42251d675da83286b1cce702) (ScriptedImporter) -> (artifact id: '85ee6f115258e638686313ad7f488cf7') in 0.0096135 seconds
Number of updated asset objects reloaded before import = 0Number of asset objects unloaded after import = 13

========================================================================
Received Import Request.
  Time since last request: 0.000027 seconds.
  path: Assets/POLYGON city pack/Meshes,textures/Buildings_FBX/Materials/Window_Frames.mat
  artifactKey: Guid(d3dcf950e61771e46b954da267e3496a) Importer(2089858483,192608db42251d675da83286b1cce702)
Start importing Assets/POLYGON city pack/Meshes,textures/Buildings_FBX/Materials/Window_Frames.mat using Guid(d3dcf950e61771e46b954da267e3496a) Importer(2089858483,192608db42251d675da83286b1cce702) (ScriptedImporter) -> (artifact id: '948e6a8b8c983a5d08ee77882ea8c419') in 0.001516166 seconds
Number of updated asset objects reloaded before import = 0Number of asset objects unloaded after import = 1

========================================================================
Received Import Request.
  Time since last request: 0.000057 seconds.
  path: Assets/assets/city/roads/road_curveIntersection.fbx
  artifactKey: Guid(3ea98afd520d3454cb1cd691e5d4a12a) Importer(2089858483,192608db42251d675da83286b1cce702)
Start importing Assets/assets/city/roads/road_curveIntersection.fbx using Guid(3ea98afd520d3454cb1cd691e5d4a12a) Importer(2089858483,192608db42251d675da83286b1cce702) (ScriptedImporter) -> (artifact id: '8d059ee2ab9e6c0124d283cf353c14fb') in 0.009013167 seconds
Number of updated asset objects reloaded before import = 0Number of asset objects unloaded after import = 12

========================================================================
Received Import Request.
  Time since last request: 0.000025 seconds.
  path: Assets/assets/city/roads/road_curve.fbx
  artifactKey: Guid(0cd72a7c95a0240c2a20cc5aed0f6223) Importer(2089858483,192608db42251d675da83286b1cce702)
Start importing Assets/assets/city/roads/road_curve.fbx using Guid(0cd72a7c95a0240c2a20cc5aed0f6223) Importer(2089858483,192608db42251d675da83286b1cce702) (ScriptedImporter) -> (artifact id: '8c23757b14638a73c57f63c7eb6cbe36') in 0.008173333 seconds
Number of updated asset objects reloaded before import = 0Number of asset objects unloaded after import = 11

========================================================================
Received Import Request.
  Time since last request: 0.000025 seconds.
  path: Assets/POLYGON city pack/Meshes,textures/Buildings_FBX/Materials/Material.004.mat
  artifactKey: Guid(7606dd6447d4d7e41bdf2d8cd3eefd1a) Importer(2089858483,192608db42251d675da83286b1cce702)
Start importing Assets/POLYGON city pack/Meshes,textures/Buildings_FBX/Materials/Material.004.mat using Guid(7606dd6447d4d7e41bdf2d8cd3eefd1a) Importer(2089858483,192608db42251d675da83286b1cce702) (ScriptedImporter) -> (artifact id: 'a11b7ddfd6175ecae90482c7b1fa1f15') in 0.001690125 seconds
Number of updated asset objects reloaded before import = 0Number of asset objects unloaded after import = 1

========================================================================
Received Import Request.
  Time since last request: 0.000057 seconds.
  path: Assets/POLYGON city pack/Meshes,textures/Shops_FBX/Materials/Facade_01.mat
  artifactKey: Guid(009ecda889e37b3429929764dabb42cc) Importer(2089858483,192608db42251d675da83286b1cce702)
Start importing Assets/POLYGON city pack/Meshes,textures/Shops_FBX/Materials/Facade_01.mat using Guid(009ecda889e37b3429929764dabb42cc) Importer(2089858483,192608db42251d675da83286b1cce702) (ScriptedImporter) -> (artifact id: '6764e847dd83887eb07524733f70435d') in 0.001312083 seconds
Number of updated asset objects reloaded before import = 0Number of asset objects unloaded after import = 1

========================================================================
Received Import Request.
  Time since last request: 0.000053 seconds.
  path: Assets/POLYGON city pack/Meshes,textures/Buildings_FBX/Materials/fire_escape.mat
  artifactKey: Guid(f9801a118c76c1448ab9e07b4fc48618) Importer(2089858483,192608db42251d675da83286b1cce702)
Start importing Assets/POLYGON city pack/Meshes,textures/Buildings_FBX/Materials/fire_escape.mat using Guid(f9801a118c76c1448ab9e07b4fc48618) Importer(2089858483,192608db42251d675da83286b1cce702) (ScriptedImporter) -> (artifact id: 'cd7d9c5ddd8b1f8792de70b3bc44b8b2') in 0.001216291 seconds
Number of updated asset objects reloaded before import = 0Number of asset objects unloaded after import = 1

========================================================================
Received Import Request.
  Time since last request: 0.000083 seconds.
  path: Assets/POLYGON city pack/Meshes,textures/Shops_FBX/Materials/Door_02.mat
  artifactKey: Guid(e21fed5ba126ba74b93c4338438be944) Importer(2089858483,192608db42251d675da83286b1cce702)
Start importing Assets/POLYGON city pack/Meshes,textures/Shops_FBX/Materials/Door_02.mat using Guid(e21fed5ba126ba74b93c4338438be944) Importer(2089858483,192608db42251d675da83286b1cce702) (ScriptedImporter) -> (artifact id: '93e68cc50d871c44253f8ee47b8f49d0') in 0.001496459 seconds
Number of updated asset objects reloaded before import = 0Number of asset objects unloaded after import = 1

========================================================================
Received Import Request.
  Time since last request: 0.000050 seconds.
  path: Assets/assets/city/roads/light_curvedDouble.fbx
  artifactKey: Guid(86befbf9a9a5f465b948c5a8414850c2) Importer(2089858483,192608db42251d675da83286b1cce702)
Start importing Assets/assets/city/roads/light_curvedDouble.fbx using Guid(86befbf9a9a5f465b948c5a8414850c2) Importer(2089858483,192608db42251d675da83286b1cce702) (ScriptedImporter) -> (artifact id: '8d4b6dde011f7f3978c8fd334ed2512b') in 0.0076975 seconds
Number of updated asset objects reloaded before import = 0Number of asset objects unloaded after import = 10

========================================================================
Received Import Request.
  Time since last request: 0.000095 seconds.
  path: Assets/POLYGON city pack/Meshes,textures/Buildings_FBX/Materials/Wall_01.mat
  artifactKey: Guid(b72e4e2dc286d564db42fabb96bacce2) Importer(2089858483,192608db42251d675da83286b1cce702)
Start importing Assets/POLYGON city pack/Meshes,textures/Buildings_FBX/Materials/Wall_01.mat using Guid(b72e4e2dc286d564db42fabb96bacce2) Importer(2089858483,192608db42251d675da83286b1cce702) (ScriptedImporter) -> (artifact id: '7d3e0bd173411ab98d8fa946fab73df0') in 0.001534125 seconds
Number of updated asset objects reloaded before import = 0Number of asset objects unloaded after import = 1

========================================================================
Received Import Request.
  Time since last request: 0.000061 seconds.
  path: Assets/POLYGON city pack/Meshes,textures/Buildings_FBX/Materials/Door_05.mat
  artifactKey: Guid(2d494e27b379b9146a59c145c4ac1b81) Importer(2089858483,192608db42251d675da83286b1cce702)
Start importing Assets/POLYGON city pack/Meshes,textures/Buildings_FBX/Materials/Door_05.mat using Guid(2d494e27b379b9146a59c145c4ac1b81) Importer(2089858483,192608db42251d675da83286b1cce702) (ScriptedImporter) -> (artifact id: '7eb0471c5c9364081d921e68fc39b4dd') in 0.001200375 seconds
Number of updated asset objects reloaded before import = 0Number of asset objects unloaded after import = 1

========================================================================
Received Import Request.
  Time since last request: 0.000056 seconds.
  path: Assets/POLYGON city pack/Meshes,textures/Buildings_FBX/Materials/Door3.mat
  artifactKey: Guid(8091037b3f4b14f4fa963aadbfb00438) Importer(2089858483,192608db42251d675da83286b1cce702)
Start importing Assets/POLYGON city pack/Meshes,textures/Buildings_FBX/Materials/Door3.mat using Guid(8091037b3f4b14f4fa963aadbfb00438) Importer(2089858483,192608db42251d675da83286b1cce702) (ScriptedImporter) -> (artifact id: 'b943954df776018cb6da62a6f389dcbf') in 0.0018575 seconds
Number of updated asset objects reloaded before import = 0Number of asset objects unloaded after import = 1

========================================================================
Received Import Request.
  Time since last request: 0.000053 seconds.
  path: Assets/POLYGON city pack/Meshes,textures/Buildings_FBX/Materials/congregate_01.mat
  artifactKey: Guid(2631258b89778a84c848b9da03326838) Importer(2089858483,192608db42251d675da83286b1cce702)
Start importing Assets/POLYGON city pack/Meshes,textures/Buildings_FBX/Materials/congregate_01.mat using Guid(2631258b89778a84c848b9da03326838) Importer(2089858483,192608db42251d675da83286b1cce702) (ScriptedImporter) -> (artifact id: '3e596f40843d5db787fdf055b068c662') in 0.001300333 seconds
Number of updated asset objects reloaded before import = 0Number of asset objects unloaded after import = 1

========================================================================
Received Import Request.
  Time since last request: 0.000081 seconds.
  path: Assets/POLYGON city pack/Meshes,textures/Buildings_FBX/Materials/windows2.mat
  artifactKey: Guid(36dac64032b6efe4fb1632bc45de8285) Importer(2089858483,192608db42251d675da83286b1cce702)
Start importing Assets/POLYGON city pack/Meshes,textures/Buildings_FBX/Materials/windows2.mat using Guid(36dac64032b6efe4fb1632bc45de8285) Importer(2089858483,192608db42251d675da83286b1cce702) (ScriptedImporter) -> (artifact id: 'c824f772a6bb72783e551e127c060285') in 0.00135575 seconds
Number of updated asset objects reloaded before import = 0Number of asset objects unloaded after import = 1

========================================================================
Received Import Request.
  Time since last request: 0.000061 seconds.
  path: Assets/assets/city/fantasy/planksOpening.fbx
  artifactKey: Guid(4d8ad335ee34d4b888766ceb46a27a51) Importer(2089858483,192608db42251d675da83286b1cce702)
Start importing Assets/assets/city/fantasy/planksOpening.fbx using Guid(4d8ad335ee34d4b888766ceb46a27a51) Importer(2089858483,192608db42251d675da83286b1cce702) (ScriptedImporter) -> (artifact id: 'e849cfbafddfe4c431049dc23fe0604d') in 0.005674292 seconds
Number of updated asset objects reloaded before import = 0Number of asset objects unloaded after import = 8

========================================================================
Received Import Request.
  Time since last request: 0.000025 seconds.
  path: Assets/POLYGON city pack/Meshes,textures/Buildings_FBX/Materials/window 2.mat
  artifactKey: Guid(2fd3c6d3203b3034aab25f192658a884) Importer(2089858483,192608db42251d675da83286b1cce702)
Start importing Assets/POLYGON city pack/Meshes,textures/Buildings_FBX/Materials/window 2.mat using Guid(2fd3c6d3203b3034aab25f192658a884) Importer(2089858483,192608db42251d675da83286b1cce702) (ScriptedImporter) -> (artifact id: '894358f4562c263feefb8321da8d0c38') in 0.00140925 seconds
Number of updated asset objects reloaded before import = 0Number of asset objects unloaded after import = 1

========================================================================
Received Import Request.
  Time since last request: 0.000057 seconds.
  path: Assets/assets/city/roads/road_roundaboutBarrier.fbx
  artifactKey: Guid(c04a4adb58fd64ee0b7670e8e44fdb85) Importer(2089858483,192608db42251d675da83286b1cce702)
Start importing Assets/assets/city/roads/road_roundaboutBarrier.fbx using Guid(c04a4adb58fd64ee0b7670e8e44fdb85) Importer(2089858483,192608db42251d675da83286b1cce702) (ScriptedImporter) -> (artifact id: 'a474eb5531a27bb7d456f9f913b3b622') in 0.007415208 seconds
Number of updated asset objects reloaded before import = 0Number of asset objects unloaded after import = 8

========================================================================
Received Import Request.
  Time since last request: 0.000031 seconds.
  path: Assets/assets/city/racing/radarEquipment.fbx
  artifactKey: Guid(c95ef360c6aa6442c863a29524d5c229) Importer(2089858483,192608db42251d675da83286b1cce702)
Start importing Assets/assets/city/racing/radarEquipment.fbx using Guid(c95ef360c6aa6442c863a29524d5c229) Importer(2089858483,192608db42251d675da83286b1cce702) (ScriptedImporter) -> (artifact id: '8a92a07058bef2d3016df8942d3a53d5') in 0.007110083 seconds
Number of updated asset objects reloaded before import = 0Number of asset objects unloaded after import = 9

========================================================================
Received Import Request.
  Time since last request: 0.000032 seconds.
  path: Assets/POLYGON city pack/Meshes,textures/Buildings_FBX/Materials/Red.mat
  artifactKey: Guid(d7def7c5e7ec861488fc868e6e28208e) Importer(2089858483,192608db42251d675da83286b1cce702)
Start importing Assets/POLYGON city pack/Meshes,textures/Buildings_FBX/Materials/Red.mat using Guid(d7def7c5e7ec861488fc868e6e28208e) Importer(2089858483,192608db42251d675da83286b1cce702) (ScriptedImporter) -> (artifact id: 'd538dc7698ff34bb0a330672265fe904') in 0.001640208 seconds
Number of updated asset objects reloaded before import = 0Number of asset objects unloaded after import = 1

========================================================================
Received Import Request.
  Time since last request: 0.000064 seconds.
  path: Assets/assets/city/fantasy/roadEdgeSlope.fbx
  artifactKey: Guid(6152ef5ff19a8498d9e01940610f3e99) Importer(2089858483,192608db42251d675da83286b1cce702)
Start importing Assets/assets/city/fantasy/roadEdgeSlope.fbx using Guid(6152ef5ff19a8498d9e01940610f3e99) Importer(2089858483,192608db42251d675da83286b1cce702) (ScriptedImporter) -> (artifact id: 'b63a58bb14d456a7e37a673a79eddaeb') in 0.007033708 seconds
Number of updated asset objects reloaded before import = 0Number of asset objects unloaded after import = 9

========================================================================
Received Import Request.
  Time since last request: 0.000027 seconds.
  path: Assets/assets/city/racing/raceCarWhite.fbx
  artifactKey: Guid(e2cf5171580bd424cae9012a38572138) Importer(2089858483,192608db42251d675da83286b1cce702)
Start importing Assets/assets/city/racing/raceCarWhite.fbx using Guid(e2cf5171580bd424cae9012a38572138) Importer(2089858483,192608db42251d675da83286b1cce702) (ScriptedImporter) -> (artifact id: '6493541922664346b1a70b7c268b4163') in 0.0101085 seconds
Number of updated asset objects reloaded before import = 0Number of asset objects unloaded after import = 32

========================================================================
Received Import Request.
  Time since last request: 0.000035 seconds.
  path: Assets/assets/city/roads/road_crossroad.fbx
  artifactKey: Guid(309b32f335b4a4984bc36d7bdc22a6db) Importer(2089858483,192608db42251d675da83286b1cce702)
Start importing Assets/assets/city/roads/road_crossroad.fbx using Guid(309b32f335b4a4984bc36d7bdc22a6db) Importer(2089858483,192608db42251d675da83286b1cce702) (ScriptedImporter) -> (artifact id: '01d2ee53826a9283716644142f29079d') in 0.008729625 seconds
Number of updated asset objects reloaded before import = 0Number of asset objects unloaded after import = 11

========================================================================
Received Import Request.
  Time since last request: 0.000027 seconds.
  path: Assets/assets/city/racing/billboardDouble_exclusive.fbx
  artifactKey: Guid(30de7b532858043d8b13b2dae7e47de8) Importer(2089858483,192608db42251d675da83286b1cce702)
Start importing Assets/assets/city/racing/billboardDouble_exclusive.fbx using Guid(30de7b532858043d8b13b2dae7e47de8) Importer(2089858483,192608db42251d675da83286b1cce702) (ScriptedImporter) -> (artifact id: 'e49d8a8c7f2a9461ea28adc3d1d23123') in 0.00875675 seconds
Number of updated asset objects reloaded before import = 0Number of asset objects unloaded after import = 11

========================================================================
Received Import Request.
  Time since last request: 0.000023 seconds.
  path: Assets/assets/city/roads/road_drivewaySingleBarrier.fbx
  artifactKey: Guid(c1dbfd8d6bc6d4840943ef8d7b3ffda5) Importer(2089858483,192608db42251d675da83286b1cce702)
Start importing Assets/assets/city/roads/road_drivewaySingleBarrier.fbx using Guid(c1dbfd8d6bc6d4840943ef8d7b3ffda5) Importer(2089858483,192608db42251d675da83286b1cce702) (ScriptedImporter) -> (artifact id: '2c121b80b30de9b04e0785294607efb1') in 0.007007583 seconds
Number of updated asset objects reloaded before import = 0Number of asset objects unloaded after import = 8

========================================================================
Received Import Request.
  Time since last request: 0.000030 seconds.
  path: Assets/POLYGON city pack/Meshes,textures/Shops_FBX/Materials/Drive_in_01.mat
  artifactKey: Guid(da8a78518451eed42b9a2e954aaf81cb) Importer(2089858483,192608db42251d675da83286b1cce702)
Start importing Assets/POLYGON city pack/Meshes,textures/Shops_FBX/Materials/Drive_in_01.mat using Guid(da8a78518451eed42b9a2e954aaf81cb) Importer(2089858483,192608db42251d675da83286b1cce702) (ScriptedImporter) -> (artifact id: 'd90bc8befb4fba34dc587f33090976dc') in 0.00176 seconds
Number of updated asset objects reloaded before import = 0Number of asset objects unloaded after import = 1

========================================================================
Received Import Request.
  Time since last request: 0.000057 seconds.
  path: Assets/assets/city/roads/road_sideEntry.fbx
  artifactKey: Guid(e3dc542ab6826474ba23d71dfee073ee) Importer(2089858483,192608db42251d675da83286b1cce702)
Start importing Assets/assets/city/roads/road_sideEntry.fbx using Guid(e3dc542ab6826474ba23d71dfee073ee) Importer(2089858483,192608db42251d675da83286b1cce702) (ScriptedImporter) -> (artifact id: '5254b9ddc5041cc4b6002b86fcfebe18') in 0.010144 seconds
Number of updated asset objects reloaded before import = 0Number of asset objects unloaded after import = 12

========================================================================
Received Import Request.
  Time since last request: 0.000034 seconds.
  path: Assets/assets/city/suburban/house_type02.fbx
  artifactKey: Guid(cc9e4754b56f545c083180fa70d3229b) Importer(2089858483,192608db42251d675da83286b1cce702)
Start importing Assets/assets/city/suburban/house_type02.fbx using Guid(cc9e4754b56f545c083180fa70d3229b) Importer(2089858483,192608db42251d675da83286b1cce702) (ScriptedImporter) -> (artifact id: 'e54f359ede310aedfc2c986342bd5253') in 0.009492292 seconds
Number of updated asset objects reloaded before import = 0Number of asset objects unloaded after import = 12

========================================================================
Received Import Request.
  Time since last request: 0.000032 seconds.
  path: Assets/POLYGON city pack/Meshes,textures/Buildings_FBX/Materials/Door2.mat
  artifactKey: Guid(18269184f0d0d474f970dfc02af42333) Importer(2089858483,192608db42251d675da83286b1cce702)
Start importing Assets/POLYGON city pack/Meshes,textures/Buildings_FBX/Materials/Door2.mat using Guid(18269184f0d0d474f970dfc02af42333) Importer(2089858483,192608db42251d675da83286b1cce702) (ScriptedImporter) -> (artifact id: '2249407cf9e7d54f2202072ac83b42ae') in 0.001649708 seconds
Number of updated asset objects reloaded before import = 0Number of asset objects unloaded after import = 1

========================================================================
Received Import Request.
  Time since last request: 0.000066 seconds.
  path: Assets/POLYGON city pack/Meshes,textures/Buildings_FBX/Materials/Door_frames.mat
  artifactKey: Guid(81949c9f4bdb16f499ce0fc5e8c1f597) Importer(2089858483,192608db42251d675da83286b1cce702)
Start importing Assets/POLYGON city pack/Meshes,textures/Buildings_FBX/Materials/Door_frames.mat using Guid(81949c9f4bdb16f499ce0fc5e8c1f597) Importer(2089858483,192608db42251d675da83286b1cce702) (ScriptedImporter) -> (artifact id: '4bd17aa186e2e93d216e88278ef01e0b') in 0.001659542 seconds
Number of updated asset objects reloaded before import = 0Number of asset objects unloaded after import = 1

========================================================================
Received Import Request.
  Time since last request: 0.000053 seconds.
  path: Assets/POLYGON city pack/Meshes,textures/Buildings_FBX/Materials/windowFrames.mat
  artifactKey: Guid(00aec1c00583d804f8132354d406ec96) Importer(2089858483,192608db42251d675da83286b1cce702)
Start importing Assets/POLYGON city pack/Meshes,textures/Buildings_FBX/Materials/windowFrames.mat using Guid(00aec1c00583d804f8132354d406ec96) Importer(2089858483,192608db42251d675da83286b1cce702) (ScriptedImporter) -> (artifact id: 'd1207d955f5fc66530742a9ba3e2da81') in 0.001552416 seconds
Number of updated asset objects reloaded before import = 0Number of asset objects unloaded after import = 1

========================================================================
Received Import Request.
  Time since last request: 0.000061 seconds.
  path: Assets/assets/city/racing/grandStandCoveredRound.fbx
  artifactKey: Guid(22faccf1e67e541ea9dd63bd7e67261b) Importer(2089858483,192608db42251d675da83286b1cce702)
Start importing Assets/assets/city/racing/grandStandCoveredRound.fbx using Guid(22faccf1e67e541ea9dd63bd7e67261b) Importer(2089858483,192608db42251d675da83286b1cce702) (ScriptedImporter) -> (artifact id: '7afd5c6112d4390b2f50a0d2fa05d251') in 0.010182084 seconds
Number of updated asset objects reloaded before import = 0Number of asset objects unloaded after import = 12

========================================================================
Received Import Request.
  Time since last request: 0.000033 seconds.
  path: Assets/POLYGON city pack/Meshes,textures/Buildings_FBX/Materials/brown.mat
  artifactKey: Guid(0fe9ab5ae0180f4488f304775757f8e7) Importer(2089858483,192608db42251d675da83286b1cce702)
Start importing Assets/POLYGON city pack/Meshes,textures/Buildings_FBX/Materials/brown.mat using Guid(0fe9ab5ae0180f4488f304775757f8e7) Importer(2089858483,192608db42251d675da83286b1cce702) (ScriptedImporter) -> (artifact id: '8af3a440d0eb032bb5f75a28aca99af1') in 0.00182125 seconds
Number of updated asset objects reloaded before import = 0Number of asset objects unloaded after import = 1

========================================================================
Received Import Request.
  Time since last request: 0.000053 seconds.
  path: Assets/POLYGON city pack/Meshes,textures/Buildings_FBX/Materials/window 1.mat
  artifactKey: Guid(8967f8e4bdce8f54282009afdc9afaa6) Importer(2089858483,192608db42251d675da83286b1cce702)
Start importing Assets/POLYGON city pack/Meshes,textures/Buildings_FBX/Materials/window 1.mat using Guid(8967f8e4bdce8f54282009afdc9afaa6) Importer(2089858483,192608db42251d675da83286b1cce702) (ScriptedImporter) -> (artifact id: '7cb94067087d58f42a9e47fd2331ab95') in 0.00155175 seconds
Number of updated asset objects reloaded before import = 0Number of asset objects unloaded after import = 1

========================================================================
Received Import Request.
  Time since last request: 0.000047 seconds.
  path: Assets/POLYGON city pack/Meshes,textures/Buildings_FBX/Materials/Material.005.mat
  artifactKey: Guid(773dff3199aa1e24fa2a26f48962bae1) Importer(2089858483,192608db42251d675da83286b1cce702)
Start importing Assets/POLYGON city pack/Meshes,textures/Buildings_FBX/Materials/Material.005.mat using Guid(773dff3199aa1e24fa2a26f48962bae1) Importer(2089858483,192608db42251d675da83286b1cce702) (ScriptedImporter) -> (artifact id: 'c3d6eb4dc7ff6426dfba24e4c8d4397a') in 0.001512042 seconds
Number of updated asset objects reloaded before import = 0Number of asset objects unloaded after import = 1

========================================================================
Received Import Request.
  Time since last request: 0.000057 seconds.
  path: Assets/POLYGON city pack/Meshes,textures/Buildings_FBX/Materials/Latter_box.mat
  artifactKey: Guid(c9991afe900f5f5409e8511b4617984f) Importer(2089858483,192608db42251d675da83286b1cce702)
Start importing Assets/POLYGON city pack/Meshes,textures/Buildings_FBX/Materials/Latter_box.mat using Guid(c9991afe900f5f5409e8511b4617984f) Importer(2089858483,192608db42251d675da83286b1cce702) (ScriptedImporter) -> (artifact id: '52ebcb710e4a22782f16b95121e2c633') in 0.001511209 seconds
Number of updated asset objects reloaded before import = 0Number of asset objects unloaded after import = 1

========================================================================
Received Import Request.
  Time since last request: 0.000051 seconds.
  path: Assets/POLYGON city pack/Meshes,textures/Buildings_FBX/Materials/Windows_02.mat
  artifactKey: Guid(d284624274cd78b4caeea6e8ff564feb) Importer(2089858483,192608db42251d675da83286b1cce702)
Start importing Assets/POLYGON city pack/Meshes,textures/Buildings_FBX/Materials/Windows_02.mat using Guid(d284624274cd78b4caeea6e8ff564feb) Importer(2089858483,192608db42251d675da83286b1cce702) (ScriptedImporter) -> (artifact id: 'b43de1ae2886260c180308bc83f3a45d') in 0.001520167 seconds
Number of updated asset objects reloaded before import = 0Number of asset objects unloaded after import = 1

========================================================================
Received Import Request.
  Time since last request: 0.000072 seconds.
  path: Assets/assets/city/suburban/path_short.fbx
  artifactKey: Guid(5cbb42f2e4bfe4c0298d1f078a65de38) Importer(2089858483,192608db42251d675da83286b1cce702)
Start importing Assets/assets/city/suburban/path_short.fbx using Guid(5cbb42f2e4bfe4c0298d1f078a65de38) Importer(2089858483,192608db42251d675da83286b1cce702) (ScriptedImporter) -> (artifact id: '1b16f8800c579892d22000ec21e7850b') in 0.007115417 seconds
Number of updated asset objects reloaded before import = 0Number of asset objects unloaded after import = 9

========================================================================
Received Import Request.
  Time since last request: 0.000048 seconds.
  path: Assets/POLYGON city pack/Meshes,textures/Shops_FBX/Materials/Drive_in_02.mat
  artifactKey: Guid(ccfcb83021f786442bdca3ac27702066) Importer(2089858483,192608db42251d675da83286b1cce702)
Start importing Assets/POLYGON city pack/Meshes,textures/Shops_FBX/Materials/Drive_in_02.mat using Guid(ccfcb83021f786442bdca3ac27702066) Importer(2089858483,192608db42251d675da83286b1cce702) (ScriptedImporter) -> (artifact id: '0ec9b04ffa35e8248ad1442dea94955d') in 0.001672667 seconds
Number of updated asset objects reloaded before import = 0Number of asset objects unloaded after import = 1

========================================================================
Received Import Request.
  Time since last request: 0.000055 seconds.
  path: Assets/POLYGON city pack/Meshes,textures/Buildings_FBX/Materials/roof 01.mat
  artifactKey: Guid(2a4cb3e579679ac4bbb876d8a3b146df) Importer(2089858483,192608db42251d675da83286b1cce702)
Start importing Assets/POLYGON city pack/Meshes,textures/Buildings_FBX/Materials/roof 01.mat using Guid(2a4cb3e579679ac4bbb876d8a3b146df) Importer(2089858483,192608db42251d675da83286b1cce702) (ScriptedImporter) -> (artifact id: '9c0d5e151889b39286f8ea63967cf3a5') in 0.001524333 seconds
Number of updated asset objects reloaded before import = 0Number of asset objects unloaded after import = 1

========================================================================
Received Import Request.
  Time since last request: 0.000062 seconds.
  path: Assets/assets/city/racing/lightPostLarge.fbx
  artifactKey: Guid(79a81f146d5a740a5a8720660b1901c5) Importer(2089858483,192608db42251d675da83286b1cce702)
Start importing Assets/assets/city/racing/lightPostLarge.fbx using Guid(79a81f146d5a740a5a8720660b1901c5) Importer(2089858483,192608db42251d675da83286b1cce702) (ScriptedImporter) -> (artifact id: '19d7cfaa8e8d5f63e462b6ec2ba0be34') in 0.007717458 seconds
Number of updated asset objects reloaded before import = 0Number of asset objects unloaded after import = 10

========================================================================
Received Import Request.
  Time since last request: 0.000043 seconds.
  path: Assets/POLYGON city pack/Meshes,textures/Buildings_FBX/Materials/wood 1.mat
  artifactKey: Guid(adbedd472da7fd64ab676850cb0c667b) Importer(2089858483,192608db42251d675da83286b1cce702)
Start importing Assets/POLYGON city pack/Meshes,textures/Buildings_FBX/Materials/wood 1.mat using Guid(adbedd472da7fd64ab676850cb0c667b) Importer(2089858483,192608db42251d675da83286b1cce702) (ScriptedImporter) -> (artifact id: 'bedb510eafdcc869912b5f9336c1efbe') in 0.001681375 seconds
Number of updated asset objects reloaded before import = 0Number of asset objects unloaded after import = 1

========================================================================
Received Import Request.
  Time since last request: 0.000061 seconds.
  path: Assets/assets/city/roads/road_slantFlatCurve.fbx
  artifactKey: Guid(e86c4a6bca7bf445d94ea64faf8a1a0d) Importer(2089858483,192608db42251d675da83286b1cce702)
Start importing Assets/assets/city/roads/road_slantFlatCurve.fbx using Guid(e86c4a6bca7bf445d94ea64faf8a1a0d) Importer(2089858483,192608db42251d675da83286b1cce702) (ScriptedImporter) -> (artifact id: '9397caddccc9a42aa856cd1cbefce6c0') in 0.01049475 seconds
Number of updated asset objects reloaded before import = 0Number of asset objects unloaded after import = 12

========================================================================
Received Import Request.
  Time since last request: 0.000035 seconds.
  path: Assets/assets/city/suburban/house_type16.fbx
  artifactKey: Guid(c348bcb7a668b438eb9081ac3dcdc6cf) Importer(2089858483,192608db42251d675da83286b1cce702)
Start importing Assets/assets/city/suburban/house_type16.fbx using Guid(c348bcb7a668b438eb9081ac3dcdc6cf) Importer(2089858483,192608db42251d675da83286b1cce702) (ScriptedImporter) -> (artifact id: '978760c7a0780f16a46eaafa10f4321b') in 0.0096995 seconds
Number of updated asset objects reloaded before import = 0Number of asset objects unloaded after import = 12

========================================================================
Received Import Request.
  Time since last request: 0.000031 seconds.
  path: Assets/assets/city/suburban/house_type03.fbx
  artifactKey: Guid(9c817b59222fa46c3b2f49d7842e662d) Importer(2089858483,192608db42251d675da83286b1cce702)
Start importing Assets/assets/city/suburban/house_type03.fbx using Guid(9c817b59222fa46c3b2f49d7842e662d) Importer(2089858483,192608db42251d675da83286b1cce702) (ScriptedImporter) -> (artifact id: '034b769a73f0abe8a621c0606276c9d8') in 0.009855 seconds
Number of updated asset objects reloaded before import = 0Number of asset objects unloaded after import = 12

========================================================================
Received Import Request.
  Time since last request: 0.000028 seconds.
  path: Assets/POLYGON city pack/Meshes,textures/Buildings_FBX/Materials/Surface.mat
  artifactKey: Guid(448e52055f751fa4cb0157f9525e856f) Importer(2089858483,192608db42251d675da83286b1cce702)
Start importing Assets/POLYGON city pack/Meshes,textures/Buildings_FBX/Materials/Surface.mat using Guid(448e52055f751fa4cb0157f9525e856f) Importer(2089858483,192608db42251d675da83286b1cce702) (ScriptedImporter) -> (artifact id: '7aaea3dbf6f1d07f4793be5471e8de6f') in 0.001772334 seconds
Number of updated asset objects reloaded before import = 0Number of asset objects unloaded after import = 1

========================================================================
Received Import Request.
  Time since last request: 0.000064 seconds.
  path: Assets/assets/city/racing/barrierRed.fbx
  artifactKey: Guid(a9c02e368255c417ca839ccb05e3ce46) Importer(2089858483,192608db42251d675da83286b1cce702)
Start importing Assets/assets/city/racing/barrierRed.fbx using Guid(a9c02e368255c417ca839ccb05e3ce46) Importer(2089858483,192608db42251d675da83286b1cce702) (ScriptedImporter) -> (artifact id: 'd0769e5bf9502c1ecac31d6e7955cdaa') in 0.005882625 seconds
Number of updated asset objects reloaded before import = 0Number of asset objects unloaded after import = 8

========================================================================
Received Import Request.
  Time since last request: 0.000043 seconds.
  path: Assets/assets/city/racing/ramp.fbx
  artifactKey: Guid(e92678725e01540a480ab24fd9a47d6d) Importer(2089858483,192608db42251d675da83286b1cce702)
Start importing Assets/assets/city/racing/ramp.fbx using Guid(e92678725e01540a480ab24fd9a47d6d) Importer(2089858483,192608db42251d675da83286b1cce702) (ScriptedImporter) -> (artifact id: 'aebe14b631ed4e3291e6f62b27221c6f') in 0.00699275 seconds
Number of updated asset objects reloaded before import = 0Number of asset objects unloaded after import = 9

========================================================================
Received Import Request.
  Time since last request: 0.000046 seconds.
  path: Assets/assets/city/racing/roadCornerLarge.fbx
  artifactKey: Guid(745f5776100d342a6b295c64d3107650) Importer(2089858483,192608db42251d675da83286b1cce702)
Start importing Assets/assets/city/racing/roadCornerLarge.fbx using Guid(745f5776100d342a6b295c64d3107650) Importer(2089858483,192608db42251d675da83286b1cce702) (ScriptedImporter) -> (artifact id: 'be8c940fe2a8ceed228e010bbbdedb80') in 0.007953834 seconds
Number of updated asset objects reloaded before import = 0Number of asset objects unloaded after import = 10

========================================================================
Received Import Request.
  Time since last request: 0.000031 seconds.
  path: Assets/POLYGON city pack/Meshes,textures/Buildings_FBX/Materials/Facade_02.mat
  artifactKey: Guid(4be61c07ad5768640b5763d64b6e844f) Importer(2089858483,192608db42251d675da83286b1cce702)
Start importing Assets/POLYGON city pack/Meshes,textures/Buildings_FBX/Materials/Facade_02.mat using Guid(4be61c07ad5768640b5763d64b6e844f) Importer(2089858483,192608db42251d675da83286b1cce702) (ScriptedImporter) -> (artifact id: '13d5d2dbfc7bd4ea605ed10e80bc0153') in 0.001639667 seconds
Number of updated asset objects reloaded before import = 0Number of asset objects unloaded after import = 1

========================================================================
Received Import Request.
  Time since last request: 0.000053 seconds.
  path: Assets/POLYGON city pack/Meshes,textures/Buildings_FBX/Materials/Facade_01.mat
  artifactKey: Guid(ab16057be71d5db49b74b1ce09037574) Importer(2089858483,192608db42251d675da83286b1cce702)
Start importing Assets/POLYGON city pack/Meshes,textures/Buildings_FBX/Materials/Facade_01.mat using Guid(ab16057be71d5db49b74b1ce09037574) Importer(2089858483,192608db42251d675da83286b1cce702) (ScriptedImporter) -> (artifact id: '1b0167b178f1a75b6e4b9e2db58b709c') in 0.001418209 seconds
Number of updated asset objects reloaded before import = 0Number of asset objects unloaded after import = 1

========================================================================
Received Import Request.
  Time since last request: 0.000055 seconds.
  path: Assets/POLYGON city pack/Meshes,textures/Buildings_FBX/Materials/Facade_03.mat
  artifactKey: Guid(cca3135b3882ab84ca154c4de69b29d1) Importer(2089858483,192608db42251d675da83286b1cce702)
Start importing Assets/POLYGON city pack/Meshes,textures/Buildings_FBX/Materials/Facade_03.mat using Guid(cca3135b3882ab84ca154c4de69b29d1) Importer(2089858483,192608db42251d675da83286b1cce702) (ScriptedImporter) -> (artifact id: 'fab115785d53c177beded31fd330ae3c') in 0.001425208 seconds
Number of updated asset objects reloaded before import = 0Number of asset objects unloaded after import = 1

========================================================================
Received Import Request.
  Time since last request: 0.000068 seconds.
  path: Assets/POLYGON city pack/Meshes,textures/Buildings_FBX/Materials/stone 2.mat
  artifactKey: Guid(aaf8c5301ec321b46a8f031d92d5ce3e) Importer(2089858483,192608db42251d675da83286b1cce702)
Start importing Assets/POLYGON city pack/Meshes,textures/Buildings_FBX/Materials/stone 2.mat using Guid(aaf8c5301ec321b46a8f031d92d5ce3e) Importer(2089858483,192608db42251d675da83286b1cce702) (ScriptedImporter) -> (artifact id: '0f9a4c16222a6c2ff76328199f3e0688') in 0.001360541 seconds
Number of updated asset objects reloaded before import = 0Number of asset objects unloaded after import = 1

========================================================================
Received Import Request.
  Time since last request: 0.000064 seconds.
  path: Assets/assets/city/racing/lightPost_exclusive.fbx
  artifactKey: Guid(378fbd925e38348358bca25411b167db) Importer(2089858483,192608db42251d675da83286b1cce702)
Start importing Assets/assets/city/racing/lightPost_exclusive.fbx using Guid(378fbd925e38348358bca25411b167db) Importer(2089858483,192608db42251d675da83286b1cce702) (ScriptedImporter) -> (artifact id: '6b0cb2e40613f65f8fd42420f7e91c1c') in 0.008806875 seconds
Number of updated asset objects reloaded before import = 0Number of asset objects unloaded after import = 10

========================================================================
Received Import Request.
  Time since last request: 0.000027 seconds.
  path: Assets/POLYGON city pack/Meshes,textures/Buildings_FBX/Materials/Door_04.mat
  artifactKey: Guid(16b49adf11b68ef40ad4b17757c48194) Importer(2089858483,192608db42251d675da83286b1cce702)
Start importing Assets/POLYGON city pack/Meshes,textures/Buildings_FBX/Materials/Door_04.mat using Guid(16b49adf11b68ef40ad4b17757c48194) Importer(2089858483,192608db42251d675da83286b1cce702) (ScriptedImporter) -> (artifact id: '929aaefce6ab2aa4dc5fb63f8a7aa5fd') in 0.001679583 seconds
Number of updated asset objects reloaded before import = 0Number of asset objects unloaded after import = 1

========================================================================
Received Import Request.
  Time since last request: 0.000056 seconds.
  path: Assets/assets/city/suburban/path_tilesLong.fbx
  artifactKey: Guid(16ff330f6857249c4bf5410a1b0c15fb) Importer(2089858483,192608db42251d675da83286b1cce702)
Start importing Assets/assets/city/suburban/path_tilesLong.fbx using Guid(16ff330f6857249c4bf5410a1b0c15fb) Importer(2089858483,192608db42251d675da83286b1cce702) (ScriptedImporter) -> (artifact id: '88185906b26d1a99ffdebd66295487a4') in 0.007056459 seconds
Number of updated asset objects reloaded before import = 0Number of asset objects unloaded after import = 9

========================================================================
Received Import Request.
  Time since last request: 0.000030 seconds.
  path: Assets/POLYGON city pack/Meshes,textures/Buildings_FBX/Materials/Fire escape.mat
  artifactKey: Guid(35f821cdab3dffa47bf9968640a8ce3a) Importer(2089858483,192608db42251d675da83286b1cce702)
Start importing Assets/POLYGON city pack/Meshes,textures/Buildings_FBX/Materials/Fire escape.mat using Guid(35f821cdab3dffa47bf9968640a8ce3a) Importer(2089858483,192608db42251d675da83286b1cce702) (ScriptedImporter) -> (artifact id: '24f3b7837628b8ec2566588b34ec4b97') in 0.00166375 seconds
Number of updated asset objects reloaded before import = 0Number of asset objects unloaded after import = 1

========================================================================
Received Import Request.
  Time since last request: 0.000053 seconds.
  path: Assets/assets/city/roads/road_slantCurveBarrier.fbx
  artifactKey: Guid(f117ca304aefa4393af1ab91ec9a670a) Importer(2089858483,192608db42251d675da83286b1cce702)
Start importing Assets/assets/city/roads/road_slantCurveBarrier.fbx using Guid(f117ca304aefa4393af1ab91ec9a670a) Importer(2089858483,192608db42251d675da83286b1cce702) (ScriptedImporter) -> (artifact id: '93be272d725019de7416479c8c5b2c1c') in 0.006650625 seconds
Number of updated asset objects reloaded before import = 0Number of asset objects unloaded after import = 8

========================================================================
Received Import Request.
  Time since last request: 0.000038 seconds.
  path: Assets/POLYGON city pack/Meshes,textures/Buildings_FBX/Materials/sstairs.mat
  artifactKey: Guid(0e7f84399a8b6584a84aadd74aa5ff39) Importer(2089858483,192608db42251d675da83286b1cce702)
Start importing Assets/POLYGON city pack/Meshes,textures/Buildings_FBX/Materials/sstairs.mat using Guid(0e7f84399a8b6584a84aadd74aa5ff39) Importer(2089858483,192608db42251d675da83286b1cce702) (ScriptedImporter) -> (artifact id: '31312eab5c67495c0b7412511d0a99b5') in 0.001670291 seconds
Number of updated asset objects reloaded before import = 0Number of asset objects unloaded after import = 1

========================================================================
Received Import Request.
  Time since last request: 0.000049 seconds.
  path: Assets/POLYGON city pack/Meshes,textures/Buildings_FBX/Materials/anger Stone 1.mat
  artifactKey: Guid(3c9d171695191cf4e8fdf893ac920d95) Importer(2089858483,192608db42251d675da83286b1cce702)
Start importing Assets/POLYGON city pack/Meshes,textures/Buildings_FBX/Materials/anger Stone 1.mat using Guid(3c9d171695191cf4e8fdf893ac920d95) Importer(2089858483,192608db42251d675da83286b1cce702) (ScriptedImporter) -> (artifact id: '2fd6bc055b15196c961241056d1f8d54') in 0.00146675 seconds
Number of updated asset objects reloaded before import = 0Number of asset objects unloaded after import = 1

========================================================================
Received Import Request.
  Time since last request: 0.000053 seconds.
  path: Assets/assets/city/racing/roadBump.fbx
  artifactKey: Guid(85f635c1c41564595934dc4960842c00) Importer(2089858483,192608db42251d675da83286b1cce702)
Start importing Assets/assets/city/racing/roadBump.fbx using Guid(85f635c1c41564595934dc4960842c00) Importer(2089858483,192608db42251d675da83286b1cce702) (ScriptedImporter) -> (artifact id: '1043dfaf1821b10386ac4988fe2b07e8') in 0.00764975 seconds
Number of updated asset objects reloaded before import = 0Number of asset objects unloaded after import = 10

========================================================================
Received Import Request.
  Time since last request: 0.000036 seconds.
  path: Assets/assets/city/fantasy/roadCurbEnd.fbx
  artifactKey: Guid(1fef743a3c0d340be96587cafa7f47b9) Importer(2089858483,192608db42251d675da83286b1cce702)
Start importing Assets/assets/city/fantasy/roadCurbEnd.fbx using Guid(1fef743a3c0d340be96587cafa7f47b9) Importer(2089858483,192608db42251d675da83286b1cce702) (ScriptedImporter) -> (artifact id: 'a79c04bf818b9e8e3b533a8df0f34eeb') in 0.007473833 seconds
Number of updated asset objects reloaded before import = 0Number of asset objects unloaded after import = 9

========================================================================
Received Import Request.
  Time since last request: 0.000028 seconds.
  path: Assets/assets/city/roads/road_sideExitBarrier.fbx
  artifactKey: Guid(2e90e35e307f24b3883989e604284bf4) Importer(2089858483,192608db42251d675da83286b1cce702)
Start importing Assets/assets/city/roads/road_sideExitBarrier.fbx using Guid(2e90e35e307f24b3883989e604284bf4) Importer(2089858483,192608db42251d675da83286b1cce702) (ScriptedImporter) -> (artifact id: '23b619fa62d0704a4cbfac0ec39ba328') in 0.006527416 seconds
Number of updated asset objects reloaded before import = 0Number of asset objects unloaded after import = 8

========================================================================
Received Import Request.
  Time since last request: 0.000028 seconds.
  path: Assets/assets/city/suburban/driveway_long.fbx
  artifactKey: Guid(f136cff81c9bf42e990ac1cfbf21b352) Importer(2089858483,192608db42251d675da83286b1cce702)
Start importing Assets/assets/city/suburban/driveway_long.fbx using Guid(f136cff81c9bf42e990ac1cfbf21b352) Importer(2089858483,192608db42251d675da83286b1cce702) (ScriptedImporter) -> (artifact id: '69942b1aec6b26f563ccc1627474162f') in 0.007186125 seconds
Number of updated asset objects reloaded before import = 0Number of asset objects unloaded after import = 9

========================================================================
Received Import Request.
  Time since last request: 0.000035 seconds.
  path: Assets/assets/city/racing/pitsOffice.fbx
  artifactKey: Guid(a4696e938ee25468d8ec55a793478eb4) Importer(2089858483,192608db42251d675da83286b1cce702)
Start importing Assets/assets/city/racing/pitsOffice.fbx using Guid(a4696e938ee25468d8ec55a793478eb4) Importer(2089858483,192608db42251d675da83286b1cce702) (ScriptedImporter) -> (artifact id: 'd3c0281c94357fafc228135eb47ebbce') in 0.008728042 seconds
Number of updated asset objects reloaded before import = 0Number of asset objects unloaded after import = 11

========================================================================
Received Import Request.
  Time since last request: 0.000032 seconds.
  path: Assets/assets/city/racing/bannerTowerGreen.fbx
  artifactKey: Guid(dc85f1bbe53e54264bf7a4f24acaf87b) Importer(2089858483,192608db42251d675da83286b1cce702)
Start importing Assets/assets/city/racing/bannerTowerGreen.fbx using Guid(dc85f1bbe53e54264bf7a4f24acaf87b) Importer(2089858483,192608db42251d675da83286b1cce702) (ScriptedImporter) -> (artifact id: 'd553cc1a8fe827a6e2a3ff197324d3ba') in 0.008032833 seconds
Number of updated asset objects reloaded before import = 0Number of asset objects unloaded after import = 10

========================================================================
Received Import Request.
  Time since last request: 0.000032 seconds.
  path: Assets/POLYGON city pack/Meshes,textures/Buildings_FBX/Materials/air.mat
  artifactKey: Guid(562511c18ddd2274f99dd4ec957c133b) Importer(2089858483,192608db42251d675da83286b1cce702)
Start importing Assets/POLYGON city pack/Meshes,textures/Buildings_FBX/Materials/air.mat using Guid(562511c18ddd2274f99dd4ec957c133b) Importer(2089858483,192608db42251d675da83286b1cce702) (ScriptedImporter) -> (artifact id: '534f1f8c6abe2f5dc9ca069371ed96cf') in 0.00179 seconds
Number of updated asset objects reloaded before import = 0Number of asset objects unloaded after import = 1

========================================================================
Received Import Request.
  Time since last request: 0.000052 seconds.
  path: Assets/assets/city/roads/construction_light.fbx
  artifactKey: Guid(6e72f62cee0474aae92094d9c6e947ca) Importer(2089858483,192608db42251d675da83286b1cce702)
Start importing Assets/assets/city/roads/construction_light.fbx using Guid(6e72f62cee0474aae92094d9c6e947ca) Importer(2089858483,192608db42251d675da83286b1cce702) (ScriptedImporter) -> (artifact id: '37613ed547d5a869b7fc2fe9a10d88c2') in 0.009105292 seconds
Number of updated asset objects reloaded before import = 0Number of asset objects unloaded after import = 11

========================================================================
Received Import Request.
  Time since last request: 0.000032 seconds.
  path: Assets/POLYGON city pack/Meshes,textures/Buildings_FBX/Materials/Fasade_03.mat
  artifactKey: Guid(2da502d3fc0237b41860ed2f06d89a10) Importer(2089858483,192608db42251d675da83286b1cce702)
Start importing Assets/POLYGON city pack/Meshes,textures/Buildings_FBX/Materials/Fasade_03.mat using Guid(2da502d3fc0237b41860ed2f06d89a10) Importer(2089858483,192608db42251d675da83286b1cce702) (ScriptedImporter) -> (artifact id: '7e6904d1de6597b4866217d587d708c7') in 0.001657208 seconds
Number of updated asset objects reloaded before import = 0Number of asset objects unloaded after import = 1

========================================================================
Received Import Request.
  Time since last request: 0.000071 seconds.
  path: Assets/assets/city/roads/road_sideExit.fbx
  artifactKey: Guid(b987c7e651d6440d789e424b958dc65d) Importer(2089858483,192608db42251d675da83286b1cce702)
Start importing Assets/assets/city/roads/road_sideExit.fbx using Guid(b987c7e651d6440d789e424b958dc65d) Importer(2089858483,192608db42251d675da83286b1cce702) (ScriptedImporter) -> (artifact id: '9c616421842c3d406179d2692d33ec46') in 0.008883875 seconds
Number of updated asset objects reloaded before import = 0Number of asset objects unloaded after import = 12

========================================================================
Received Import Request.
  Time since last request: 0.142404 seconds.
  path: Assets/POLYGON city pack/Meshes,textures/Shops_FBX/Materials/Grid.mat
  artifactKey: Guid(9ee0a21272c6ec643bbba25a7c4e1f2f) Importer(2089858483,192608db42251d675da83286b1cce702)
Start importing Assets/POLYGON city pack/Meshes,textures/Shops_FBX/Materials/Grid.mat using Guid(9ee0a21272c6ec643bbba25a7c4e1f2f) Importer(2089858483,192608db42251d675da83286b1cce702) (ScriptedImporter) -> (artifact id: 'b797c13545ff84a8c1738d4ad88139f8') in 0.002923792 seconds
Number of updated asset objects reloaded before import = 0Number of asset objects unloaded after import = 1

========================================================================
Received Import Request.
  Time since last request: 0.000069 seconds.
  path: Assets/POLYGON city pack/Meshes,textures/lamps fbx/Materials/Material.001.mat
  artifactKey: Guid(6754734f321ba1f45a008d3580566265) Importer(2089858483,192608db42251d675da83286b1cce702)
Start importing Assets/POLYGON city pack/Meshes,textures/lamps fbx/Materials/Material.001.mat using Guid(6754734f321ba1f45a008d3580566265) Importer(2089858483,192608db42251d675da83286b1cce702) (ScriptedImporter) -> (artifact id: '6f7a3e8089b09fca7fedc6d9a05de181') in 0.002633667 seconds
Number of updated asset objects reloaded before import = 0Number of asset objects unloaded after import = 1

========================================================================
Received Import Request.
  Time since last request: 0.000095 seconds.
  path: Assets/SimplePoly City - Low Poly Assets/Prefab/Vehicles/Vehicle with Static Wheels/Vehicle_Bus_color03.prefab
  artifactKey: Guid(f269a0a343ed94c4e908a388c940ea06) Importer(2089858483,192608db42251d675da83286b1cce702)
Start importing Assets/SimplePoly City - Low Poly Assets/Prefab/Vehicles/Vehicle with Static Wheels/Vehicle_Bus_color03.prefab using Guid(f269a0a343ed94c4e908a388c940ea06) Importer(2089858483,192608db42251d675da83286b1cce702) (ScriptedImporter) -> (artifact id: 'bfdcc854824eb65b73a9a9e201361271') in 0.005798209 seconds
Number of updated asset objects reloaded before import = 0Number of asset objects unloaded after import = 8

========================================================================
Received Import Request.
  Time since last request: 0.000043 seconds.
  path: Assets/SimplePoly City - Low Poly Assets/Prefab/Vehicles/Vehicle with Static Wheels/Vehicle_Bus_color02.prefab
  artifactKey: Guid(79ef5961b86276943ab5da38ae9f2e4b) Importer(2089858483,192608db42251d675da83286b1cce702)
Start importing Assets/SimplePoly City - Low Poly Assets/Prefab/Vehicles/Vehicle with Static Wheels/Vehicle_Bus_color02.prefab using Guid(79ef5961b86276943ab5da38ae9f2e4b) Importer(2089858483,192608db42251d675da83286b1cce702) (ScriptedImporter) -> (artifact id: '2d6af1096ec1ff6744f0855ca9e63eeb') in 0.004725542 seconds
Number of updated asset objects reloaded before import = 0Number of asset objects unloaded after import = 8

========================================================================
Received Import Request.
  Time since last request: 0.000259 seconds.
  path: Assets/SimplePoly City - Low Poly Assets/Prefab/Vehicles/Vehicle with Separated Wheels/Vehicle_Taxi_separate.prefab
  artifactKey: Guid(fba5e236738a7c940b3a8d031c307794) Importer(2089858483,192608db42251d675da83286b1cce702)
Start importing Assets/SimplePoly City - Low Poly Assets/Prefab/Vehicles/Vehicle with Separated Wheels/Vehicle_Taxi_separate.prefab using Guid(fba5e236738a7c940b3a8d031c307794) Importer(2089858483,192608db42251d675da83286b1cce702) (ScriptedImporter) -> (artifact id: '3b52d615e53085c75e615a76ae9400ff') in 0.00355225 seconds
Number of updated asset objects reloaded before import = 0Number of asset objects unloaded after import = 29

========================================================================
Received Import Request.
  Time since last request: 0.000031 seconds.
  path: Assets/SimplePoly City - Low Poly Assets/Prefab/Vehicles/Vehicle with Static Wheels/Vehicle_Pick up Truck_color02.prefab
  artifactKey: Guid(81c050d9e127fdd45af1f6b8da476b2b) Importer(2089858483,192608db42251d675da83286b1cce702)
Start importing Assets/SimplePoly City - Low Poly Assets/Prefab/Vehicles/Vehicle with Static Wheels/Vehicle_Pick up Truck_color02.prefab using Guid(81c050d9e127fdd45af1f6b8da476b2b) Importer(2089858483,192608db42251d675da83286b1cce702) (ScriptedImporter) -> (artifact id: '1d8b72c3ca9748bfdc130c1fac9b1d44') in 0.00509725 seconds
Number of updated asset objects reloaded before import = 0Number of asset objects unloaded after import = 8

========================================================================
Received Import Request.
  Time since last request: 0.000030 seconds.
  path: Assets/POLYGON city pack/Meshes,textures/lamps fbx/Materials/Material.017.mat
  artifactKey: Guid(b24ce8b80d44fec428aaa8fc933acb15) Importer(2089858483,192608db42251d675da83286b1cce702)
Start importing Assets/POLYGON city pack/Meshes,textures/lamps fbx/Materials/Material.017.mat using Guid(b24ce8b80d44fec428aaa8fc933acb15) Importer(2089858483,192608db42251d675da83286b1cce702) (ScriptedImporter) -> (artifact id: 'd75fc546839c15b4e8c223ee310abcef') in 0.001804416 seconds
Number of updated asset objects reloaded before import = 0Number of asset objects unloaded after import = 1

========================================================================
Received Import Request.
  Time since last request: 0.000065 seconds.
  path: Assets/POLYGON city pack/Meshes,textures/ways_FBX/Materials/Sideway.008.mat
  artifactKey: Guid(57292e6111512b349a6bce37f73c0251) Importer(2089858483,192608db42251d675da83286b1cce702)
Start importing Assets/POLYGON city pack/Meshes,textures/ways_FBX/Materials/Sideway.008.mat using Guid(57292e6111512b349a6bce37f73c0251) Importer(2089858483,192608db42251d675da83286b1cce702) (ScriptedImporter) -> (artifact id: '1d2a2b80b90a69cc4d26c4d9d8a3583d') in 0.00171925 seconds
Number of updated asset objects reloaded before import = 0Number of asset objects unloaded after import = 1

========================================================================
Received Import Request.
  Time since last request: 0.000079 seconds.
  path: Assets/POLYGON city pack/Meshes,textures/ways_FBX/Materials/Sideway.007.mat
  artifactKey: Guid(984e85d0cbdd11346822040dbe0d11ac) Importer(2089858483,192608db42251d675da83286b1cce702)
Start importing Assets/POLYGON city pack/Meshes,textures/ways_FBX/Materials/Sideway.007.mat using Guid(984e85d0cbdd11346822040dbe0d11ac) Importer(2089858483,192608db42251d675da83286b1cce702) (ScriptedImporter) -> (artifact id: '77b2d29de50b6443165c32c28d5dc7ed') in 0.002528541 seconds
Number of updated asset objects reloaded before import = 0Number of asset objects unloaded after import = 1

========================================================================
Received Import Request.
  Time since last request: 0.000099 seconds.
  path: Assets/POLYGON city pack/Meshes,textures/traffic signs FBX/Materials/traffic sign 2.mat
  artifactKey: Guid(e59be26149729bf46bf5e8e31f89c49a) Importer(2089858483,192608db42251d675da83286b1cce702)
Start importing Assets/POLYGON city pack/Meshes,textures/traffic signs FBX/Materials/traffic sign 2.mat using Guid(e59be26149729bf46bf5e8e31f89c49a) Importer(2089858483,192608db42251d675da83286b1cce702) (ScriptedImporter) -> (artifact id: 'c146fede6d65cd58bf1c2d4c28660b9e') in 0.001882375 seconds
Number of updated asset objects reloaded before import = 0Number of asset objects unloaded after import = 1

========================================================================
Received Import Request.
  Time since last request: 0.000054 seconds.
  path: Assets/POLYGON city pack/Meshes,textures/props_FBX/Materials/air conditioner.mat
  artifactKey: Guid(23e1939097e91614e957807a174ec241) Importer(2089858483,192608db42251d675da83286b1cce702)
Start importing Assets/POLYGON city pack/Meshes,textures/props_FBX/Materials/air conditioner.mat using Guid(23e1939097e91614e957807a174ec241) Importer(2089858483,192608db42251d675da83286b1cce702) (ScriptedImporter) -> (artifact id: '8969289d4028806c7e16e93700b227e8') in 0.002004958 seconds
Number of updated asset objects reloaded before import = 0Number of asset objects unloaded after import = 2

========================================================================
Received Import Request.
  Time since last request: 0.000048 seconds.
  path: Assets/POLYGON city pack/Meshes,textures/props_FBX/Materials/stone 2.001.mat
  artifactKey: Guid(d8f09384e740b544685e7df4c69f7242) Importer(2089858483,192608db42251d675da83286b1cce702)
Start importing Assets/POLYGON city pack/Meshes,textures/props_FBX/Materials/stone 2.001.mat using Guid(d8f09384e740b544685e7df4c69f7242) Importer(2089858483,192608db42251d675da83286b1cce702) (ScriptedImporter) -> (artifact id: 'a5e1130f4f1d97b6c71d21126428bd9d') in 0.001486208 seconds
Number of updated asset objects reloaded before import = 0Number of asset objects unloaded after import = 1

========================================================================
Received Import Request.
  Time since last request: 0.000054 seconds.
  path: Assets/POLYGON city pack/Meshes,textures/lamps fbx/Materials/Material.005.mat
  artifactKey: Guid(ec63ab36aa264f74f8dd00e6af23e117) Importer(2089858483,192608db42251d675da83286b1cce702)
Start importing Assets/POLYGON city pack/Meshes,textures/lamps fbx/Materials/Material.005.mat using Guid(ec63ab36aa264f74f8dd00e6af23e117) Importer(2089858483,192608db42251d675da83286b1cce702) (ScriptedImporter) -> (artifact id: '13f32af5d5b0f39751cb87d753338a7a') in 0.001467708 seconds
Number of updated asset objects reloaded before import = 0Number of asset objects unloaded after import = 1

========================================================================
Received Import Request.
  Time since last request: 0.000058 seconds.
  path: Assets/POLYGON city pack/Meshes,textures/lamps fbx/Materials/Material.014.mat
  artifactKey: Guid(1349a95e3e1d75145bb55d9fa31f4466) Importer(2089858483,192608db42251d675da83286b1cce702)
Start importing Assets/POLYGON city pack/Meshes,textures/lamps fbx/Materials/Material.014.mat using Guid(1349a95e3e1d75145bb55d9fa31f4466) Importer(2089858483,192608db42251d675da83286b1cce702) (ScriptedImporter) -> (artifact id: '353ec226be2c1662f4b1f987382cd43a') in 0.00158675 seconds
Number of updated asset objects reloaded before import = 0Number of asset objects unloaded after import = 1

========================================================================
Received Import Request.
  Time since last request: 0.000064 seconds.
  path: Assets/POLYGON city pack/Meshes,textures/props_FBX/Materials/street lamp.mat
  artifactKey: Guid(788a948e34972c940a1e026c870b29b7) Importer(2089858483,192608db42251d675da83286b1cce702)
Start importing Assets/POLYGON city pack/Meshes,textures/props_FBX/Materials/street lamp.mat using Guid(788a948e34972c940a1e026c870b29b7) Importer(2089858483,192608db42251d675da83286b1cce702) (ScriptedImporter) -> (artifact id: 'f7c450214255c6c8f7f2e125ab2da3e7') in 0.001958125 seconds
Number of updated asset objects reloaded before import = 0Number of asset objects unloaded after import = 1

========================================================================
Received Import Request.
  Time since last request: 0.000066 seconds.
  path: Assets/POLYGON city pack/Meshes,textures/props_FBX/Materials/drain 2.mat
  artifactKey: Guid(ab763b880b0ed7a469cb0e2688d658c0) Importer(2089858483,192608db42251d675da83286b1cce702)
Start importing Assets/POLYGON city pack/Meshes,textures/props_FBX/Materials/drain 2.mat using Guid(ab763b880b0ed7a469cb0e2688d658c0) Importer(2089858483,192608db42251d675da83286b1cce702) (ScriptedImporter) -> (artifact id: 'fc15abf82a5a2e9ac8d188fb7fb42b95') in 0.002033125 seconds
Number of updated asset objects reloaded before import = 0Number of asset objects unloaded after import = 2

========================================================================
Received Import Request.
  Time since last request: 0.000040 seconds.
  path: Assets/POLYGON city pack/Meshes,textures/props_FBX/Materials/cola_machine_texture.mat
  artifactKey: Guid(14604aa49ae452047971d45fa7844804) Importer(2089858483,192608db42251d675da83286b1cce702)
Start importing Assets/POLYGON city pack/Meshes,textures/props_FBX/Materials/cola_machine_texture.mat using Guid(14604aa49ae452047971d45fa7844804) Importer(2089858483,192608db42251d675da83286b1cce702) (ScriptedImporter) -> (artifact id: 'f259694393f794fcba3fe6e144d6f402') in 0.002149875 seconds
Number of updated asset objects reloaded before import = 0Number of asset objects unloaded after import = 2

========================================================================
Received Import Request.
  Time since last request: 0.000062 seconds.
  path: Assets/POLYGON city pack/Meshes,textures/Shops_FBX/Materials/Street.mat
  artifactKey: Guid(290fd4174e49c64499d7ec94dbd7e10e) Importer(2089858483,192608db42251d675da83286b1cce702)
Start importing Assets/POLYGON city pack/Meshes,textures/Shops_FBX/Materials/Street.mat using Guid(290fd4174e49c64499d7ec94dbd7e10e) Importer(2089858483,192608db42251d675da83286b1cce702) (ScriptedImporter) -> (artifact id: '73f470fab7d2dc6e44e9404ffc346def') in 0.002090875 seconds
Number of updated asset objects reloaded before import = 0Number of asset objects unloaded after import = 1

========================================================================
Received Import Request.
  Time since last request: 0.000067 seconds.
  path: Assets/POLYGON city pack/Meshes,textures/Shops_FBX/Materials/Window.mat
  artifactKey: Guid(7b4fea7238a26184cb69155caef2cc84) Importer(2089858483,192608db42251d675da83286b1cce702)
Start importing Assets/POLYGON city pack/Meshes,textures/Shops_FBX/Materials/Window.mat using Guid(7b4fea7238a26184cb69155caef2cc84) Importer(2089858483,192608db42251d675da83286b1cce702) (ScriptedImporter) -> (artifact id: '4b9157df56e0e736453bf2486cacb391') in 0.001710583 seconds
Number of updated asset objects reloaded before import = 0Number of asset objects unloaded after import = 1

========================================================================
Received Import Request.
  Time since last request: 0.000044 seconds.
  path: Assets/POLYGON city pack/Meshes,textures/Shops_FBX/Materials/Texture_on.mat
  artifactKey: Guid(6e7a45bf02789524faa43c0656ae4778) Importer(2089858483,192608db42251d675da83286b1cce702)
Start importing Assets/POLYGON city pack/Meshes,textures/Shops_FBX/Materials/Texture_on.mat using Guid(6e7a45bf02789524faa43c0656ae4778) Importer(2089858483,192608db42251d675da83286b1cce702) (ScriptedImporter) -> (artifact id: '569a941b640112708e67e498718b9ec0') in 0.001416875 seconds
Number of updated asset objects reloaded before import = 0Number of asset objects unloaded after import = 1

========================================================================
Received Import Request.
  Time since last request: 0.000071 seconds.
  path: Assets/SimplePoly City - Low Poly Assets/Prefab/Vehicles/Vehicle with Separated Wheels/Vehicle_Pick up Truck_color02_separate.prefab
  artifactKey: Guid(b1969db97c2d8604ba4bfe3000a13858) Importer(2089858483,192608db42251d675da83286b1cce702)
Start importing Assets/SimplePoly City - Low Poly Assets/Prefab/Vehicles/Vehicle with Separated Wheels/Vehicle_Pick up Truck_color02_separate.prefab using Guid(b1969db97c2d8604ba4bfe3000a13858) Importer(2089858483,192608db42251d675da83286b1cce702) (ScriptedImporter) -> (artifact id: '263fefe6dbe835ed95a28ef13f200544') in 0.002193708 seconds
Number of updated asset objects reloaded before import = 0Number of asset objects unloaded after import = 29

========================================================================
Received Import Request.
  Time since last request: 0.000026 seconds.
  path: Assets/POLYGON city pack/Meshes,textures/props_FBX/Materials/wood.mat
  artifactKey: Guid(9f566002285560e44923c03bccb3b07c) Importer(2089858483,192608db42251d675da83286b1cce702)
Start importing Assets/POLYGON city pack/Meshes,textures/props_FBX/Materials/wood.mat using Guid(9f566002285560e44923c03bccb3b07c) Importer(2089858483,192608db42251d675da83286b1cce702) (ScriptedImporter) -> (artifact id: 'ea5cba441b6bf62ceb7f04a221e93fb0') in 0.00146925 seconds
Number of updated asset objects reloaded before import = 0Number of asset objects unloaded after import = 1

========================================================================
Received Import Request.
  Time since last request: 0.000054 seconds.
  path: Assets/POLYGON city pack/Meshes,textures/props_FBX/Materials/main_02.mat
  artifactKey: Guid(441e0f39cf36a6b45b66606d154e51fa) Importer(2089858483,192608db42251d675da83286b1cce702)
Start importing Assets/POLYGON city pack/Meshes,textures/props_FBX/Materials/main_02.mat using Guid(441e0f39cf36a6b45b66606d154e51fa) Importer(2089858483,192608db42251d675da83286b1cce702) (ScriptedImporter) -> (artifact id: 'c680cdcfb46efbcbe480e33c4c287145') in 0.001335584 seconds
Number of updated asset objects reloaded before import = 0Number of asset objects unloaded after import = 1

========================================================================
Received Import Request.
  Time since last request: 0.000053 seconds.
  path: Assets/POLYGON city pack/Meshes,textures/props_FBX/Materials/stone 2.mat
  artifactKey: Guid(01b8a28c41dea4d4dac06e882188b72e) Importer(2089858483,192608db42251d675da83286b1cce702)
Start importing Assets/POLYGON city pack/Meshes,textures/props_FBX/Materials/stone 2.mat using Guid(01b8a28c41dea4d4dac06e882188b72e) Importer(2089858483,192608db42251d675da83286b1cce702) (ScriptedImporter) -> (artifact id: 'cc18cd089c39bf32de7f679636b7e916') in 0.00127125 seconds
Number of updated asset objects reloaded before import = 0Number of asset objects unloaded after import = 1

========================================================================
Received Import Request.
  Time since last request: 0.000067 seconds.
  path: Assets/POLYGON city pack/Meshes,textures/props_FBX/Materials/parking meter texture_.mat
  artifactKey: Guid(ce238fab5ff196a47a51981b459720a3) Importer(2089858483,192608db42251d675da83286b1cce702)
Start importing Assets/POLYGON city pack/Meshes,textures/props_FBX/Materials/parking meter texture_.mat using Guid(ce238fab5ff196a47a51981b459720a3) Importer(2089858483,192608db42251d675da83286b1cce702) (ScriptedImporter) -> (artifact id: 'fed0f34f1688559f602a113e429c6dd5') in 0.001973541 seconds
Number of updated asset objects reloaded before import = 0Number of asset objects unloaded after import = 2

========================================================================
Received Import Request.
  Time since last request: 0.000031 seconds.
  path: Assets/SimplePoly City - Low Poly Assets/Prefab/Vehicles/Vehicle with Static Wheels/Vehicle_Truck_color03.prefab
  artifactKey: Guid(993432d7809c9bf489a5a96006618fef) Importer(2089858483,192608db42251d675da83286b1cce702)
Start importing Assets/SimplePoly City - Low Poly Assets/Prefab/Vehicles/Vehicle with Static Wheels/Vehicle_Truck_color03.prefab using Guid(993432d7809c9bf489a5a96006618fef) Importer(2089858483,192608db42251d675da83286b1cce702) (ScriptedImporter) -> (artifact id: '5df8d70cd18c1d89711677167b83753d') in 0.004027833 seconds
Number of updated asset objects reloaded before import = 0Number of asset objects unloaded after import = 8

========================================================================
Received Import Request.
  Time since last request: 0.000025 seconds.
  path: Assets/POLYGON city pack/Meshes,textures/props_FBX/Materials/stone 2.005.mat
  artifactKey: Guid(10c96da50f755ce43a9eeaaf677eb3b9) Importer(2089858483,192608db42251d675da83286b1cce702)
Start importing Assets/POLYGON city pack/Meshes,textures/props_FBX/Materials/stone 2.005.mat using Guid(10c96da50f755ce43a9eeaaf677eb3b9) Importer(2089858483,192608db42251d675da83286b1cce702) (ScriptedImporter) -> (artifact id: '89089d8abdfaec5ae76ab575eb9797e3') in 0.001655667 seconds
Number of updated asset objects reloaded before import = 0Number of asset objects unloaded after import = 1

========================================================================
Received Import Request.
  Time since last request: 0.000078 seconds.
  path: Assets/POLYGON city pack/Meshes,textures/props_FBX/Materials/Material.001.mat
  artifactKey: Guid(21a2b8d40fa4ac845858ebe59fce2b3a) Importer(2089858483,192608db42251d675da83286b1cce702)
Start importing Assets/POLYGON city pack/Meshes,textures/props_FBX/Materials/Material.001.mat using Guid(21a2b8d40fa4ac845858ebe59fce2b3a) Importer(2089858483,192608db42251d675da83286b1cce702) (ScriptedImporter) -> (artifact id: '8e87c67933d060557d0a71b2e716aa44') in 0.001434709 seconds
Number of updated asset objects reloaded before import = 0Number of asset objects unloaded after import = 1

========================================================================
Received Import Request.
  Time since last request: 0.000048 seconds.
  path: Assets/POLYGON city pack/Meshes,textures/Shops_FBX/Materials/Window_frames.mat
  artifactKey: Guid(c7c63366b5471dc4dac5a333248020e3) Importer(2089858483,192608db42251d675da83286b1cce702)
Start importing Assets/POLYGON city pack/Meshes,textures/Shops_FBX/Materials/Window_frames.mat using Guid(c7c63366b5471dc4dac5a333248020e3) Importer(2089858483,192608db42251d675da83286b1cce702) (ScriptedImporter) -> (artifact id: 'e1e7354c14bae5b8501f6cf73144d91f') in 0.001468458 seconds
Number of updated asset objects reloaded before import = 0Number of asset objects unloaded after import = 1

========================================================================
Received Import Request.
  Time since last request: 0.000063 seconds.
  path: Assets/SimplePoly City - Low Poly Assets/Prefab/Vehicles/Vehicle with Static Wheels/Vehicle_Car_color01.prefab
  artifactKey: Guid(a119eb0fa059db34bbaef286c1af1696) Importer(2089858483,192608db42251d675da83286b1cce702)
Start importing Assets/SimplePoly City - Low Poly Assets/Prefab/Vehicles/Vehicle with Static Wheels/Vehicle_Car_color01.prefab using Guid(a119eb0fa059db34bbaef286c1af1696) Importer(2089858483,192608db42251d675da83286b1cce702) (ScriptedImporter) -> (artifact id: '0dba5dcd6141f8517a9c044060fc89fb') in 0.003273 seconds
Number of updated asset objects reloaded before import = 0Number of asset objects unloaded after import = 8

========================================================================
Received Import Request.
  Time since last request: 0.000036 seconds.
  path: Assets/SimplePoly City - Low Poly Assets/Prefab/Vehicles/Vehicle with Separated Wheels/Vehicle_Car_color02_separate.prefab
  artifactKey: Guid(12dd350c4c7e7754b807b38a22b4d078) Importer(2089858483,192608db42251d675da83286b1cce702)
Start importing Assets/SimplePoly City - Low Poly Assets/Prefab/Vehicles/Vehicle with Separated Wheels/Vehicle_Car_color02_separate.prefab using Guid(12dd350c4c7e7754b807b38a22b4d078) Importer(2089858483,192608db42251d675da83286b1cce702) (ScriptedImporter) -> (artifact id: 'd4b3cb414c8701f71070959cf22ad70e') in 0.002046916 seconds
Number of updated asset objects reloaded before import = 0Number of asset objects unloaded after import = 29

========================================================================
Received Import Request.
  Time since last request: 0.000031 seconds.
  path: Assets/POLYGON city pack/Meshes,textures/traffic signs FBX/Materials/road  traffic sign.mat
  artifactKey: Guid(47d6f3b250a30aa448442bc469b1b56c) Importer(2089858483,192608db42251d675da83286b1cce702)
Start importing Assets/POLYGON city pack/Meshes,textures/traffic signs FBX/Materials/road  traffic sign.mat using Guid(47d6f3b250a30aa448442bc469b1b56c) Importer(2089858483,192608db42251d675da83286b1cce702) (ScriptedImporter) -> (artifact id: 'fba7a0fc85337c67c282c75107cd40c3') in 0.002663209 seconds
Number of updated asset objects reloaded before import = 0Number of asset objects unloaded after import = 2

========================================================================
Received Import Request.
  Time since last request: 0.000026 seconds.
  path: Assets/SimplePoly City - Low Poly Assets/Prefab/Vehicles/Vehicle with Static Wheels/Vehicle_Ambulance.prefab
  artifactKey: Guid(9b25e71fd5b7ac6469539d930c6dc2e6) Importer(2089858483,192608db42251d675da83286b1cce702)
Start importing Assets/SimplePoly City - Low Poly Assets/Prefab/Vehicles/Vehicle with Static Wheels/Vehicle_Ambulance.prefab using Guid(9b25e71fd5b7ac6469539d930c6dc2e6) Importer(2089858483,192608db42251d675da83286b1cce702) (ScriptedImporter) -> (artifact id: '0bc31367b6d3252e8bde95f0039ea4c6') in 0.003263041 seconds
Number of updated asset objects reloaded before import = 0Number of asset objects unloaded after import = 8

========================================================================
Received Import Request.
  Time since last request: 0.000030 seconds.
  path: Assets/POLYGON city pack/Meshes,textures/props_FBX/Materials/light 1 b.001.mat
  artifactKey: Guid(43d24319d61229d41b9d637b55d50462) Importer(2089858483,192608db42251d675da83286b1cce702)
Start importing Assets/POLYGON city pack/Meshes,textures/props_FBX/Materials/light 1 b.001.mat using Guid(43d24319d61229d41b9d637b55d50462) Importer(2089858483,192608db42251d675da83286b1cce702) (ScriptedImporter) -> (artifact id: 'bb1e0a9ad13c9feaad81c6072fd56044') in 0.001578875 seconds
Number of updated asset objects reloaded before import = 0Number of asset objects unloaded after import = 1

========================================================================
Received Import Request.
  Time since last request: 0.000054 seconds.
  path: Assets/SimplePoly City - Low Poly Assets/Prefab/Vehicles/Vehicle with Static Wheels/Vehicle_Car_color03.prefab
  artifactKey: Guid(c98da428142c39c42bb62c454958cd1f) Importer(2089858483,192608db42251d675da83286b1cce702)
Start importing Assets/SimplePoly City - Low Poly Assets/Prefab/Vehicles/Vehicle with Static Wheels/Vehicle_Car_color03.prefab using Guid(c98da428142c39c42bb62c454958cd1f) Importer(2089858483,192608db42251d675da83286b1cce702) (ScriptedImporter) -> (artifact id: 'ca4d58d4a9819db3dd99060603600f6e') in 0.003265167 seconds
Number of updated asset objects reloaded before import = 0Number of asset objects unloaded after import = 8

========================================================================
Received Import Request.
  Time since last request: 0.000026 seconds.
  path: Assets/POLYGON city pack/Meshes,textures/props_FBX/Materials/light 3 a.002.mat
  artifactKey: Guid(de1aec007ff5e824d801fd22073e3bab) Importer(2089858483,192608db42251d675da83286b1cce702)
Start importing Assets/POLYGON city pack/Meshes,textures/props_FBX/Materials/light 3 a.002.mat using Guid(de1aec007ff5e824d801fd22073e3bab) Importer(2089858483,192608db42251d675da83286b1cce702) (ScriptedImporter) -> (artifact id: 'a924f8f42739dd8633cc897ee279a727') in 0.001605792 seconds
Number of updated asset objects reloaded before import = 0Number of asset objects unloaded after import = 1

========================================================================
Received Import Request.
  Time since last request: 0.000065 seconds.
  path: Assets/POLYGON city pack/Meshes,textures/props_FBX/Materials/power pole cable texture.mat
  artifactKey: Guid(b32cc516dcac9a14eb2048caf6ec1af6) Importer(2089858483,192608db42251d675da83286b1cce702)
Start importing Assets/POLYGON city pack/Meshes,textures/props_FBX/Materials/power pole cable texture.mat using Guid(b32cc516dcac9a14eb2048caf6ec1af6) Importer(2089858483,192608db42251d675da83286b1cce702) (ScriptedImporter) -> (artifact id: '5799e8251e7eb8833195cbb4386778a3') in 0.001976708 seconds
Number of updated asset objects reloaded before import = 0Number of asset objects unloaded after import = 2

========================================================================
Received Import Request.
  Time since last request: 0.000044 seconds.
  path: Assets/SimplePoly City - Low Poly Assets/Prefab/Vehicles/Vehicle with Separated Wheels/Vehicle_Car_color03_separate.prefab
  artifactKey: Guid(11a57a102cdb5e642899ceab079f1938) Importer(2089858483,192608db42251d675da83286b1cce702)
Start importing Assets/SimplePoly City - Low Poly Assets/Prefab/Vehicles/Vehicle with Separated Wheels/Vehicle_Car_color03_separate.prefab using Guid(11a57a102cdb5e642899ceab079f1938) Importer(2089858483,192608db42251d675da83286b1cce702) (ScriptedImporter) -> (artifact id: 'f7cbc80339e8271caa4e4aac5e96eed8') in 0.003199667 seconds
Number of updated asset objects reloaded before import = 0Number of asset objects unloaded after import = 29

========================================================================
Received Import Request.
  Time since last request: 0.000027 seconds.
  path: Assets/SimplePoly City - Low Poly Assets/Prefab/Vehicles/Vehicle with Static Wheels/Vehicle_Bus_color01.prefab
  artifactKey: Guid(9500f0cdde0097a4aac35ced7c1935d7) Importer(2089858483,192608db42251d675da83286b1cce702)
Start importing Assets/SimplePoly City - Low Poly Assets/Prefab/Vehicles/Vehicle with Static Wheels/Vehicle_Bus_color01.prefab using Guid(9500f0cdde0097a4aac35ced7c1935d7) Importer(2089858483,192608db42251d675da83286b1cce702) (ScriptedImporter) -> (artifact id: '269c909d1f184b9e7a2d1b38b03a3a12') in 0.0034485 seconds
Number of updated asset objects reloaded before import = 0Number of asset objects unloaded after import = 8

========================================================================
Received Import Request.
  Time since last request: 0.000090 seconds.
  path: Assets/POLYGON city pack/Meshes,textures/props_FBX/Materials/Material.002.mat
  artifactKey: Guid(e919ae06ef4671b4298aac86d01441c4) Importer(2089858483,192608db42251d675da83286b1cce702)
Start importing Assets/POLYGON city pack/Meshes,textures/props_FBX/Materials/Material.002.mat using Guid(e919ae06ef4671b4298aac86d01441c4) Importer(2089858483,192608db42251d675da83286b1cce702) (ScriptedImporter) -> (artifact id: 'ef43f77bc6f262d2b1cc2ba191fcd6dc') in 0.001798625 seconds
Number of updated asset objects reloaded before import = 0Number of asset objects unloaded after import = 1

========================================================================
Received Import Request.
  Time since last request: 0.000054 seconds.
  path: Assets/POLYGON city pack/Meshes,textures/traffic signs FBX/Materials/stop_sign.mat
  artifactKey: Guid(86400b15e18ecf944b0bad0705a22883) Importer(2089858483,192608db42251d675da83286b1cce702)
Start importing Assets/POLYGON city pack/Meshes,textures/traffic signs FBX/Materials/stop_sign.mat using Guid(86400b15e18ecf944b0bad0705a22883) Importer(2089858483,192608db42251d675da83286b1cce702) (ScriptedImporter) -> (artifact id: '471601182f2b59c96482cf296a0a6884') in 0.00215475 seconds
Number of updated asset objects reloaded before import = 0Number of asset objects unloaded after import = 2

========================================================================
Received Import Request.
  Time since last request: 0.000053 seconds.
  path: Assets/POLYGON city pack/Meshes,textures/props_FBX/Materials/light 3 a.mat
  artifactKey: Guid(62173aa68abb7824caca79ff58a6517e) Importer(2089858483,192608db42251d675da83286b1cce702)
Start importing Assets/POLYGON city pack/Meshes,textures/props_FBX/Materials/light 3 a.mat using Guid(62173aa68abb7824caca79ff58a6517e) Importer(2089858483,192608db42251d675da83286b1cce702) (ScriptedImporter) -> (artifact id: 'c93f8553d82b2c6edfed9890f2f9734f') in 0.001705708 seconds
Number of updated asset objects reloaded before import = 0Number of asset objects unloaded after import = 1

========================================================================
Received Import Request.
  Time since last request: 0.000064 seconds.
  path: Assets/POLYGON city pack/Meshes,textures/props_FBX/Materials/stone.mat
  artifactKey: Guid(14b05a33dd5664b439de2ca08d624e65) Importer(2089858483,192608db42251d675da83286b1cce702)
Start importing Assets/POLYGON city pack/Meshes,textures/props_FBX/Materials/stone.mat using Guid(14b05a33dd5664b439de2ca08d624e65) Importer(2089858483,192608db42251d675da83286b1cce702) (ScriptedImporter) -> (artifact id: '6f3448aa0028cd634218e525ecaeb55d') in 0.001836958 seconds
Number of updated asset objects reloaded before import = 0Number of asset objects unloaded after import = 1

========================================================================
Received Import Request.
  Time since last request: 0.000049 seconds.
  path: Assets/POLYGON city pack/Meshes,textures/ways_FBX/Materials/Sideway.001.mat
  artifactKey: Guid(25aed3a18f9d95a4783c5752ac6f1217) Importer(2089858483,192608db42251d675da83286b1cce702)
Start importing Assets/POLYGON city pack/Meshes,textures/ways_FBX/Materials/Sideway.001.mat using Guid(25aed3a18f9d95a4783c5752ac6f1217) Importer(2089858483,192608db42251d675da83286b1cce702) (ScriptedImporter) -> (artifact id: '5dcba6998b0201e2800906cd92d923dd') in 0.001598666 seconds
Number of updated asset objects reloaded before import = 0Number of asset objects unloaded after import = 1

========================================================================
Received Import Request.
  Time since last request: 0.000051 seconds.
  path: Assets/POLYGON city pack/Meshes,textures/ways_FBX/Materials/Grass.mat
  artifactKey: Guid(6bced7c05d64f3d498068304df072429) Importer(2089858483,192608db42251d675da83286b1cce702)
Start importing Assets/POLYGON city pack/Meshes,textures/ways_FBX/Materials/Grass.mat using Guid(6bced7c05d64f3d498068304df072429) Importer(2089858483,192608db42251d675da83286b1cce702) (ScriptedImporter) -> (artifact id: 'f868163a50f4c9f83afdc62ae3e82075') in 0.001622834 seconds
Number of updated asset objects reloaded before import = 0Number of asset objects unloaded after import = 1

========================================================================
Received Import Request.
  Time since last request: 0.000068 seconds.
  path: Assets/POLYGON city pack/Meshes,textures/props_FBX/Materials/Glass coke.mat
  artifactKey: Guid(23c2eb0032c7b9c419ea560119ad5e93) Importer(2089858483,192608db42251d675da83286b1cce702)
Start importing Assets/POLYGON city pack/Meshes,textures/props_FBX/Materials/Glass coke.mat using Guid(23c2eb0032c7b9c419ea560119ad5e93) Importer(2089858483,192608db42251d675da83286b1cce702) (ScriptedImporter) -> (artifact id: '9fbbbdfe294683d6ab0d37e592e7e0a3') in 0.002286083 seconds
Number of updated asset objects reloaded before import = 0Number of asset objects unloaded after import = 1

========================================================================
Received Import Request.
  Time since last request: 0.000078 seconds.
  path: Assets/POLYGON city pack/Meshes,textures/props_FBX/Materials/Fence_B_2.mat
  artifactKey: Guid(356a3dcd42cd9914b82b8a701762e6d0) Importer(2089858483,192608db42251d675da83286b1cce702)
Start importing Assets/POLYGON city pack/Meshes,textures/props_FBX/Materials/Fence_B_2.mat using Guid(356a3dcd42cd9914b82b8a701762e6d0) Importer(2089858483,192608db42251d675da83286b1cce702) (ScriptedImporter) -> (artifact id: '3c33b7bc9c9e5e7a99085c85c9ef30c6') in 0.001834458 seconds
Number of updated asset objects reloaded before import = 0Number of asset objects unloaded after import = 2

========================================================================
Received Import Request.
  Time since last request: 0.000033 seconds.
  path: Assets/POLYGON city pack/Meshes,textures/Shops_FBX/Materials/Sign_big.mat
  artifactKey: Guid(e81637d1351d5b345b66d1b8af1fef83) Importer(2089858483,192608db42251d675da83286b1cce702)
Start importing Assets/POLYGON city pack/Meshes,textures/Shops_FBX/Materials/Sign_big.mat using Guid(e81637d1351d5b345b66d1b8af1fef83) Importer(2089858483,192608db42251d675da83286b1cce702) (ScriptedImporter) -> (artifact id: 'dfda2674e93f0fa2adda2dce7104dba4') in 0.001478708 seconds
Number of updated asset objects reloaded before import = 0Number of asset objects unloaded after import = 1

========================================================================
Received Import Request.
  Time since last request: 0.000055 seconds.
  path: Assets/POLYGON city pack/Meshes,textures/ways_FBX/Materials/SideWalk.005.mat
  artifactKey: Guid(5873f3e09e55ea549b46ea461b3c2a6b) Importer(2089858483,192608db42251d675da83286b1cce702)
Start importing Assets/POLYGON city pack/Meshes,textures/ways_FBX/Materials/SideWalk.005.mat using Guid(5873f3e09e55ea549b46ea461b3c2a6b) Importer(2089858483,192608db42251d675da83286b1cce702) (ScriptedImporter) -> (artifact id: 'b0f64f1c08869e5b5e9845d0190c270b') in 0.001570458 seconds
Number of updated asset objects reloaded before import = 0Number of asset objects unloaded after import = 1

========================================================================
Received Import Request.
  Time since last request: 0.000061 seconds.
  path: Assets/POLYGON city pack/Meshes,textures/props_FBX/Materials/color.mat
  artifactKey: Guid(88261a63bff2b044fbfd8de105148de1) Importer(2089858483,192608db42251d675da83286b1cce702)
Start importing Assets/POLYGON city pack/Meshes,textures/props_FBX/Materials/color.mat using Guid(88261a63bff2b044fbfd8de105148de1) Importer(2089858483,192608db42251d675da83286b1cce702) (ScriptedImporter) -> (artifact id: '0abc8bfc9012e3bfad850d455cc3f9c6') in 0.001515959 seconds
Number of updated asset objects reloaded before import = 0Number of asset objects unloaded after import = 1

========================================================================
Received Import Request.
  Time since last request: 0.000099 seconds.
  path: Assets/POLYGON city pack/Meshes,textures/props_FBX/Materials/Bench texture.mat
  artifactKey: Guid(a19312ab838fe8f488b69158ea5d2f87) Importer(2089858483,192608db42251d675da83286b1cce702)
Start importing Assets/POLYGON city pack/Meshes,textures/props_FBX/Materials/Bench texture.mat using Guid(a19312ab838fe8f488b69158ea5d2f87) Importer(2089858483,192608db42251d675da83286b1cce702) (ScriptedImporter) -> (artifact id: '4072cff228344ab9fff0935aa1322bc4') in 0.001859583 seconds
Number of updated asset objects reloaded before import = 0Number of asset objects unloaded after import = 2

========================================================================
Received Import Request.
  Time since last request: 0.000051 seconds.
  path: Assets/POLYGON city pack/Meshes,textures/props_FBX/Materials/flower 3 texture.mat
  artifactKey: Guid(2f505530de49da747a967e990a78b500) Importer(2089858483,192608db42251d675da83286b1cce702)
Start importing Assets/POLYGON city pack/Meshes,textures/props_FBX/Materials/flower 3 texture.mat using Guid(2f505530de49da747a967e990a78b500) Importer(2089858483,192608db42251d675da83286b1cce702) (ScriptedImporter) -> (artifact id: '9267cb17500f59b8dd5de2e840f2779b') in 0.001674667 seconds
Number of updated asset objects reloaded before import = 0Number of asset objects unloaded after import = 1

========================================================================
Received Import Request.
  Time since last request: 0.000062 seconds.
  path: Assets/POLYGON city pack/Meshes,textures/props_FBX/Materials/Power pole texture.mat
  artifactKey: Guid(abf34b9c711ed774981a900551695e54) Importer(2089858483,192608db42251d675da83286b1cce702)
Start importing Assets/POLYGON city pack/Meshes,textures/props_FBX/Materials/Power pole texture.mat using Guid(abf34b9c711ed774981a900551695e54) Importer(2089858483,192608db42251d675da83286b1cce702) (ScriptedImporter) -> (artifact id: '4ff0945fa628b7533dfdbeb6482b2844') in 0.00203125 seconds
Number of updated asset objects reloaded before import = 0Number of asset objects unloaded after import = 2

========================================================================
Received Import Request.
  Time since last request: 0.000043 seconds.
  path: Assets/POLYGON city pack/Meshes,textures/Shops_FBX/Materials/Sign_02.mat
  artifactKey: Guid(ae8c59ee08e3b1546806795f27057347) Importer(2089858483,192608db42251d675da83286b1cce702)
Start importing Assets/POLYGON city pack/Meshes,textures/Shops_FBX/Materials/Sign_02.mat using Guid(ae8c59ee08e3b1546806795f27057347) Importer(2089858483,192608db42251d675da83286b1cce702) (ScriptedImporter) -> (artifact id: '1dbf422fdd402a6dd761a9b4769a84c9') in 0.001400833 seconds
Number of updated asset objects reloaded before import = 0Number of asset objects unloaded after import = 1

========================================================================
Received Import Request.
  Time since last request: 0.000061 seconds.
  path: Assets/POLYGON city pack/Meshes,textures/ways_FBX/Materials/SideWalk.007.mat
  artifactKey: Guid(4e4cd9c356f9e1947ad4624d8a955c58) Importer(2089858483,192608db42251d675da83286b1cce702)
Start importing Assets/POLYGON city pack/Meshes,textures/ways_FBX/Materials/SideWalk.007.mat using Guid(4e4cd9c356f9e1947ad4624d8a955c58) Importer(2089858483,192608db42251d675da83286b1cce702) (ScriptedImporter) -> (artifact id: 'b1b8ccf3893ccf4255a37737c676d9a5') in 0.002244334 seconds
Number of updated asset objects reloaded before import = 0Number of asset objects unloaded after import = 1

========================================================================
Received Import Request.
  Time since last request: 0.000066 seconds.
  path: Assets/SimplePoly City - Low Poly Assets/Prefab/Vehicles/Vehicle with Separated Wheels/Vehicle_SUV_color01_separate.prefab
  artifactKey: Guid(1dabf884aa0716149a1bc775f0b620d8) Importer(2089858483,192608db42251d675da83286b1cce702)
Start importing Assets/SimplePoly City - Low Poly Assets/Prefab/Vehicles/Vehicle with Separated Wheels/Vehicle_SUV_color01_separate.prefab using Guid(1dabf884aa0716149a1bc775f0b620d8) Importer(2089858483,192608db42251d675da83286b1cce702) (ScriptedImporter) -> (artifact id: '42bf7c8f6b6c16307ded9975139e1fdd') in 0.002034667 seconds
Number of updated asset objects reloaded before import = 0Number of asset objects unloaded after import = 29

========================================================================
Received Import Request.
  Time since last request: 0.000025 seconds.
  path: Assets/POLYGON city pack/Meshes,textures/ways_FBX/Materials/Material.mat
  artifactKey: Guid(dbb43bde0524ae242a8f2bda9d43d451) Importer(2089858483,192608db42251d675da83286b1cce702)
Start importing Assets/POLYGON city pack/Meshes,textures/ways_FBX/Materials/Material.mat using Guid(dbb43bde0524ae242a8f2bda9d43d451) Importer(2089858483,192608db42251d675da83286b1cce702) (ScriptedImporter) -> (artifact id: 'e1ca41a2f5d722521eb43fc53ca929ff') in 0.001385083 seconds
Number of updated asset objects reloaded before import = 0Number of asset objects unloaded after import = 1

========================================================================
Received Import Request.
  Time since last request: 0.000055 seconds.
  path: Assets/SimplePoly City - Low Poly Assets/Prefab/Vehicles/Vehicle with Static Wheels/Vehicle_Pick up Truck_color03.prefab
  artifactKey: Guid(ce2dd4bb67fdc684dac928dc2cfb7a0f) Importer(2089858483,192608db42251d675da83286b1cce702)
Start importing Assets/SimplePoly City - Low Poly Assets/Prefab/Vehicles/Vehicle with Static Wheels/Vehicle_Pick up Truck_color03.prefab using Guid(ce2dd4bb67fdc684dac928dc2cfb7a0f) Importer(2089858483,192608db42251d675da83286b1cce702) (ScriptedImporter) -> (artifact id: '5b9d7ed5cde4f356732788bb4b89577d') in 0.003488417 seconds
Number of updated asset objects reloaded before import = 0Number of asset objects unloaded after import = 8

========================================================================
Received Import Request.
  Time since last request: 0.000026 seconds.
  path: Assets/POLYGON city pack/Meshes,textures/props_FBX/Materials/Hostpital.mat
  artifactKey: Guid(ceccdafd59fbf034689c44c17b7e7b18) Importer(2089858483,192608db42251d675da83286b1cce702)
Start importing Assets/POLYGON city pack/Meshes,textures/props_FBX/Materials/Hostpital.mat using Guid(ceccdafd59fbf034689c44c17b7e7b18) Importer(2089858483,192608db42251d675da83286b1cce702) (ScriptedImporter) -> (artifact id: 'fa7a3ba6211da544938fb7fc5121f0ee') in 0.001520792 seconds
Number of updated asset objects reloaded before import = 0Number of asset objects unloaded after import = 1

========================================================================
Received Import Request.
  Time since last request: 0.000049 seconds.
  path: Assets/POLYGON city pack/Meshes,textures/props_FBX/Materials/stone 2.007.mat
  artifactKey: Guid(8e43e261c0e98fc469ca21ae50f27817) Importer(2089858483,192608db42251d675da83286b1cce702)
Start importing Assets/POLYGON city pack/Meshes,textures/props_FBX/Materials/stone 2.007.mat using Guid(8e43e261c0e98fc469ca21ae50f27817) Importer(2089858483,192608db42251d675da83286b1cce702) (ScriptedImporter) -> (artifact id: 'e90b6678b5305837c727f65db04a77a4') in 0.001276875 seconds
Number of updated asset objects reloaded before import = 0Number of asset objects unloaded after import = 1

========================================================================
Received Import Request.
  Time since last request: 0.000055 seconds.
  path: Assets/SimplePoly City - Low Poly Assets/Prefab/Vehicles/Vehicle with Separated Wheels/Vehicle_Bus_color01_separate.prefab
  artifactKey: Guid(de535534204e83f4e84497ac553192eb) Importer(2089858483,192608db42251d675da83286b1cce702)
Start importing Assets/SimplePoly City - Low Poly Assets/Prefab/Vehicles/Vehicle with Separated Wheels/Vehicle_Bus_color01_separate.prefab using Guid(de535534204e83f4e84497ac553192eb) Importer(2089858483,192608db42251d675da83286b1cce702) (ScriptedImporter) -> (artifact id: 'b3f54a830b700d525b217a26ae229714') in 0.001846542 seconds
Number of updated asset objects reloaded before import = 0Number of asset objects unloaded after import = 29

========================================================================
Received Import Request.
  Time since last request: 0.000041 seconds.
  path: Assets/SimplePoly City - Low Poly Assets/Prefab/Vehicles/Vehicle with Separated Wheels/Vehicle_Bus_color02_separate.prefab
  artifactKey: Guid(3cfde9a41ff096140a1bfec6f262d0f0) Importer(2089858483,192608db42251d675da83286b1cce702)
Start importing Assets/SimplePoly City - Low Poly Assets/Prefab/Vehicles/Vehicle with Separated Wheels/Vehicle_Bus_color02_separate.prefab using Guid(3cfde9a41ff096140a1bfec6f262d0f0) Importer(2089858483,192608db42251d675da83286b1cce702) (ScriptedImporter) -> (artifact id: 'a19dc603b9e450b7320d3e6544b7c310') in 0.002545666 seconds
Number of updated asset objects reloaded before import = 0Number of asset objects unloaded after import = 29

========================================================================
Received Prepare
Begin MonoManager ReloadAssembly
[Licensing::Client] Successfully resolved entitlement details
Thread 0x16dd83000 may have been prematurely finalized
- Loaded All Assemblies, in  0.253 seconds
Refreshing native plugins compatible for Editor in 0.14 ms, found 1 plugins.
Native extension for OSXStandalone target not found
[Package Manager] Failed to launch server process. Reason: Unity was launched with the -noUpm command-line argument
[Package Manager] Unable to send message (not connected to server process).
[Package Manager] Cannot connect to Unity Package Manager local server
Mono: successfully reloaded assembly
- Finished resetting the current domain, in  0.279 seconds
Domain Reload Profiling: 534ms
	BeginReloadAssembly (78ms)
		ExecutionOrderSort (0ms)
		DisableScriptedObjects (3ms)
		BackupInstance (0ms)
		ReleaseScriptingObjects (0ms)
		CreateAndSetChildDomain (18ms)
	RebuildCommonClasses (18ms)
	RebuildNativeTypeToScriptingClass (6ms)
	initialDomainReloadingComplete (10ms)
	LoadAllAssembliesAndSetupDomain (141ms)
		LoadAssemblies (110ms)
		RebuildTransferFunctionScriptingTraits (0ms)
		AnalyzeDomain (59ms)
			TypeCache.Refresh (4ms)
				TypeCache.ScanAssembly (0ms)
			BuildScriptInfoCaches (51ms)
			ResolveRequiredComponents (2ms)
	FinalizeReload (280ms)
		ReleaseScriptCaches (0ms)
		RebuildScriptCaches (0ms)
		SetupLoadedEditorAssemblies (230ms)
			LogAssemblyErrors (0ms)
			InitializePlatformSupportModulesInManaged (1ms)
			SetLoadedEditorAssemblies (2ms)
			BeforeProcessingInitializeOnLoad (61ms)
			ProcessInitializeOnLoadAttributes (156ms)
			ProcessInitializeOnLoadMethodAttributes (10ms)
			AfterProcessingInitializeOnLoad (0ms)
			EditorAssembliesLoaded (0ms)
		ExecutionOrderSort2 (0ms)
		AwakeInstancesAfterBackupRestoration (1ms)
Refreshing native plugins compatible for Editor in 0.27 ms, found 1 plugins.
Preloading 0 native plugins for Editor in 0.00 ms.
Unloading 0 Unused Serialized files (Serialized files now loaded: 0)
Unloading 3445 unused Assets / (0.6 MB). Loaded Objects now: 3941.
Memory consumption went from 118.8 MB to 118.2 MB.
Total: 3.413042 ms (FindLiveObjects: 0.163958 ms CreateObjectMapping: 0.102167 ms MarkObjects: 2.774375 ms  DeleteObjects: 0.372250 ms)

Prepare: number of updated asset objects reloaded= 0
========================================================================
Received Prepare
Begin MonoManager ReloadAssembly
Thread 0x16bd47000 may have been prematurely finalized
- Loaded All Assemblies, in  0.224 seconds
Refreshing native plugins compatible for Editor in 0.14 ms, found 1 plugins.
Native extension for OSXStandalone target not found
[Package Manager] Failed to launch server process. Reason: Unity was launched with the -noUpm command-line argument
[Package Manager] Unable to send message (not connected to server process).
[Package Manager] Cannot connect to Unity Package Manager local server
Mono: successfully reloaded assembly
- Finished resetting the current domain, in  0.267 seconds
Domain Reload Profiling: 492ms
	BeginReloadAssembly (65ms)
		ExecutionOrderSort (0ms)
		DisableScriptedObjects (3ms)
		BackupInstance (0ms)
		ReleaseScriptingObjects (0ms)
		CreateAndSetChildDomain (15ms)
	RebuildCommonClasses (16ms)
	RebuildNativeTypeToScriptingClass (6ms)
	initialDomainReloadingComplete (8ms)
	LoadAllAssembliesAndSetupDomain (129ms)
		LoadAssemblies (91ms)
		RebuildTransferFunctionScriptingTraits (0ms)
		AnalyzeDomain (59ms)
			TypeCache.Refresh (3ms)
				TypeCache.ScanAssembly (0ms)
			BuildScriptInfoCaches (52ms)
			ResolveRequiredComponents (2ms)
	FinalizeReload (268ms)
		ReleaseScriptCaches (0ms)
		RebuildScriptCaches (0ms)
		SetupLoadedEditorAssemblies (217ms)
			LogAssemblyErrors (0ms)
			InitializePlatformSupportModulesInManaged (1ms)
			SetLoadedEditorAssemblies (2ms)
			BeforeProcessingInitializeOnLoad (60ms)
			ProcessInitializeOnLoadAttributes (143ms)
			ProcessInitializeOnLoadMethodAttributes (10ms)
			AfterProcessingInitializeOnLoad (0ms)
			EditorAssembliesLoaded (0ms)
		ExecutionOrderSort2 (0ms)
		AwakeInstancesAfterBackupRestoration (1ms)
Refreshing native plugins compatible for Editor in 0.21 ms, found 1 plugins.
Preloading 0 native plugins for Editor in 0.00 ms.
Unloading 0 Unused Serialized files (Serialized files now loaded: 0)
Unloading 3444 unused Assets / (0.7 MB). Loaded Objects now: 3942.
Memory consumption went from 121.8 MB to 121.1 MB.
Total: 3.228292 ms (FindLiveObjects: 0.157625 ms CreateObjectMapping: 0.058083 ms MarkObjects: 2.618583 ms  DeleteObjects: 0.393458 ms)

Prepare: number of updated asset objects reloaded= 0
========================================================================
Received Prepare
Begin MonoManager ReloadAssembly
[Licensing::Client] Successfully resolved entitlement details
Thread 0x16bd47000 may have been prematurely finalized
- Loaded All Assemblies, in  0.413 seconds
Refreshing native plugins compatible for Editor in 0.16 ms, found 1 plugins.
Native extension for OSXStandalone target not found
[Package Manager] Failed to launch server process. Reason: Unity was launched with the -noUpm command-line argument
[Package Manager] Unable to send message (not connected to server process).
[Package Manager] Cannot connect to Unity Package Manager local server
Mono: successfully reloaded assembly
- Finished resetting the current domain, in  0.271 seconds
Domain Reload Profiling: 685ms
	BeginReloadAssembly (150ms)
		ExecutionOrderSort (0ms)
		DisableScriptedObjects (9ms)
		BackupInstance (0ms)
		ReleaseScriptingObjects (0ms)
		CreateAndSetChildDomain (46ms)
	RebuildCommonClasses (18ms)
	RebuildNativeTypeToScriptingClass (6ms)
	initialDomainReloadingComplete (11ms)
	LoadAllAssembliesAndSetupDomain (230ms)
		LoadAssemblies (170ms)
		RebuildTransferFunctionScriptingTraits (0ms)
		AnalyzeDomain (110ms)
			TypeCache.Refresh (9ms)
				TypeCache.ScanAssembly (0ms)
			BuildScriptInfoCaches (96ms)
			ResolveRequiredComponents (2ms)
	FinalizeReload (271ms)
		ReleaseScriptCaches (0ms)
		RebuildScriptCaches (0ms)
		SetupLoadedEditorAssemblies (218ms)
			LogAssemblyErrors (0ms)
			InitializePlatformSupportModulesInManaged (1ms)
			SetLoadedEditorAssemblies (2ms)
			BeforeProcessingInitializeOnLoad (59ms)
			ProcessInitializeOnLoadAttributes (145ms)
			ProcessInitializeOnLoadMethodAttributes (10ms)
			AfterProcessingInitializeOnLoad (1ms)
			EditorAssembliesLoaded (0ms)
		ExecutionOrderSort2 (0ms)
		AwakeInstancesAfterBackupRestoration (1ms)
Refreshing native plugins compatible for Editor in 0.18 ms, found 1 plugins.
Preloading 0 native plugins for Editor in 0.00 ms.
Unloading 0 Unused Serialized files (Serialized files now loaded: 0)
Unloading 3444 unused Assets / (0.6 MB). Loaded Objects now: 3943.
Memory consumption went from 124.8 MB to 124.2 MB.
Total: 3.063584 ms (FindLiveObjects: 0.147375 ms CreateObjectMapping: 0.060000 ms MarkObjects: 2.546125 ms  DeleteObjects: 0.309959 ms)

Prepare: number of updated asset objects reloaded= 0
========================================================================
Received Prepare
Begin MonoManager ReloadAssembly
Thread 0x16bd47000 may have been prematurely finalized
- Loaded All Assemblies, in  0.240 seconds
Refreshing native plugins compatible for Editor in 0.23 ms, found 1 plugins.
Native extension for OSXStandalone target not found
[Package Manager] Failed to launch server process. Reason: Unity was launched with the -noUpm command-line argument
[Package Manager] Unable to send message (not connected to server process).
[Package Manager] Cannot connect to Unity Package Manager local server
Mono: successfully reloaded assembly
- Finished resetting the current domain, in  0.281 seconds
Domain Reload Profiling: 522ms
	BeginReloadAssembly (69ms)
		ExecutionOrderSort (0ms)
		DisableScriptedObjects (3ms)
		BackupInstance (0ms)
		ReleaseScriptingObjects (0ms)
		CreateAndSetChildDomain (16ms)
	RebuildCommonClasses (17ms)
	RebuildNativeTypeToScriptingClass (6ms)
	initialDomainReloadingComplete (9ms)
	LoadAllAssembliesAndSetupDomain (139ms)
		LoadAssemblies (100ms)
		RebuildTransferFunctionScriptingTraits (0ms)
		AnalyzeDomain (61ms)
			TypeCache.Refresh (4ms)
				TypeCache.ScanAssembly (0ms)
			BuildScriptInfoCaches (54ms)
			ResolveRequiredComponents (2ms)
	FinalizeReload (281ms)
		ReleaseScriptCaches (0ms)
		RebuildScriptCaches (0ms)
		SetupLoadedEditorAssemblies (229ms)
			LogAssemblyErrors (0ms)
			InitializePlatformSupportModulesInManaged (1ms)
			SetLoadedEditorAssemblies (2ms)
			BeforeProcessingInitializeOnLoad (59ms)
			ProcessInitializeOnLoadAttributes (156ms)
			ProcessInitializeOnLoadMethodAttributes (10ms)
			AfterProcessingInitializeOnLoad (1ms)
			EditorAssembliesLoaded (0ms)
		ExecutionOrderSort2 (0ms)
		AwakeInstancesAfterBackupRestoration (2ms)
Refreshing native plugins compatible for Editor in 0.17 ms, found 1 plugins.
Preloading 0 native plugins for Editor in 0.00 ms.
Unloading 0 Unused Serialized files (Serialized files now loaded: 0)
Unloading 3444 unused Assets / (0.7 MB). Loaded Objects now: 3944.
Memory consumption went from 127.9 MB to 127.2 MB.
Total: 3.291208 ms (FindLiveObjects: 0.160667 ms CreateObjectMapping: 0.063167 ms MarkObjects: 2.683000 ms  DeleteObjects: 0.384208 ms)

Prepare: number of updated asset objects reloaded= 0
========================================================================
Received Prepare
Begin MonoManager ReloadAssembly
[Licensing::Client] Successfully resolved entitlement details
Thread 0x16bd47000 may have been prematurely finalized
- Loaded All Assemblies, in  0.287 seconds
Refreshing native plugins compatible for Editor in 0.19 ms, found 1 plugins.
Native extension for OSXStandalone target not found
[Package Manager] Failed to launch server process. Reason: Unity was launched with the -noUpm command-line argument
[Package Manager] Unable to send message (not connected to server process).
[Package Manager] Cannot connect to Unity Package Manager local server
Mono: successfully reloaded assembly
- Finished resetting the current domain, in  0.294 seconds
Domain Reload Profiling: 582ms
	BeginReloadAssembly (102ms)
		ExecutionOrderSort (0ms)
		DisableScriptedObjects (6ms)
		BackupInstance (0ms)
		ReleaseScriptingObjects (0ms)
		CreateAndSetChildDomain (29ms)
	RebuildCommonClasses (16ms)
	RebuildNativeTypeToScriptingClass (6ms)
	initialDomainReloadingComplete (9ms)
	LoadAllAssembliesAndSetupDomain (155ms)
		LoadAssemblies (121ms)
		RebuildTransferFunctionScriptingTraits (0ms)
		AnalyzeDomain (64ms)
			TypeCache.Refresh (7ms)
				TypeCache.ScanAssembly (0ms)
			BuildScriptInfoCaches (52ms)
			ResolveRequiredComponents (2ms)
	FinalizeReload (294ms)
		ReleaseScriptCaches (0ms)
		RebuildScriptCaches (0ms)
		SetupLoadedEditorAssemblies (241ms)
			LogAssemblyErrors (0ms)
			InitializePlatformSupportModulesInManaged (1ms)
			SetLoadedEditorAssemblies (2ms)
			BeforeProcessingInitializeOnLoad (61ms)
			ProcessInitializeOnLoadAttributes (166ms)
			ProcessInitializeOnLoadMethodAttributes (10ms)
			AfterProcessingInitializeOnLoad (1ms)
			EditorAssembliesLoaded (0ms)
		ExecutionOrderSort2 (0ms)
		AwakeInstancesAfterBackupRestoration (2ms)
Refreshing native plugins compatible for Editor in 0.22 ms, found 1 plugins.
Preloading 0 native plugins for Editor in 0.00 ms.
Unloading 0 Unused Serialized files (Serialized files now loaded: 0)
Unloading 3444 unused Assets / (0.7 MB). Loaded Objects now: 3945.
Memory consumption went from 131.0 MB to 130.2 MB.
Total: 2.840583 ms (FindLiveObjects: 0.139208 ms CreateObjectMapping: 0.058167 ms MarkObjects: 2.355416 ms  DeleteObjects: 0.287417 ms)

Prepare: number of updated asset objects reloaded= 0
========================================================================
Received Prepare
Begin MonoManager ReloadAssembly
Thread 0x16bd47000 may have been prematurely finalized
- Loaded All Assemblies, in  0.242 seconds
Refreshing native plugins compatible for Editor in 0.16 ms, found 1 plugins.
Native extension for OSXStandalone target not found
[Package Manager] Failed to launch server process. Reason: Unity was launched with the -noUpm command-line argument
[Package Manager] Unable to send message (not connected to server process).
[Package Manager] Cannot connect to Unity Package Manager local server
Mono: successfully reloaded assembly
- Finished resetting the current domain, in  0.290 seconds
Domain Reload Profiling: 533ms
	BeginReloadAssembly (71ms)
		ExecutionOrderSort (0ms)
		DisableScriptedObjects (3ms)
		BackupInstance (0ms)
		ReleaseScriptingObjects (0ms)
		CreateAndSetChildDomain (17ms)
	RebuildCommonClasses (16ms)
	RebuildNativeTypeToScriptingClass (6ms)
	initialDomainReloadingComplete (8ms)
	LoadAllAssembliesAndSetupDomain (141ms)
		LoadAssemblies (105ms)
		RebuildTransferFunctionScriptingTraits (0ms)
		AnalyzeDomain (61ms)
			TypeCache.Refresh (4ms)
				TypeCache.ScanAssembly (0ms)
			BuildScriptInfoCaches (53ms)
			ResolveRequiredComponents (2ms)
	FinalizeReload (290ms)
		ReleaseScriptCaches (0ms)
		RebuildScriptCaches (0ms)
		SetupLoadedEditorAssemblies (237ms)
			LogAssemblyErrors (0ms)
			InitializePlatformSupportModulesInManaged (1ms)
			SetLoadedEditorAssemblies (2ms)
			BeforeProcessingInitializeOnLoad (64ms)
			ProcessInitializeOnLoadAttributes (159ms)
			ProcessInitializeOnLoadMethodAttributes (10ms)
			AfterProcessingInitializeOnLoad (1ms)
			EditorAssembliesLoaded (0ms)
		ExecutionOrderSort2 (0ms)
		AwakeInstancesAfterBackupRestoration (1ms)
Refreshing native plugins compatible for Editor in 0.24 ms, found 1 plugins.
Preloading 0 native plugins for Editor in 0.00 ms.
Unloading 0 Unused Serialized files (Serialized files now loaded: 0)
Unloading 3444 unused Assets / (0.7 MB). Loaded Objects now: 3946.
Memory consumption went from 134.0 MB to 133.3 MB.
Total: 3.233250 ms (FindLiveObjects: 0.166458 ms CreateObjectMapping: 0.061542 ms MarkObjects: 2.582166 ms  DeleteObjects: 0.422708 ms)

Prepare: number of updated asset objects reloaded= 0
========================================================================
Received Prepare
Begin MonoManager ReloadAssembly
[Licensing::Client] Successfully resolved entitlement details
Thread 0x16bd47000 may have been prematurely finalized
- Loaded All Assemblies, in  0.237 seconds
Refreshing native plugins compatible for Editor in 0.19 ms, found 1 plugins.
Native extension for OSXStandalone target not found
[Package Manager] Failed to launch server process. Reason: Unity was launched with the -noUpm command-line argument
[Package Manager] Unable to send message (not connected to server process).
[Package Manager] Cannot connect to Unity Package Manager local server
Mono: successfully reloaded assembly
- Finished resetting the current domain, in  0.289 seconds
Domain Reload Profiling: 527ms
	BeginReloadAssembly (70ms)
		ExecutionOrderSort (0ms)
		DisableScriptedObjects (3ms)
		BackupInstance (0ms)
		ReleaseScriptingObjects (0ms)
		CreateAndSetChildDomain (17ms)
	RebuildCommonClasses (18ms)
	RebuildNativeTypeToScriptingClass (6ms)
	initialDomainReloadingComplete (9ms)
	LoadAllAssembliesAndSetupDomain (135ms)
		LoadAssemblies (97ms)
		RebuildTransferFunctionScriptingTraits (0ms)
		AnalyzeDomain (61ms)
			TypeCache.Refresh (3ms)
				TypeCache.ScanAssembly (0ms)
			BuildScriptInfoCaches (53ms)
			ResolveRequiredComponents (2ms)
	FinalizeReload (289ms)
		ReleaseScriptCaches (0ms)
		RebuildScriptCaches (0ms)
		SetupLoadedEditorAssemblies (236ms)
			LogAssemblyErrors (0ms)
			InitializePlatformSupportModulesInManaged (1ms)
			SetLoadedEditorAssemblies (2ms)
			BeforeProcessingInitializeOnLoad (63ms)
			ProcessInitializeOnLoadAttributes (159ms)
			ProcessInitializeOnLoadMethodAttributes (11ms)
			AfterProcessingInitializeOnLoad (0ms)
			EditorAssembliesLoaded (0ms)
		ExecutionOrderSort2 (0ms)
		AwakeInstancesAfterBackupRestoration (2ms)
Refreshing native plugins compatible for Editor in 0.25 ms, found 1 plugins.
Preloading 0 native plugins for Editor in 0.00 ms.
Unloading 0 Unused Serialized files (Serialized files now loaded: 0)
Unloading 3444 unused Assets / (440.2 KB). Loaded Objects now: 3947.
Memory consumption went from 137.0 MB to 136.6 MB.
Total: 2.791333 ms (FindLiveObjects: 0.143125 ms CreateObjectMapping: 0.057458 ms MarkObjects: 2.338958 ms  DeleteObjects: 0.251416 ms)

Prepare: number of updated asset objects reloaded= 0
========================================================================
Received Prepare
Begin MonoManager ReloadAssembly
[Licensing::Client] Successfully resolved entitlement details
Thread 0x16bd47000 may have been prematurely finalized
- Loaded All Assemblies, in  0.238 seconds
Refreshing native plugins compatible for Editor in 0.15 ms, found 1 plugins.
Native extension for OSXStandalone target not found
[Package Manager] Failed to launch server process. Reason: Unity was launched with the -noUpm command-line argument
[Package Manager] Unable to send message (not connected to server process).
[Package Manager] Cannot connect to Unity Package Manager local server
Mono: successfully reloaded assembly
- Finished resetting the current domain, in  0.285 seconds
Domain Reload Profiling: 525ms
	BeginReloadAssembly (71ms)
		ExecutionOrderSort (0ms)
		DisableScriptedObjects (3ms)
		BackupInstance (0ms)
		ReleaseScriptingObjects (0ms)
		CreateAndSetChildDomain (18ms)
	RebuildCommonClasses (18ms)
	RebuildNativeTypeToScriptingClass (7ms)
	initialDomainReloadingComplete (9ms)
	LoadAllAssembliesAndSetupDomain (134ms)
		LoadAssemblies (98ms)
		RebuildTransferFunctionScriptingTraits (0ms)
		AnalyzeDomain (60ms)
			TypeCache.Refresh (4ms)
				TypeCache.ScanAssembly (0ms)
			BuildScriptInfoCaches (53ms)
			ResolveRequiredComponents (2ms)
	FinalizeReload (286ms)
		ReleaseScriptCaches (0ms)
		RebuildScriptCaches (0ms)
		SetupLoadedEditorAssemblies (235ms)
			LogAssemblyErrors (0ms)
			InitializePlatformSupportModulesInManaged (1ms)
			SetLoadedEditorAssemblies (2ms)
			BeforeProcessingInitializeOnLoad (61ms)
			ProcessInitializeOnLoadAttributes (159ms)
			ProcessInitializeOnLoadMethodAttributes (10ms)
			AfterProcessingInitializeOnLoad (1ms)
			EditorAssembliesLoaded (0ms)
		ExecutionOrderSort2 (0ms)
		AwakeInstancesAfterBackupRestoration (2ms)
Refreshing native plugins compatible for Editor in 0.25 ms, found 1 plugins.
Preloading 0 native plugins for Editor in 0.00 ms.
Unloading 0 Unused Serialized files (Serialized files now loaded: 0)
Unloading 3444 unused Assets / (0.7 MB). Loaded Objects now: 3948.
Memory consumption went from 140.0 MB to 139.3 MB.
Total: 3.156000 ms (FindLiveObjects: 0.161792 ms CreateObjectMapping: 0.055166 ms MarkObjects: 2.585084 ms  DeleteObjects: 0.353667 ms)

Prepare: number of updated asset objects reloaded= 0
========================================================================
Received Prepare
Begin MonoManager ReloadAssembly
Thread 0x16bd47000 may have been prematurely finalized
- Loaded All Assemblies, in  0.278 seconds
Refreshing native plugins compatible for Editor in 0.15 ms, found 1 plugins.
Native extension for OSXStandalone target not found
[Package Manager] Failed to launch server process. Reason: Unity was launched with the -noUpm command-line argument
[Package Manager] Unable to send message (not connected to server process).
[Package Manager] Cannot connect to Unity Package Manager local server
Mono: successfully reloaded assembly
- Finished resetting the current domain, in  0.298 seconds
Domain Reload Profiling: 577ms
	BeginReloadAssembly (83ms)
		ExecutionOrderSort (0ms)
		DisableScriptedObjects (3ms)
		BackupInstance (0ms)
		ReleaseScriptingObjects (0ms)
		CreateAndSetChildDomain (16ms)
	RebuildCommonClasses (18ms)
	RebuildNativeTypeToScriptingClass (6ms)
	initialDomainReloadingComplete (9ms)
	LoadAllAssembliesAndSetupDomain (161ms)
		LoadAssemblies (134ms)
		RebuildTransferFunctionScriptingTraits (0ms)
		AnalyzeDomain (65ms)
			TypeCache.Refresh (5ms)
				TypeCache.ScanAssembly (0ms)
			BuildScriptInfoCaches (56ms)
			ResolveRequiredComponents (2ms)
	FinalizeReload (298ms)
		ReleaseScriptCaches (0ms)
		RebuildScriptCaches (0ms)
		SetupLoadedEditorAssemblies (242ms)
			LogAssemblyErrors (0ms)
			InitializePlatformSupportModulesInManaged (1ms)
			SetLoadedEditorAssemblies (2ms)
			BeforeProcessingInitializeOnLoad (66ms)
			ProcessInitializeOnLoadAttributes (162ms)
			ProcessInitializeOnLoadMethodAttributes (11ms)
			AfterProcessingInitializeOnLoad (1ms)
			EditorAssembliesLoaded (0ms)
		ExecutionOrderSort2 (0ms)
		AwakeInstancesAfterBackupRestoration (2ms)
Refreshing native plugins compatible for Editor in 0.29 ms, found 1 plugins.
Preloading 0 native plugins for Editor in 0.00 ms.
Unloading 0 Unused Serialized files (Serialized files now loaded: 0)
Unloading 3444 unused Assets / (0.7 MB). Loaded Objects now: 3949.
Memory consumption went from 143.1 MB to 142.4 MB.
Total: 3.282625 ms (FindLiveObjects: 0.155250 ms CreateObjectMapping: 0.066083 ms MarkObjects: 2.648667 ms  DeleteObjects: 0.412292 ms)

Prepare: number of updated asset objects reloaded= 0
