{"cameraMode":{"drawMode":0,"name":"Shaded","section":"Shading Mode"},"sceneLighting":true,"audioPlay":false,"sceneViewState":{"m_AlwaysRefresh":false,"showFog":true,"showSkybox":true,"showFlares":true,"showImageEffects":true,"showParticleSystems":true,"showVisualEffectGraphs":true,"m_FxEnabled":true},"in2DMode":false,"pivot":{"x":0.9141339659690857,"y":3.093071937561035,"z":1.6861217021942139},"rotation":{"x":-0.029460467398166658,"y":0.9705328941345215,"z":-0.170907661318779,"w":-0.16729706525802613},"size":0.6040338277816773,"orthographic":false}