{"cameraMode":{"drawMode":0,"name":"Shaded","section":"Shading Mode"},"sceneLighting":true,"audioPlay":false,"sceneViewState":{"m_AlwaysRefresh":false,"showFog":true,"showSkybox":true,"showFlares":true,"showImageEffects":true,"showParticleSystems":true,"showVisualEffectGraphs":true,"m_FxEnabled":true},"in2DMode":false,"pivot":{"x":-0.09608905017375946,"y":3.9289090633392336,"z":-28.551952362060548},"rotation":{"x":-0.013779688626527787,"y":0.764204740524292,"z":-0.016248594969511033,"w":-0.6446791887283325},"size":85.27067565917969,"orthographic":false}